{
  "M": 2,
  "N": 32,
  "physical_error_rate": 0.3,
  "noise_type": "depolarizing",
  "logical_error_evolution": [
    0.38249999999999995,
    0.30157072181528943,
    0.21861646855515907,
    0.1442045987967351,
    0.08689400343809106,
    0.048691314927139656
  ],
  "fidelity_evolution": [
    0.7858116822750855,
    0.8357208135404494,
    0.8839590100478872,
    0.9250921041730196,
    0.9555657991796843,
    0.9753505447134688
  ],
  "purity_evolution": [
    0.4300749999999999,
    0.5181184233776808,
    0.626491276654387,
    0.7393174241586994,
    0.8362794169018163,
    0.9057784956781657
  ],
  "success_probabilities": [
    0.7150375,
    0.7150375,
    0.7150375,
    0.7150375,
    0.7150375,
    0.7150375,
    0.7150375,
    0.7150375,
    0.7150375,
    0.7150375,
    0.7150375,
    0.7150375,
    0.7150375,
    0.7150375,
    0.7150375,
    0.7150375,
    0.7590592116888404,
    0.7590592116888404,
    0.7590592116888404,
    0.7590592116888404,
    0.7590592116888404,
    0.7590592116888404,
    0.7590592116888404,
    0.7590592116888404,
    0.8132456383271935,
    0.8132456383271935,
    0.8132456383271935,
    0.8132456383271935,
    0.8696587120793497,
    0.8696587120793497,
    0.9181397084509082
  ],
  "amplification_iterations": [
    0,
    0,
    0,
    0,
    0,
    0,
    0,
    0,
    0,
    0,
    0,
    0,
    0,
    0,
    0,
    0,
    0,
    0,
    0,
    0,
    0,
    0,
    0,
    0,
    0,
    0,
    0,
    0,
    0,
    0,
    0
  ],
  "final_logical_error": 0.048691314927139656,
  "initial_logical_error": 0.38249999999999995,
  "error_reduction_ratio": 0.127297555365071,
  "timestamp": "2025-09-09T15:33:19.998798"
}