{
  "M": 2,
  "N": 32,
  "physical_error_rate": 0.9,
  "noise_type": "depolarizing",
  "logical_error_evolution": [
    0.7425,
    0.7409705417674939,
    0.7391221128711695,
    0.7368850822757063,
    0.7341732685241724,
    0.7308794387168958
  ],
  "fidelity_evolution": [
    0.507444578254611,
    0.508949367061701,
    0.5107620650839592,
    0.5129472855219078,
    0.5155838743364919,
    0.5187683117569
  ],
  "purity_evolution": [
    0.250075,
    0.2501087081546301,
    0.2501577712378501,
    0.2502293347558866,
    0.25033398057227724,
    0.25048746115170784
  ],
  "success_probabilities": [
    0.6250375,
    0.6250375,
    0.6250375,
    0.6250375,
    0.6250375,
    0.6250375,
    0.6250375,
    0.6250375,
    0.6250375,
    0.6250375,
    0.6250375,
    0.6250375,
    0.6250375,
    0.6250375,
    0.6250375,
    0.6250375,
    0.625054354077315,
    0.625054354077315,
    0.625054354077315,
    0.625054354077315,
    0.625054354077315,
    0.625054354077315,
    0.625054354077315,
    0.625054354077315,
    0.6250788856189251,
    0.6250788856189251,
    0.6250788856189251,
    0.6250788856189251,
    0.6251146673779433,
    0.6251146673779433,
    0.6251669902861386
  ],
  "amplification_iterations": [
    0,
    0,
    0,
    0,
    0,
    0,
    0,
    0,
    0,
    0,
    0,
    0,
    0,
    0,
    0,
    0,
    0,
    0,
    0,
    0,
    0,
    0,
    0,
    0,
    0,
    0,
    0,
    0,
    0,
    0,
    0
  ],
  "final_logical_error": 0.7308794387168958,
  "initial_logical_error": 0.7425,
  "error_reduction_ratio": 0.9843494124133275,
  "timestamp": "2025-09-09T18:51:37.818251"
}