{
  "M": 2,
  "N": 32,
  "physical_error_rate": 0.6,
  "noise_type": "depolarizing",
  "logical_error_evolution": [
    0.63,
    0.6006145603529782,
    0.5632802301652975,
    0.5160425380345584,
    0.45715619652407985,
    0.38613457219775393
  ],
  "fidelity_evolution": [
    0.6082762530298219,
    0.6319694926553193,
    0.6608477660056834,
    0.6956705125024645,
    0.7367793451746052,
    0.7834956463199052
  ],
  "purity_evolution": [
    0.2692,
    0.2797546794380453,
    0.29648569659616564,
    0.3229814586790813,
    0.36434332431232436,
    0.4265307327329487
  ],
  "success_probabilities": [
    0.6346,
    0.6346,
    0.6346,
    0.6346,
    0.6346,
    0.6346,
    0.6346,
    0.6346,
    0.6346,
    0.6346,
    0.6346,
    0.6346,
    0.6346,
    0.6346,
    0.6346,
    0.6346,
    0.6398773397190226,
    0.6398773397190226,
    0.6398773397190226,
    0.6398773397190226,
    0.6398773397190226,
    0.6398773397190226,
    0.6398773397190226,
    0.6398773397190226,
    0.6482428482980829,
    0.6482428482980829,
    0.6482428482980829,
    0.6482428482980829,
    0.6614907293395407,
    0.6614907293395407,
    0.6821716621561622
  ],
  "amplification_iterations": [
    0,
    0,
    0,
    0,
    0,
    0,
    0,
    0,
    0,
    0,
    0,
    0,
    0,
    0,
    0,
    0,
    0,
    0,
    0,
    0,
    0,
    0,
    0,
    0,
    0,
    0,
    0,
    0,
    0,
    0,
    0
  ],
  "final_logical_error": 0.38613457219775393,
  "initial_logical_error": 0.63,
  "error_reduction_ratio": 0.6129120193615142,
  "timestamp": "2025-09-09T15:32:31.115382"
}