{
  "M": 1,
  "N": 64,
  "physical_error_rate": 0.01,
  "noise_type": "dephasing_x",
  "logical_error_evolution": [
    0.010000000000000005,
    0.005100494899505124,
    0.0025763285009307284,
    0.0012948102470180937,
    0.0006490827410722399,
    0.00032496281558402743,
    0.00016258702577610646
  ],
  "fidelity_evolution": [
    0.99498743710662,
    0.997446492349587,
    0.9987110049954738,
    0.9993523851740096,
    0.9996754059488149,
    0.9998375053899589,
    0.9999187031825257
  ],
  "purity_evolution": [
    0.9802,
    0.9898510402974294,
    0.994860617935228,
    0.9974137325731154,
    0.998702677134665,
    0.999350285570495,
    0.9996748788175298
  ],
  "success_probabilities": [
    0.9901,
    0.9901,
    0.9901,
    0.9901,
    0.9901,
    0.9901,
    0.9901,
    0.9901,
    0.9901,
    0.9901,
    0.9901,
    0.9901,
    0.9901,
    0.9901,
    0.9901,
    0.9901,
    0.9901,
    0.9901,
    0.9901,
    0.9901,
    0.9901,
    0.9901,
    0.9901,
    0.9901,
    0.9901,
    0.9901,
    0.9901,
    0.9901,
    0.9901,
    0.9901,
    0.9901,
    0.9901,
    0.9949255201487147,
    0.9949255201487147,
    0.9949255201487147,
    0.9949255201487147,
    0.9949255201487147,
    0.9949255201487147,
    0.9949255201487147,
    0.9949255201487147,
    0.9949255201487147,
    0.9949255201487147,
    0.9949255201487147,
    0.9949255201487147,
    0.9949255201487147,
    0.9949255201487147,
    0.9949255201487147,
    0.9949255201487147,
    0.997430308967614,
    0.997430308967614,
    0.997430308967614,
    0.997430308967614,
    0.997430308967614,
    0.997430308967614,
    0.997430308967614,
    0.997430308967614,
    0.9987068662865577,
    0.9987068662865577,
    0.9987068662865577,
    0.9987068662865577,
    0.9993513385673325,
    0.9993513385673325,
    0.9996751427852475
  ],
  "amplification_iterations": [
    0,
    0,
    0,
    0,
    0,
    0,
    0,
    0,
    0,
    0,
    0,
    0,
    0,
    0,
    0,
    0,
    0,
    0,
    0,
    0,
    0,
    0,
    0,
    0,
    0,
    0,
    0,
    0,
    0,
    0,
    0,
    0,
    0,
    0,
    0,
    0,
    0,
    0,
    0,
    0,
    0,
    0,
    0,
    0,
    0,
    0,
    0,
    0,
    0,
    0,
    0,
    0,
    0,
    0,
    0,
    0,
    0,
    0,
    0,
    0,
    0,
    0,
    0
  ],
  "final_logical_error": 0.00016258702577610646,
  "initial_logical_error": 0.010000000000000005,
  "error_reduction_ratio": 0.016258702577610636,
  "timestamp": "2025-09-09T18:51:37.941365"
}