{
  "M": 1,
  "N": 64,
  "physical_error_rate": 0.7,
  "noise_type": "dephasing_x",
  "logical_error_evolution": [
    0.7,
    0.7531645569620253,
    0.8109777099837622,
    0.8672789524529967,
    0.9150542589988935,
    0.9500355014655613,
    0.9724623675320404
  ],
  "fidelity_evolution": [
    0.5477225575051662,
    0.49682536472887,
    0.43476693758407825,
    0.364309000090587,
    0.29145452647215236,
    0.22352739996349147,
    0.16594466688616297
  ],
  "purity_evolution": [
    0.58,
    0.6281845858035571,
    0.6934142722134897,
    0.7697876578299412,
    0.8445400758262409,
    0.9050639051587186,
    0.9464413774679616
  ],
  "success_probabilities": [
    0.79,
    0.79,
    0.79,
    0.79,
    0.79,
    0.79,
    0.79,
    0.79,
    0.79,
    0.79,
    0.79,
    0.79,
    0.79,
    0.79,
    0.79,
    0.79,
    0.79,
    0.79,
    0.79,
    0.79,
    0.79,
    0.79,
    0.79,
    0.79,
    0.79,
    0.79,
    0.79,
    0.79,
    0.79,
    0.79,
    0.79,
    0.79,
    0.8140922929017785,
    0.8140922929017785,
    0.8140922929017785,
    0.8140922929017785,
    0.8140922929017785,
    0.8140922929017785,
    0.8140922929017785,
    0.8140922929017785,
    0.8140922929017785,
    0.8140922929017785,
    0.8140922929017785,
    0.8140922929017785,
    0.8140922929017785,
    0.8140922929017785,
    0.8140922929017785,
    0.8140922929017785,
    0.8467071361067449,
    0.8467071361067449,
    0.8467071361067449,
    0.8467071361067449,
    0.8467071361067449,
    0.8467071361067449,
    0.8467071361067449,
    0.8467071361067449,
    0.8848938289149706,
    0.8848938289149706,
    0.8848938289149706,
    0.8848938289149706,
    0.9222700379131205,
    0.9222700379131205,
    0.9525319525793593
  ],
  "amplification_iterations": [
    0,
    0,
    0,
    0,
    0,
    0,
    0,
    0,
    0,
    0,
    0,
    0,
    0,
    0,
    0,
    0,
    0,
    0,
    0,
    0,
    0,
    0,
    0,
    0,
    0,
    0,
    0,
    0,
    0,
    0,
    0,
    0,
    0,
    0,
    0,
    0,
    0,
    0,
    0,
    0,
    0,
    0,
    0,
    0,
    0,
    0,
    0,
    0,
    0,
    0,
    0,
    0,
    0,
    0,
    0,
    0,
    0,
    0,
    0,
    0,
    0,
    0,
    0
  ],
  "final_logical_error": 0.9724623675320404,
  "initial_logical_error": 0.7,
  "error_reduction_ratio": 1.3892319536172006,
  "timestamp": "2025-09-09T16:11:25.395137"
}