{
  "M": 1,
  "N": 64,
  "physical_error_rate": 0.5,
  "noise_type": "depolarizing",
  "logical_error_evolution": [
    0.25,
    0.1923076923076923,
    0.13572679509632224,
    0.08731700282927327,
    0.05158128504231455,
    0.02851597732378479,
    0.015082393932659283
  ],
  "fidelity_evolution": [
    0.8660254037844386,
    0.8987170342729172,
    0.9296629523131906,
    0.9553444390222443,
    0.9738679145334266,
    0.985638890606603,
    0.9924301517322721
  ],
  "purity_evolution": [
    0.625,
    0.6893491124260356,
    0.7653899356215936,
    0.8406145123076281,
    0.9021586878486039,
    0.9445943672778918,
    0.9702901693481611
  ],
  "success_probabilities": [
    0.8125,
    0.8125,
    0.8125,
    0.8125,
    0.8125,
    0.8125,
    0.8125,
    0.8125,
    0.8125,
    0.8125,
    0.8125,
    0.8125,
    0.8125,
    0.8125,
    0.8125,
    0.8125,
    0.8125,
    0.8125,
    0.8125,
    0.8125,
    0.8125,
    0.8125,
    0.8125,
    0.8125,
    0.8125,
    0.8125,
    0.8125,
    0.8125,
    0.8125,
    0.8125,
    0.8125,
    0.8125,
    0.8446745562130178,
    0.8446745562130178,
    0.8446745562130178,
    0.8446745562130178,
    0.8446745562130178,
    0.8446745562130178,
    0.8446745562130178,
    0.8446745562130178,
    0.8446745562130178,
    0.8446745562130178,
    0.8446745562130178,
    0.8446745562130178,
    0.8446745562130178,
    0.8446745562130178,
    0.8446745562130178,
    0.8446745562130178,
    0.8826949678107968,
    0.8826949678107968,
    0.8826949678107968,
    0.8826949678107968,
    0.8826949678107968,
    0.8826949678107968,
    0.8826949678107968,
    0.8826949678107968,
    0.920307256153814,
    0.920307256153814,
    0.920307256153814,
    0.920307256153814,
    0.9510793439243019,
    0.9510793439243019,
    0.9722971836389459
  ],
  "amplification_iterations": [
    0,
    0,
    0,
    0,
    0,
    0,
    0,
    0,
    0,
    0,
    0,
    0,
    0,
    0,
    0,
    0,
    0,
    0,
    0,
    0,
    0,
    0,
    0,
    0,
    0,
    0,
    0,
    0,
    0,
    0,
    0,
    0,
    0,
    0,
    0,
    0,
    0,
    0,
    0,
    0,
    0,
    0,
    0,
    0,
    0,
    0,
    0,
    0,
    0,
    0,
    0,
    0,
    0,
    0,
    0,
    0,
    0,
    0,
    0,
    0,
    0,
    0,
    0
  ],
  "final_logical_error": 0.015082393932659283,
  "initial_logical_error": 0.25,
  "error_reduction_ratio": 0.06032957573063713,
  "timestamp": "2025-09-09T15:32:30.947328"
}