{
  "M": 1,
  "N": 64,
  "physical_error_rate": 0.2,
  "noise_type": "dephasing_x",
  "logical_error_evolution": [
    0.19999999999999998,
    0.14285714285714282,
    0.09302325581395346,
    0.05552274069698753,
    0.030924433981125474,
    0.016432838465105012,
    0.008488638491187974
  ],
  "fidelity_evolution": [
    0.8944271909999159,
    0.9258200997725515,
    0.9523532664857335,
    0.9718421987663494,
    0.984416358061402,
    0.9917495457699463,
    0.9957466351983381
  ],
  "purity_evolution": [
    0.6800000000000002,
    0.7551020408163267,
    0.8312601406165496,
    0.8951200680750349,
    0.9400637732718551,
    0.9676743994298305,
    0.9831668369844921
  ],
  "success_probabilities": [
    0.8400000000000001,
    0.8400000000000001,
    0.8400000000000001,
    0.8400000000000001,
    0.8400000000000001,
    0.8400000000000001,
    0.8400000000000001,
    0.8400000000000001,
    0.8400000000000001,
    0.8400000000000001,
    0.8400000000000001,
    0.8400000000000001,
    0.8400000000000001,
    0.8400000000000001,
    0.8400000000000001,
    0.8400000000000001,
    0.8400000000000001,
    0.8400000000000001,
    0.8400000000000001,
    0.8400000000000001,
    0.8400000000000001,
    0.8400000000000001,
    0.8400000000000001,
    0.8400000000000001,
    0.8400000000000001,
    0.8400000000000001,
    0.8400000000000001,
    0.8400000000000001,
    0.8400000000000001,
    0.8400000000000001,
    0.8400000000000001,
    0.8400000000000001,
    0.8775510204081634,
    0.8775510204081634,
    0.8775510204081634,
    0.8775510204081634,
    0.8775510204081634,
    0.8775510204081634,
    0.8775510204081634,
    0.8775510204081634,
    0.8775510204081634,
    0.8775510204081634,
    0.8775510204081634,
    0.8775510204081634,
    0.8775510204081634,
    0.8775510204081634,
    0.8775510204081634,
    0.8775510204081634,
    0.9156300703082748,
    0.9156300703082748,
    0.9156300703082748,
    0.9156300703082748,
    0.9156300703082748,
    0.9156300703082748,
    0.9156300703082748,
    0.9156300703082748,
    0.9475600340375174,
    0.9475600340375174,
    0.9475600340375174,
    0.9475600340375174,
    0.9700318866359275,
    0.9700318866359275,
    0.9838371997149152
  ],
  "amplification_iterations": [
    0,
    0,
    0,
    0,
    0,
    0,
    0,
    0,
    0,
    0,
    0,
    0,
    0,
    0,
    0,
    0,
    0,
    0,
    0,
    0,
    0,
    0,
    0,
    0,
    0,
    0,
    0,
    0,
    0,
    0,
    0,
    0,
    0,
    0,
    0,
    0,
    0,
    0,
    0,
    0,
    0,
    0,
    0,
    0,
    0,
    0,
    0,
    0,
    0,
    0,
    0,
    0,
    0,
    0,
    0,
    0,
    0,
    0,
    0,
    0,
    0,
    0,
    0
  ],
  "final_logical_error": 0.008488638491187974,
  "initial_logical_error": 0.19999999999999998,
  "error_reduction_ratio": 0.042443192455939874,
  "timestamp": "2025-09-09T15:33:20.146876"
}