{
  "M": 1,
  "N": 64,
  "physical_error_rate": 0.6,
  "noise_type": "dephasing_x",
  "logical_error_evolution": [
    0.6,
    0.631578947368421,
    0.6714801444043321,
    0.7200140461180877,
    0.7755665618510945,
    0.8336411677918478,
    0.887361899318528
  ],
  "fidelity_evolution": [
    0.6324555320336759,
    0.606976978666884,
    0.5731665164641667,
    0.5291369897124112,
    0.47374406397221,
    0.407871097539593,
    0.33561600182570545
  ],
  "purity_evolution": [
    0.52,
    0.5346260387811634,
    0.5588108798498612,
    0.5968123609785041,
    0.6518738600208663,
    0.7226328576910159,
    0.8000984820873149
  ],
  "success_probabilities": [
    0.76,
    0.76,
    0.76,
    0.76,
    0.76,
    0.76,
    0.76,
    0.76,
    0.76,
    0.76,
    0.76,
    0.76,
    0.76,
    0.76,
    0.76,
    0.76,
    0.76,
    0.76,
    0.76,
    0.76,
    0.76,
    0.76,
    0.76,
    0.76,
    0.76,
    0.76,
    0.76,
    0.76,
    0.76,
    0.76,
    0.76,
    0.76,
    0.7673130193905817,
    0.7673130193905817,
    0.7673130193905817,
    0.7673130193905817,
    0.7673130193905817,
    0.7673130193905817,
    0.7673130193905817,
    0.7673130193905817,
    0.7673130193905817,
    0.7673130193905817,
    0.7673130193905817,
    0.7673130193905817,
    0.7673130193905817,
    0.7673130193905817,
    0.7673130193905817,
    0.7673130193905817,
    0.7794054399249306,
    0.7794054399249306,
    0.7794054399249306,
    0.7794054399249306,
    0.7794054399249306,
    0.7794054399249306,
    0.7794054399249306,
    0.7794054399249306,
    0.798406180489252,
    0.798406180489252,
    0.798406180489252,
    0.798406180489252,
    0.8259369300104331,
    0.8259369300104331,
    0.861316428845508
  ],
  "amplification_iterations": [
    0,
    0,
    0,
    0,
    0,
    0,
    0,
    0,
    0,
    0,
    0,
    0,
    0,
    0,
    0,
    0,
    0,
    0,
    0,
    0,
    0,
    0,
    0,
    0,
    0,
    0,
    0,
    0,
    0,
    0,
    0,
    0,
    0,
    0,
    0,
    0,
    0,
    0,
    0,
    0,
    0,
    0,
    0,
    0,
    0,
    0,
    0,
    0,
    0,
    0,
    0,
    0,
    0,
    0,
    0,
    0,
    0,
    0,
    0,
    0,
    0,
    0,
    0
  ],
  "final_logical_error": 0.887361899318528,
  "initial_logical_error": 0.6,
  "error_reduction_ratio": 1.4789364988642135,
  "timestamp": "2025-09-09T15:33:20.174216"
}