{
  "M": 1,
  "N": 64,
  "physical_error_rate": 0.99,
  "noise_type": "dephasing_x",
  "logical_error_evolution": [
    0.99,
    0.9948995051004949,
    0.9974236714990693,
    0.998705189752982,
    0.9993509172589278,
    0.999675037184416,
    0.9998374129742239
  ],
  "fidelity_evolution": [
    0.10000000000000005,
    0.07141774919097565,
    0.0507575462461569,
    0.03598347185887065,
    0.025477102289551176,
    0.018026725037677428,
    0.012750961758868144
  ],
  "purity_evolution": [
    0.9802,
    0.9898510402974294,
    0.994860617935228,
    0.9974137325731154,
    0.998702677134665,
    0.999350285570495,
    0.9996748788175298
  ],
  "success_probabilities": [
    0.9901,
    0.9901,
    0.9901,
    0.9901,
    0.9901,
    0.9901,
    0.9901,
    0.9901,
    0.9901,
    0.9901,
    0.9901,
    0.9901,
    0.9901,
    0.9901,
    0.9901,
    0.9901,
    0.9901,
    0.9901,
    0.9901,
    0.9901,
    0.9901,
    0.9901,
    0.9901,
    0.9901,
    0.9901,
    0.9901,
    0.9901,
    0.9901,
    0.9901,
    0.9901,
    0.9901,
    0.9901,
    0.9949255201487147,
    0.9949255201487147,
    0.9949255201487147,
    0.9949255201487147,
    0.9949255201487147,
    0.9949255201487147,
    0.9949255201487147,
    0.9949255201487147,
    0.9949255201487147,
    0.9949255201487147,
    0.9949255201487147,
    0.9949255201487147,
    0.9949255201487147,
    0.9949255201487147,
    0.9949255201487147,
    0.9949255201487147,
    0.997430308967614,
    0.997430308967614,
    0.997430308967614,
    0.997430308967614,
    0.997430308967614,
    0.997430308967614,
    0.997430308967614,
    0.997430308967614,
    0.9987068662865577,
    0.9987068662865577,
    0.9987068662865577,
    0.9987068662865577,
    0.9993513385673325,
    0.9993513385673325,
    0.9996751427852475
  ],
  "amplification_iterations": [
    0,
    0,
    0,
    0,
    0,
    0,
    0,
    0,
    0,
    0,
    0,
    0,
    0,
    0,
    0,
    0,
    0,
    0,
    0,
    0,
    0,
    0,
    0,
    0,
    0,
    0,
    0,
    0,
    0,
    0,
    0,
    0,
    0,
    0,
    0,
    0,
    0,
    0,
    0,
    0,
    0,
    0,
    0,
    0,
    0,
    0,
    0,
    0,
    0,
    0,
    0,
    0,
    0,
    0,
    0,
    0,
    0,
    0,
    0,
    0,
    0,
    0,
    0
  ],
  "final_logical_error": 0.9998374129742239,
  "initial_logical_error": 0.99,
  "error_reduction_ratio": 1.0099367807820443,
  "timestamp": "2025-09-09T18:51:37.990075"
}