{
  "M": 1,
  "N": 64,
  "physical_error_rate": 0.1,
  "noise_type": "dephasing_x",
  "logical_error_evolution": [
    0.09999999999999999,
    0.06043956043956045,
    0.03397561053676029,
    0.018161044852027304,
    0.009413284561262024,
    0.004795665261973074,
    0.002420885915612195
  ],
  "fidelity_evolution": [
    0.9486832980505138,
    0.969309258988296,
    0.9828653974289865,
    0.9908778709548279,
    0.9952822290379438,
    0.9975992856543288,
    0.9987888235680192
  ],
  "purity_evolution": [
    0.8200000000000001,
    0.8864267600531337,
    0.9343574631491705,
    0.9643375573961801,
    0.9813506507299385,
    0.9904546662866636,
    0.9951699495460085
  ],
  "success_probabilities": [
    0.91,
    0.91,
    0.91,
    0.91,
    0.91,
    0.91,
    0.91,
    0.91,
    0.91,
    0.91,
    0.91,
    0.91,
    0.91,
    0.91,
    0.91,
    0.91,
    0.91,
    0.91,
    0.91,
    0.91,
    0.91,
    0.91,
    0.91,
    0.91,
    0.91,
    0.91,
    0.91,
    0.91,
    0.91,
    0.91,
    0.91,
    0.91,
    0.9432133800265668,
    0.9432133800265668,
    0.9432133800265668,
    0.9432133800265668,
    0.9432133800265668,
    0.9432133800265668,
    0.9432133800265668,
    0.9432133800265668,
    0.9432133800265668,
    0.9432133800265668,
    0.9432133800265668,
    0.9432133800265668,
    0.9432133800265668,
    0.9432133800265668,
    0.9432133800265668,
    0.9432133800265668,
    0.9671787315745852,
    0.9671787315745852,
    0.9671787315745852,
    0.9671787315745852,
    0.9671787315745852,
    0.9671787315745852,
    0.9671787315745852,
    0.9671787315745852,
    0.98216877869809,
    0.98216877869809,
    0.98216877869809,
    0.98216877869809,
    0.9906753253649693,
    0.9906753253649693,
    0.9952273331433318
  ],
  "amplification_iterations": [
    0,
    0,
    0,
    0,
    0,
    0,
    0,
    0,
    0,
    0,
    0,
    0,
    0,
    0,
    0,
    0,
    0,
    0,
    0,
    0,
    0,
    0,
    0,
    0,
    0,
    0,
    0,
    0,
    0,
    0,
    0,
    0,
    0,
    0,
    0,
    0,
    0,
    0,
    0,
    0,
    0,
    0,
    0,
    0,
    0,
    0,
    0,
    0,
    0,
    0,
    0,
    0,
    0,
    0,
    0,
    0,
    0,
    0,
    0,
    0,
    0,
    0,
    0
  ],
  "final_logical_error": 0.002420885915612195,
  "initial_logical_error": 0.09999999999999999,
  "error_reduction_ratio": 0.02420885915612195,
  "timestamp": "2025-09-09T15:32:31.039535"
}