{
  "M": 1,
  "N": 64,
  "physical_error_rate": 0.95,
  "noise_type": "dephasing_x",
  "logical_error_evolution": [
    0.95,
    0.9724409448818898,
    0.9854508098810264,
    0.9925122091894505,
    0.9961998292698573,
    0.9980854460027218,
    0.999039053982181
  ],
  "fidelity_evolution": [
    0.22360679774997907,
    0.1660092019079372,
    0.12062002370657073,
    0.08653202187947223,
    0.061645524818454686,
    0.043755616751203534,
    0.030999129307433138
  ],
  "purity_evolution": [
    0.905,
    0.9464008928017857,
    0.9713249776282888,
    0.985136552401346,
    0.9924285411348708,
    0.9961782230394605,
    0.9980799547988601
  ],
  "success_probabilities": [
    0.9525,
    0.9525,
    0.9525,
    0.9525,
    0.9525,
    0.9525,
    0.9525,
    0.9525,
    0.9525,
    0.9525,
    0.9525,
    0.9525,
    0.9525,
    0.9525,
    0.9525,
    0.9525,
    0.9525,
    0.9525,
    0.9525,
    0.9525,
    0.9525,
    0.9525,
    0.9525,
    0.9525,
    0.9525,
    0.9525,
    0.9525,
    0.9525,
    0.9525,
    0.9525,
    0.9525,
    0.9525,
    0.9732004464008929,
    0.9732004464008929,
    0.9732004464008929,
    0.9732004464008929,
    0.9732004464008929,
    0.9732004464008929,
    0.9732004464008929,
    0.9732004464008929,
    0.9732004464008929,
    0.9732004464008929,
    0.9732004464008929,
    0.9732004464008929,
    0.9732004464008929,
    0.9732004464008929,
    0.9732004464008929,
    0.9732004464008929,
    0.9856624888141444,
    0.9856624888141444,
    0.9856624888141444,
    0.9856624888141444,
    0.9856624888141444,
    0.9856624888141444,
    0.9856624888141444,
    0.9856624888141444,
    0.992568276200673,
    0.992568276200673,
    0.992568276200673,
    0.992568276200673,
    0.9962142705674354,
    0.9962142705674354,
    0.9980891115197302
  ],
  "amplification_iterations": [
    0,
    0,
    0,
    0,
    0,
    0,
    0,
    0,
    0,
    0,
    0,
    0,
    0,
    0,
    0,
    0,
    0,
    0,
    0,
    0,
    0,
    0,
    0,
    0,
    0,
    0,
    0,
    0,
    0,
    0,
    0,
    0,
    0,
    0,
    0,
    0,
    0,
    0,
    0,
    0,
    0,
    0,
    0,
    0,
    0,
    0,
    0,
    0,
    0,
    0,
    0,
    0,
    0,
    0,
    0,
    0,
    0,
    0,
    0,
    0,
    0,
    0,
    0
  ],
  "final_logical_error": 0.999039053982181,
  "initial_logical_error": 0.95,
  "error_reduction_ratio": 1.0516200568233485,
  "timestamp": "2025-09-09T18:51:37.983388"
}