{
  "M": 1,
  "N": 64,
  "physical_error_rate": 0.8,
  "noise_type": "dephasing_x",
  "logical_error_evolution": [
    0.8,
    0.8571428571428572,
    0.9069767441860466,
    0.9444772593030124,
    0.9690755660188746,
    0.983567161534895,
    0.991511361508812
  ],
  "fidelity_evolution": [
    0.44721359549995787,
    0.37796447300922714,
    0.3049971406652092,
    0.23563263928621506,
    0.1758534446097815,
    0.1281906332970744,
    0.0921338075365822
  ],
  "purity_evolution": [
    0.6800000000000002,
    0.7551020408163267,
    0.8312601406165496,
    0.8951200680750349,
    0.9400637732718551,
    0.9676743994298305,
    0.9831668369844921
  ],
  "success_probabilities": [
    0.8400000000000001,
    0.8400000000000001,
    0.8400000000000001,
    0.8400000000000001,
    0.8400000000000001,
    0.8400000000000001,
    0.8400000000000001,
    0.8400000000000001,
    0.8400000000000001,
    0.8400000000000001,
    0.8400000000000001,
    0.8400000000000001,
    0.8400000000000001,
    0.8400000000000001,
    0.8400000000000001,
    0.8400000000000001,
    0.8400000000000001,
    0.8400000000000001,
    0.8400000000000001,
    0.8400000000000001,
    0.8400000000000001,
    0.8400000000000001,
    0.8400000000000001,
    0.8400000000000001,
    0.8400000000000001,
    0.8400000000000001,
    0.8400000000000001,
    0.8400000000000001,
    0.8400000000000001,
    0.8400000000000001,
    0.8400000000000001,
    0.8400000000000001,
    0.8775510204081634,
    0.8775510204081634,
    0.8775510204081634,
    0.8775510204081634,
    0.8775510204081634,
    0.8775510204081634,
    0.8775510204081634,
    0.8775510204081634,
    0.8775510204081634,
    0.8775510204081634,
    0.8775510204081634,
    0.8775510204081634,
    0.8775510204081634,
    0.8775510204081634,
    0.8775510204081634,
    0.8775510204081634,
    0.9156300703082748,
    0.9156300703082748,
    0.9156300703082748,
    0.9156300703082748,
    0.9156300703082748,
    0.9156300703082748,
    0.9156300703082748,
    0.9156300703082748,
    0.9475600340375174,
    0.9475600340375174,
    0.9475600340375174,
    0.9475600340375174,
    0.9700318866359275,
    0.9700318866359275,
    0.9838371997149152
  ],
  "amplification_iterations": [
    0,
    0,
    0,
    0,
    0,
    0,
    0,
    0,
    0,
    0,
    0,
    0,
    0,
    0,
    0,
    0,
    0,
    0,
    0,
    0,
    0,
    0,
    0,
    0,
    0,
    0,
    0,
    0,
    0,
    0,
    0,
    0,
    0,
    0,
    0,
    0,
    0,
    0,
    0,
    0,
    0,
    0,
    0,
    0,
    0,
    0,
    0,
    0,
    0,
    0,
    0,
    0,
    0,
    0,
    0,
    0,
    0,
    0,
    0,
    0,
    0,
    0,
    0
  ],
  "final_logical_error": 0.991511361508812,
  "initial_logical_error": 0.8,
  "error_reduction_ratio": 1.2393892018860149,
  "timestamp": "2025-09-09T18:51:37.968817"
}