{
  "M": 1,
  "N": 64,
  "physical_error_rate": 0.9,
  "noise_type": "dephasing_x",
  "logical_error_evolution": [
    0.9,
    0.9395604395604396,
    0.9660243894632397,
    0.9818389551479727,
    0.990586715438738,
    0.9952043347380269,
    0.9975791140843878
  ],
  "fidelity_evolution": [
    0.3162277660168379,
    0.24584458594722078,
    0.18432474206345772,
    0.1347629209093781,
    0.0970220828536578,
    0.06925074195972983,
    0.04920249907893102
  ],
  "purity_evolution": [
    0.8200000000000001,
    0.8864267600531337,
    0.9343574631491705,
    0.9643375573961801,
    0.9813506507299385,
    0.9904546662866636,
    0.9951699495460085
  ],
  "success_probabilities": [
    0.91,
    0.91,
    0.91,
    0.91,
    0.91,
    0.91,
    0.91,
    0.91,
    0.91,
    0.91,
    0.91,
    0.91,
    0.91,
    0.91,
    0.91,
    0.91,
    0.91,
    0.91,
    0.91,
    0.91,
    0.91,
    0.91,
    0.91,
    0.91,
    0.91,
    0.91,
    0.91,
    0.91,
    0.91,
    0.91,
    0.91,
    0.91,
    0.9432133800265668,
    0.9432133800265668,
    0.9432133800265668,
    0.9432133800265668,
    0.9432133800265668,
    0.9432133800265668,
    0.9432133800265668,
    0.9432133800265668,
    0.9432133800265668,
    0.9432133800265668,
    0.9432133800265668,
    0.9432133800265668,
    0.9432133800265668,
    0.9432133800265668,
    0.9432133800265668,
    0.9432133800265668,
    0.9671787315745852,
    0.9671787315745852,
    0.9671787315745852,
    0.9671787315745852,
    0.9671787315745852,
    0.9671787315745852,
    0.9671787315745852,
    0.9671787315745852,
    0.98216877869809,
    0.98216877869809,
    0.98216877869809,
    0.98216877869809,
    0.9906753253649693,
    0.9906753253649693,
    0.9952273331433318
  ],
  "amplification_iterations": [
    0,
    0,
    0,
    0,
    0,
    0,
    0,
    0,
    0,
    0,
    0,
    0,
    0,
    0,
    0,
    0,
    0,
    0,
    0,
    0,
    0,
    0,
    0,
    0,
    0,
    0,
    0,
    0,
    0,
    0,
    0,
    0,
    0,
    0,
    0,
    0,
    0,
    0,
    0,
    0,
    0,
    0,
    0,
    0,
    0,
    0,
    0,
    0,
    0,
    0,
    0,
    0,
    0,
    0,
    0,
    0,
    0,
    0,
    0,
    0,
    0,
    0,
    0
  ],
  "final_logical_error": 0.9975791140843878,
  "initial_logical_error": 0.9,
  "error_reduction_ratio": 1.108421237871542,
  "timestamp": "2025-09-09T15:32:31.093161"
}