{
  "M": 2,
  "N": 16,
  "physical_error_rate": 0.7,
  "noise_type": "depolarizing",
  "logical_error_evolution": [
    0.6825,
    0.6669735087474871,
    0.64744580810981,
    0.6227532302528744,
    0.591407364914515
  ],
  "fidelity_evolution": [
    0.5634713834792323,
    0.5770844749709637,
    0.5937627404024187,
    0.6142041759440631,
    0.639212511677834
  ],
  "purity_evolution": [
    0.25607500000000005,
    0.25919119766627147,
    0.26402314969899987,
    0.2715889872147707,
    0.28353549853781046
  ],
  "success_probabilities": [
    0.6280375,
    0.6280375,
    0.6280375,
    0.6280375,
    0.6280375,
    0.6280375,
    0.6280375,
    0.6280375,
    0.6295955988331358,
    0.6295955988331358,
    0.6295955988331358,
    0.6295955988331358,
    0.6320115748494999,
    0.6320115748494999,
    0.6357944936073854
  ],
  "amplification_iterations": [
    0,
    0,
    0,
    0,
    0,
    0,
    0,
    0,
    0,
    0,
    0,
    0,
    0,
    0,
    0
  ],
  "final_logical_error": 0.591407364914515,
  "initial_logical_error": 0.6825,
  "error_reduction_ratio": 0.8665309376036849,
  "timestamp": "2025-09-09T16:11:25.521063"
}