{
  "M": 1,
  "N": 32,
  "physical_error_rate": 0.3,
  "noise_type": "depolarizing",
  "logical_error_evolution": [
    0.15000000000000002,
    0.09885386819484242,
    0.059624427955647014,
    0.033466177168806226,
    0.01787114456775986,
    0.0092577510755574
  ],
  "fidelity_evolution": [
    0.9219544457292888,
    0.9492871703573991,
    0.9697296386335487,
    0.9831245205116154,
    0.9910241447271808,
    0.9953603613387679
  ],
  "purity_evolution": [
    0.7449999999999999,
    0.8218364381244816,
    0.8878612889067823,
    0.9353076156909752,
    0.964896466480804,
    0.9816559097588393
  ],
  "success_probabilities": [
    0.8724999999999999,
    0.8724999999999999,
    0.8724999999999999,
    0.8724999999999999,
    0.8724999999999999,
    0.8724999999999999,
    0.8724999999999999,
    0.8724999999999999,
    0.8724999999999999,
    0.8724999999999999,
    0.8724999999999999,
    0.8724999999999999,
    0.8724999999999999,
    0.8724999999999999,
    0.8724999999999999,
    0.8724999999999999,
    0.9109182190622408,
    0.9109182190622408,
    0.9109182190622408,
    0.9109182190622408,
    0.9109182190622408,
    0.9109182190622408,
    0.9109182190622408,
    0.9109182190622408,
    0.9439306444533911,
    0.9439306444533911,
    0.9439306444533911,
    0.9439306444533911,
    0.9676538078454876,
    0.9676538078454876,
    0.982448233240402
  ],
  "amplification_iterations": [
    0,
    0,
    0,
    0,
    0,
    0,
    0,
    0,
    0,
    0,
    0,
    0,
    0,
    0,
    0,
    0,
    0,
    0,
    0,
    0,
    0,
    0,
    0,
    0,
    0,
    0,
    0,
    0,
    0,
    0,
    0
  ],
  "final_logical_error": 0.0092577510755574,
  "initial_logical_error": 0.15000000000000002,
  "error_reduction_ratio": 0.061718340503715996,
  "timestamp": "2025-09-09T18:51:38.028628"
}