{
  "M": 3,
  "N": 64,
  "physical_error_rate": 0.3,
  "noise_type": "depolarizing",
  "logical_error_evolution": [
    0.574875,
    0.5066087535831014,
    0.4243993244871826,
    0.33169821495794416,
    0.23757451185226083,
    0.154551685185294,
    0.09193600675360514
  ],
  "fidelity_evolution": [
    0.6520161040955967,
    0.7024181421467548,
    0.7586835147232458,
    0.8174972691343109,
    0.8731697934237872,
    0.9194826343192708,
    0.9529239178687849
  ],
  "purity_evolution": [
    0.227942875,
    0.28009955478468124,
    0.3570468214544085,
    0.4623449481484391,
    0.5893557176461526,
    0.7181951706506854,
    0.8257876771645599
  ],
  "success_probabilities": [
    0.6139714375,
    0.6139714375,
    0.6139714375,
    0.6139714375,
    0.6139714375,
    0.6139714375,
    0.6139714375,
    0.6139714375,
    0.6139714375,
    0.6139714375,
    0.6139714375,
    0.6139714375,
    0.6139714375,
    0.6139714375,
    0.6139714375,
    0.6139714375,
    0.6139714375,
    0.6139714375,
    0.6139714375,
    0.6139714375,
    0.6139714375,
    0.6139714375,
    0.6139714375,
    0.6139714375,
    0.6139714375,
    0.6139714375,
    0.6139714375,
    0.6139714375,
    0.6139714375,
    0.6139714375,
    0.6139714375,
    0.6139714375,
    0.6400497773923406,
    0.6400497773923406,
    0.6400497773923406,
    0.6400497773923406,
    0.6400497773923406,
    0.6400497773923406,
    0.6400497773923406,
    0.6400497773923406,
    0.6400497773923406,
    0.6400497773923406,
    0.6400497773923406,
    0.6400497773923406,
    0.6400497773923406,
    0.6400497773923406,
    0.6400497773923406,
    0.6400497773923406,
    0.6785234107272042,
    0.6785234107272042,
    0.6785234107272042,
    0.6785234107272042,
    0.6785234107272042,
    0.6785234107272042,
    0.6785234107272042,
    0.6785234107272042,
    0.7311724740742196,
    0.7311724740742196,
    0.7311724740742196,
    0.7311724740742196,
    0.7946778588230763,
    0.7946778588230763,
    0.8590975853253426
  ],
  "amplification_iterations": [
    0,
    0,
    0,
    0,
    0,
    0,
    0,
    0,
    0,
    0,
    0,
    0,
    0,
    0,
    0,
    0,
    0,
    0,
    0,
    0,
    0,
    0,
    0,
    0,
    0,
    0,
    0,
    0,
    0,
    0,
    0,
    0,
    0,
    0,
    0,
    0,
    0,
    0,
    0,
    0,
    0,
    0,
    0,
    0,
    0,
    0,
    0,
    0,
    0,
    0,
    0,
    0,
    0,
    0,
    0,
    0,
    0,
    0,
    0,
    0,
    0,
    0,
    0
  ],
  "final_logical_error": 0.09193600675360514,
  "initial_logical_error": 0.574875,
  "error_reduction_ratio": 0.1599234733700459,
  "timestamp": "2025-09-09T16:11:25.493515"
}