{
  "M": 7,
  "N": 256,
  "physical_error_rate": 0.1,
  "noise_type": "depolarizing",
  "logical_error_evolution": [
    0.5176272945312497,
    0.4209102003098943,
    0.31592172275633634,
    0.21563085861857337,
    0.13369449843069614,
    0.07644993452022214,
    0.04128242690199481,
    0.021517747839145267,
    0.010994712874231462
  ],
  "fidelity_evolution": [
    0.6945305648196846,
    0.7609795001773082,
    0.8270902473392269,
    0.8856461716630556,
    0.9307553392644621,
    0.9610151223991107,
    0.9791412426703338,
    0.9891826182059887,
    0.994487449456135
  ],
  "purity_evolution": [
    0.23479317513906622,
    0.33673999922894504,
    0.4687489676242914,
    0.6156010654411104,
    0.750625963930429,
    0.852990743860994,
    0.9191528041698496,
    0.9574311635691487,
    0.9781324098029702
  ],
  "success_probabilities": [
    0.6173965875695331,
    0.6173965875695331,
    0.6173965875695331,
    0.6173965875695331,
    0.6173965875695331,
    0.6173965875695331,
    0.6173965875695331,
    0.6173965875695331,
    0.6173965875695331,
    0.6173965875695331,
    0.6173965875695331,
    0.6173965875695331,
    0.6173965875695331,
    0.6173965875695331,
    0.6173965875695331,
    0.6173965875695331,
    0.6173965875695331,
    0.6173965875695331,
    0.6173965875695331,
    0.6173965875695331,
    0.6173965875695331,
    0.6173965875695331,
    0.6173965875695331,
    0.6173965875695331,
    0.6173965875695331,
    0.6173965875695331,
    0.6173965875695331,
    0.6173965875695331,
    0.6173965875695331,
    0.6173965875695331,
    0.6173965875695331,
    0.6173965875695331,
    0.6173965875695331,
    0.6173965875695331,
    0.6173965875695331,
    0.6173965875695331,
    0.6173965875695331,
    0.6173965875695331,
    0.6173965875695331,
    0.6173965875695331,
    0.6173965875695331,
    0.6173965875695331,
    0.6173965875695331,
    0.6173965875695331,
    0.6173965875695331,
    0.6173965875695331,
    0.6173965875695331,
    0.6173965875695331,
    0.6173965875695331,
    0.6173965875695331,
    0.6173965875695331,
    0.6173965875695331,
    0.6173965875695331,
    0.6173965875695331,
    0.6173965875695331,
    0.6173965875695331,
    0.6173965875695331,
    0.6173965875695331,
    0.6173965875695331,
    0.6173965875695331,
    0.6173965875695331,
    0.6173965875695331,
    0.6173965875695331,
    0.6173965875695331,
    0.6173965875695331,
    0.6173965875695331,
    0.6173965875695331,
    0.6173965875695331,
    0.6173965875695331,
    0.6173965875695331,
    0.6173965875695331,
    0.6173965875695331,
    0.6173965875695331,
    0.6173965875695331,
    0.6173965875695331,
    0.6173965875695331,
    0.6173965875695331,
    0.6173965875695331,
    0.6173965875695331,
    0.6173965875695331,
    0.6173965875695331,
    0.6173965875695331,
    0.6173965875695331,
    0.6173965875695331,
    0.6173965875695331,
    0.6173965875695331,
    0.6173965875695331,
    0.6173965875695331,
    0.6173965875695331,
    0.6173965875695331,
    0.6173965875695331,
    0.6173965875695331,
    0.6173965875695331,
    0.6173965875695331,
    0.6173965875695331,
    0.6173965875695331,
    0.6173965875695331,
    0.6173965875695331,
    0.6173965875695331,
    0.6173965875695331,
    0.6173965875695331,
    0.6173965875695331,
    0.6173965875695331,
    0.6173965875695331,
    0.6173965875695331,
    0.6173965875695331,
    0.6173965875695331,
    0.6173965875695331,
    0.6173965875695331,
    0.6173965875695331,
    0.6173965875695331,
    0.6173965875695331,
    0.6173965875695331,
    0.6173965875695331,
    0.6173965875695331,
    0.6173965875695331,
    0.6173965875695331,
    0.6173965875695331,
    0.6173965875695331,
    0.6173965875695331,
    0.6173965875695331,
    0.6173965875695331,
    0.6173965875695331,
    0.6173965875695331,
    0.6173965875695331,
    0.6173965875695331,
    0.6173965875695331,
    0.6173965875695331,
    0.6683699996144725,
    0.6683699996144725,
    0.6683699996144725,
    0.6683699996144725,
    0.6683699996144725,
    0.6683699996144725,
    0.6683699996144725,
    0.6683699996144725,
    0.6683699996144725,
    0.6683699996144725,
    0.6683699996144725,
    0.6683699996144725,
    0.6683699996144725,
    0.6683699996144725,
    0.6683699996144725,
    0.6683699996144725,
    0.6683699996144725,
    0.6683699996144725,
    0.6683699996144725,
    0.6683699996144725,
    0.6683699996144725,
    0.6683699996144725,
    0.6683699996144725,
    0.6683699996144725,
    0.6683699996144725,
    0.6683699996144725,
    0.6683699996144725,
    0.6683699996144725,
    0.6683699996144725,
    0.6683699996144725,
    0.6683699996144725,
    0.6683699996144725,
    0.6683699996144725,
    0.6683699996144725,
    0.6683699996144725,
    0.6683699996144725,
    0.6683699996144725,
    0.6683699996144725,
    0.6683699996144725,
    0.6683699996144725,
    0.6683699996144725,
    0.6683699996144725,
    0.6683699996144725,
    0.6683699996144725,
    0.6683699996144725,
    0.6683699996144725,
    0.6683699996144725,
    0.6683699996144725,
    0.6683699996144725,
    0.6683699996144725,
    0.6683699996144725,
    0.6683699996144725,
    0.6683699996144725,
    0.6683699996144725,
    0.6683699996144725,
    0.6683699996144725,
    0.6683699996144725,
    0.6683699996144725,
    0.6683699996144725,
    0.6683699996144725,
    0.6683699996144725,
    0.6683699996144725,
    0.6683699996144725,
    0.6683699996144725,
    0.7343744838121458,
    0.7343744838121458,
    0.7343744838121458,
    0.7343744838121458,
    0.7343744838121458,
    0.7343744838121458,
    0.7343744838121458,
    0.7343744838121458,
    0.7343744838121458,
    0.7343744838121458,
    0.7343744838121458,
    0.7343744838121458,
    0.7343744838121458,
    0.7343744838121458,
    0.7343744838121458,
    0.7343744838121458,
    0.7343744838121458,
    0.7343744838121458,
    0.7343744838121458,
    0.7343744838121458,
    0.7343744838121458,
    0.7343744838121458,
    0.7343744838121458,
    0.7343744838121458,
    0.7343744838121458,
    0.7343744838121458,
    0.7343744838121458,
    0.7343744838121458,
    0.7343744838121458,
    0.7343744838121458,
    0.7343744838121458,
    0.7343744838121458,
    0.8078005327205552,
    0.8078005327205552,
    0.8078005327205552,
    0.8078005327205552,
    0.8078005327205552,
    0.8078005327205552,
    0.8078005327205552,
    0.8078005327205552,
    0.8078005327205552,
    0.8078005327205552,
    0.8078005327205552,
    0.8078005327205552,
    0.8078005327205552,
    0.8078005327205552,
    0.8078005327205552,
    0.8078005327205552,
    0.8753129819652146,
    0.8753129819652146,
    0.8753129819652146,
    0.8753129819652146,
    0.8753129819652146,
    0.8753129819652146,
    0.8753129819652146,
    0.8753129819652146,
    0.926495371930497,
    0.926495371930497,
    0.926495371930497,
    0.926495371930497,
    0.9595764020849248,
    0.9595764020849248,
    0.9787155817845743
  ],