{
  "M": 8,
  "N": 128,
  "physical_error_rate": 0.1,
  "noise_type": "depolarizing",
  "logical_error_evolution": [
    0.5673080525390628,
    0.4783993364057442,
    0.3765201227515826,
    0.2714177342240534,
    0.17745601089450974,
    0.10590999013719686,
    0.05888160933716149,
    0.031232254056997234
  ],
  "fidelity_evolution": [
    0.6577932406622445,
    0.7222192628241481,
    0.789607419701979,
    0.8535703051160732,
    0.9069421090155041,
    0.9455633293771515,
    0.9701125659751236,
    0.9842599991582522
  ],
  "purity_evolution": [
    0.18848443287391392,
    0.27296476569362865,
    0.3892831079330615,
    0.5311210104990985,
    0.6767021067029945,
    0.7994409336816091,
    0.8857174214944712,
    0.9385147708880877
  ],
  "success_probabilities": [
    0.594242216436957,
    0.594242216436957,
    0.594242216436957,
    0.594242216436957,
    0.594242216436957,
    0.594242216436957,
    0.594242216436957,
    0.594242216436957,
    0.594242216436957,
    0.594242216436957,
    0.594242216436957,
    0.594242216436957,
    0.594242216436957,
    0.594242216436957,
    0.594242216436957,
    0.594242216436957,
    0.594242216436957,
    0.594242216436957,
    0.594242216436957,
    0.594242216436957,
    0.594242216436957,
    0.594242216436957,
    0.594242216436957,
    0.594242216436957,
    0.594242216436957,
    0.594242216436957,
    0.594242216436957,
    0.594242216436957,
    0.594242216436957,
    0.594242216436957,
    0.594242216436957,
    0.594242216436957,
    0.594242216436957,
    0.594242216436957,
    0.594242216436957,
    0.594242216436957,
    0.594242216436957,
    0.594242216436957,
    0.594242216436957,
    0.594242216436957,
    0.594242216436957,
    0.594242216436957,
    0.594242216436957,
    0.594242216436957,
    0.594242216436957,
    0.594242216436957,
    0.594242216436957,
    0.594242216436957,
    0.594242216436957,
    0.594242216436957,
    0.594242216436957,
    0.594242216436957,
    0.594242216436957,
    0.594242216436957,
    0.594242216436957,
    0.594242216436957,
    0.594242216436957,
    0.594242216436957,
    0.594242216436957,
    0.594242216436957,
    0.594242216436957,
    0.594242216436957,
    0.594242216436957,
    0.594242216436957,
    0.6364823828468144,
    0.6364823828468144,
    0.6364823828468144,
    0.6364823828468144,
    0.6364823828468144,
    0.6364823828468144,
    0.6364823828468144,
    0.6364823828468144,
    0.6364823828468144,
    0.6364823828468144,
    0.6364823828468144,
    0.6364823828468144,
    0.6364823828468144,
    0.6364823828468144,
    0.6364823828468144,
    0.6364823828468144,
    0.6364823828468144,
    0.6364823828468144,
    0.6364823828468144,
    0.6364823828468144,
    0.6364823828468144,
    0.6364823828468144,
    0.6364823828468144,
    0.6364823828468144,
    0.6364823828468144,
    0.6364823828468144,
    0.6364823828468144,
    0.6364823828468144,
    0.6364823828468144,
    0.6364823828468144,
    0.6364823828468144,
    0.6364823828468144,
    0.6946415539665307,
    0.6946415539665307,
    0.6946415539665307,
    0.6946415539665307,
    0.6946415539665307,
    0.6946415539665307,
    0.6946415539665307,
    0.6946415539665307,
    0.6946415539665307,
    0.6946415539665307,
    0.6946415539665307,
    0.6946415539665307,
    0.6946415539665307,
    0.6946415539665307,
    0.6946415539665307,
    0.6946415539665307,
    0.7655605052495493,
    0.7655605052495493,
    0.7655605052495493,
    0.7655605052495493,
    0.7655605052495493,
    0.7655605052495493,
    0.7655605052495493,
    0.7655605052495493,
    0.8383510533514973,
    0.8383510533514973,
    0.8383510533514973,
    0.8383510533514973,
    0.8997204668408045,
    0.8997204668408045,
    0.9428587107472356
  ],
  "amplification_iterations": [
    0,
    0,
    0,
    0,
    0,
    0,
    0,
    0,
    0,
    0,
    0,
    0,
    0,
    0,
    0,
    0,
    0,
    0,
    0,
    0,
    0,
    0,
    0,
    0,
    0,
    0,
    0,
    0,
    0,
    0,
    0,
    0,
    0,
    0,
    0,
    0,
    0,
    0,
    0,
    0,
    0,
    0,
    0,
    0,
    0,
    0,
    0,
    0,
    0,
    0,
    0,
    0,
    0,
    0,
    0,
    0,
    0,
    0,
    0,
    0,
    0,
    0,
    0,
    0,
    0,
    0,
    0,
    0,
    0,
    0,
    0,
    0,
    0,
    0,
    0,
    0,
    0,
    0,
    0,
    0,
    0,
    0,
    0,
    0,
    0,
    0,
    0,
    0,
    0,
    0,
    0,
    0,
    0,
    0,
    0,
    0,
    0,
    0,
    0,
    0,
    0,
    0,
    0,
    0,
    0,
    0,
    0,
    0,
    0,
    0,
    0,
    0,
    0,
    0,
    0,
    0,
    0,
    0,
    0,
    0,
    0,
    0,
    0,
    0,
    0,
    0,
    0
  ],
  "final_logical_error": 0.031232254056997234,
  "initial_logical_error": 0.5673080525390628,
  "error_reduction_ratio": 0.055053429820382624,
  "timestamp": "2025-09-09T16:27:17.980924"
}