{
  "M": 5,
  "N": 8,
  "physical_error_rate": 0.7,
  "noise_type": "depolarizing",
  "logical_error_evolution": [
    0.9663959375,
    0.9663194154171779,
    0.9662402322589014,
    0.9661582840087799
  ],
  "fidelity_evolution": [
    0.18331410884053645,
    0.18352270862980957,
    0.18373831320957137,
    0.1839611806638022
  ],
  "purity_evolution": [
    0.031255720371875,
    0.03125609831371794,
    0.0312565021255373,
    0.03125693366893331
  ],
  "success_probabilities": [
    0.5156278601859375,
    0.5156278601859375,
    0.5156278601859375,
    0.5156278601859375,
    0.515628049156859,
    0.515628049156859,
    0.5156282510627687
  ],
  "amplification_iterations": [
    0,
    0,
    0,
    0,
    0,
    0,
    0
  ],
  "final_logical_error": 0.9661582840087799,
  "initial_logical_error": 0.9663959375,
  "error_reduction_ratio": 0.9997540826880597,
  "timestamp": "2025-09-09T16:26:26.231157"
}