{
  "M": 9,
  "N": 8,
  "physical_error_rate": 0.95,
  "noise_type": "depolarizing",
  "logical_error_evolution": [
    0.9980468749980508,
    0.9980468749980472,
    0.9980468749980433,
    0.9980468749980397
  ],
  "fidelity_evolution": [
    0.044194173846212916,
    0.04419417384625591,
    0.04419417384629898,
    0.04419417384634214
  ],
  "purity_evolution": [
    0.001953125,
    0.001953125000000001,
    0.0019531249999999993,
    0.0019531250000000004
  ],
  "success_probabilities": [
    0.5009765625,
    0.5009765625,
    0.5009765625,
    0.5009765625,
    0.5009765625,
    0.5009765625,
    0.5009765625
  ],
  "amplification_iterations": [
    0,
    0,
    0,
    0,
    0,
    0,
    0
  ],
  "final_logical_error": 0.9980468749980397,
  "initial_logical_error": 0.9980468749980508,
  "error_reduction_ratio": 0.9999999999999889,
  "timestamp": "2025-09-09T16:31:42.466296"
}