{
  "M": 9,
  "N": 64,
  "physical_error_rate": 0.7,
  "noise_type": "depolarizing",
  "logical_error_evolution": [
    0.9980272304433595,
    0.9980271917654815,
    0.9980271530106928,
    0.9980271141788383,
    0.9980270752697616,
    0.998027036283304,
    0.9980269972193103
  ],
  "fidelity_evolution": [
    0.04441587054916989,
    0.044416305953088535,
    0.044416742218523035,
    0.04441717934720323,
    0.04441761734086257,
    0.04441805620123802,
    0.04441849593007018
  ],
  "purity_evolution": [
    0.0019531253866638086,
    0.001953125388187901,
    0.001953125389718031,
    0.0019531253912542213,
    0.001953125392796499,
    0.0019531253943448853,
    0.001953125395899407
  ],
  "success_probabilities": [
    0.5009765626933319,
    0.5009765626933319,
    0.5009765626933319,
    0.5009765626933319,
    0.5009765626933319,
    0.5009765626933319,
    0.5009765626933319,
    0.5009765626933319,
    0.5009765626933319,
    0.5009765626933319,
    0.5009765626933319,
    0.5009765626933319,
    0.5009765626933319,
    0.5009765626933319,
    0.5009765626933319,
    0.5009765626933319,
    0.5009765626933319,
    0.5009765626933319,
    0.5009765626933319,
    0.5009765626933319,
    0.5009765626933319,
    0.5009765626933319,
    0.5009765626933319,
    0.5009765626933319,
    0.5009765626933319,
    0.5009765626933319,
    0.5009765626933319,
    0.5009765626933319,
    0.5009765626933319,
    0.5009765626933319,
    0.5009765626933319,
    0.5009765626933319,
    0.500976562694094,
    0.500976562694094,
    0.500976562694094,
    0.500976562694094,
    0.500976562694094,
    0.500976562694094,
    0.500976562694094,
    0.500976562694094,
    0.500976562694094,
    0.500976562694094,
    0.500976562694094,
    0.500976562694094,
    0.500976562694094,
    0.500976562694094,
    0.500976562694094,
    0.500976562694094,
    0.500976562694859,
    0.500976562694859,
    0.500976562694859,
    0.500976562694859,
    0.500976562694859,
    0.500976562694859,
    0.500976562694859,
    0.500976562694859,
    0.5009765626956271,
    0.5009765626956271,
    0.5009765626956271,
    0.5009765626956271,
    0.5009765626963982,
    0.5009765626963982,
    0.5009765626971724
  ],
  "amplification_iterations": [
    0,
    0,
    0,
    0,
    0,
    0,
    0,
    0,
    0,
    0,
    0,
    0,
    0,
    0,
    0,
    0,
    0,
    0,
    0,
    0,
    0,
    0,
    0,
    0,
    0,
    0,
    0,
    0,
    0,
    0,
    0,
    0,
    0,
    0,
    0,
    0,
    0,
    0,
    0,
    0,
    0,
    0,
    0,
    0,
    0,
    0,
    0,
    0,
    0,
    0,
    0,
    0,
    0,
    0,
    0,
    0,
    0,
    0,
    0,
    0,
    0,
    0,
    0
  ],
  "final_logical_error": 0.9980269972193103,
  "initial_logical_error": 0.9980272304433595,
  "error_reduction_ratio": 0.999999766314944,
  "timestamp": "2025-09-09T16:32:41.519810"
}