{
  "M": 2,
  "N": 16,
  "physical_error_rate": 0.4,
  "noise_type": "depolarizing",
  "logical_error_evolution": [
    0.48000000000000004,
    0.41330166270783847,
    0.33560976395454656,
    0.2523088171323477,
    0.17309074513170547
  ],
  "fidelity_evolution": [
    0.7211102550927979,
    0.7659623602319905,
    0.815101365503367,
    0.8646913801279924,
    0.909345509071384
  ],
  "purity_evolution": [
    0.34720000000000006,
    0.40115436044707503,
    0.4789590236397421,
    0.5802620180056041,
    0.6937657178035878
  ],
  "success_probabilities": [
    0.6736,
    0.6736,
    0.6736,
    0.6736,
    0.6736,
    0.6736,
    0.6736,
    0.6736,
    0.7005771802235375,
    0.7005771802235375,
    0.7005771802235375,
    0.7005771802235375,
    0.739479511819871,
    0.739479511819871,
    0.790131009002802
  ],
  "amplification_iterations": [
    0,
    0,
    0,
    0,
    0,
    0,
    0,
    0,
    0,
    0,
    0,
    0,
    0,
    0,
    0
  ],
  "final_logical_error": 0.17309074513170547,
  "initial_logical_error": 0.48000000000000004,
  "error_reduction_ratio": 0.3606057190243864,
  "timestamp": "2025-09-09T15:32:30.786350"
}