{
  "M": 10,
  "N": 64,
  "physical_error_rate": 0.95,
  "noise_type": "depolarizing",
  "logical_error_evolution": [
    0.9990234374999031,
    0.9990234374999029,
    0.9990234374999029,
    0.9990234374999027,
    0.9990234374999027,
    0.9990234374999027,
    0.9990234374999026
  ],
  "fidelity_evolution": [
    0.03125000000156167,
    0.03125000000156319,
    0.031250000001564714,
    0.03125000000156624,
    0.031250000001567774,
    0.0312500000015693,
    0.031250000001570834
  ],
  "purity_evolution": [
    0.0009765625,
    0.0009765625,
    0.0009765625000000002,
    0.0009765625000000004,
    0.0009765625000000007,
    0.0009765625000000009,
    0.000976562500000001
  ],
  "success_probabilities": [
    0.50048828125,
    0.50048828125,
    0.50048828125,
    0.50048828125,
    0.50048828125,
    0.50048828125,
    0.50048828125,
    0.50048828125,
    0.50048828125,
    0.50048828125,
    0.50048828125,
    0.50048828125,
    0.50048828125,
    0.50048828125,
    0.50048828125,
    0.50048828125,
    0.50048828125,
    0.50048828125,
    0.50048828125,
    0.50048828125,
    0.50048828125,
    0.50048828125,
    0.50048828125,
    0.50048828125,
    0.50048828125,
    0.50048828125,
    0.50048828125,
    0.50048828125,
    0.50048828125,
    0.50048828125,
    0.50048828125,
    0.50048828125,
    0.50048828125,
    0.50048828125,
    0.50048828125,
    0.50048828125,
    0.50048828125,
    0.50048828125,
    0.50048828125,
    0.50048828125,
    0.50048828125,
    0.50048828125,
    0.50048828125,
    0.50048828125,
    0.50048828125,
    0.50048828125,
    0.50048828125,
    0.50048828125,
    0.50048828125,
    0.50048828125,
    0.50048828125,
    0.50048828125,
    0.50048828125,
    0.50048828125,
    0.50048828125,
    0.50048828125,
    0.50048828125,
    0.50048828125,
    0.50048828125,
    0.50048828125,
    0.50048828125,
    0.50048828125,
    0.50048828125
  ],
  "amplification_iterations": [
    0,
    0,
    0,
    0,
    0,
    0,
    0,
    0,
    0,
    0,
    0,
    0,
    0,
    0,
    0,
    0,
    0,
    0,
    0,
    0,
    0,
    0,
    0,
    0,
    0,
    0,
    0,
    0,
    0,
    0,
    0,
    0,
    0,
    0,
    0,
    0,
    0,
    0,
    0,
    0,
    0,
    0,
    0,
    0,
    0,
    0,
    0,
    0,
    0,
    0,
    0,
    0,
    0,
    0,
    0,
    0,
    0,
    0,
    0,
    0,
    0,
    0,
    0
  ],
  "final_logical_error": 0.9990234374999026,
  "initial_logical_error": 0.9990234374999031,
  "error_reduction_ratio": 0.9999999999999996,
  "timestamp": "2025-09-09T16:59:55.492130"
}