{
  "M": 6,
  "N": 8,
  "physical_error_rate": 0.7,
  "noise_type": "depolarizing",
  "logical_error_evolution": [
    0.9836573906249998,
    0.9836458518639065,
    0.9836341194257684,
    0.9836221897957813
  ],
  "fidelity_evolution": [
    0.12783821562819148,
    0.12788333799245907,
    0.12792920141324943,
    0.12797581882613185
  ],
  "purity_evolution": [
    0.015625523137234375,
    0.015625540096004437,
    0.015625557616787585,
    0.015625575718809983
  ],
  "success_probabilities": [
    0.5078127615686172,
    0.5078127615686172,
    0.5078127615686172,
    0.5078127615686172,
    0.5078127700480022,
    0.5078127700480022,
    0.5078127788083938
  ],
  "amplification_iterations": [
    0,
    0,
    0,
    0,
    0,
    0,
    0
  ],
  "final_logical_error": 0.9836221897957813,
  "initial_logical_error": 0.9836573906249998,
  "error_reduction_ratio": 0.9999642143397143,
  "timestamp": "2025-09-09T16:26:29.041044"
}