{
  "M": 8,
  "N": 16,
  "physical_error_rate": 0.8,
  "noise_type": "depolarizing",
  "logical_error_evolution": [
    0.9960912000000003,
    0.9960911900713685,
    0.9960911801040554,
    0.9960911700979077,
    0.9960911600527743
  ],
  "fidelity_evolution": [
    0.06252039667180612,
    0.06252047607488889,
    0.06252055578723423,
    0.06252063581004781,
    0.06252071614454008
  ],
  "purity_evolution": [
    0.003906250006528,
    0.003906250006578932,
    0.003906250006630265,
    0.003906250006681996,
    0.003906250006734134
  ],
  "success_probabilities": [
    0.5019531250032641,
    0.5019531250032641,
    0.5019531250032641,
    0.5019531250032641,
    0.5019531250032641,
    0.5019531250032641,
    0.5019531250032641,
    0.5019531250032641,
    0.5019531250032895,
    0.5019531250032895,
    0.5019531250032895,
    0.5019531250032895,
    0.5019531250033151,
    0.5019531250033151,
    0.501953125003341
  ],
  "amplification_iterations": [
    0,
    0,
    0,
    0,
    0,
    0,
    0,
    0,
    0,
    0,
    0,
    0,
    0,
    0,
    0
  ],
  "final_logical_error": 0.9960911600527743,
  "initial_logical_error": 0.9960912000000003,
  "error_reduction_ratio": 0.9999999598960155,
  "timestamp": "2025-09-09T16:29:34.626872"
}