{
  "M": 3,
  "N": 128,
  "physical_error_rate": 0.5,
  "noise_type": "depolarizing",
  "logical_error_evolution": [
    0.765625,
    0.745926243567753,
    0.7214894416918238,
    0.6908856665186289,
    0.652271322586248,
    0.6034137926672175,
    0.5419923727700819,
    0.4665180475905236
  ],
  "fidelity_evolution": [
    0.4841229182759271,
    0.5040572947912241,
    0.5277409954780623,
    0.5559805153792452,
    0.589685235879068,
    0.6297509089574881,
    0.676762607736212,
    0.7303984887781987
  ],
  "purity_evolution": [
    0.138671875,
    0.14404003954232117,
    0.15193199029952908,
    0.16374067176375945,
    0.18169492999140477,
    0.20929607772960587,
    0.2517360911923428,
    0.31569429193629456
  ],
  "success_probabilities": [
    0.5693359375,
    0.5693359375,
    0.5693359375,
    0.5693359375,
    0.5693359375,
    0.5693359375,
    0.5693359375,
    0.5693359375,
    0.5693359375,
    0.5693359375,
    0.5693359375,
    0.5693359375,
    0.5693359375,
    0.5693359375,
    0.5693359375,
    0.5693359375,
    0.5693359375,
    0.5693359375,
    0.5693359375,
    0.5693359375,
    0.5693359375,
    0.5693359375,
    0.5693359375,
    0.5693359375,
    0.5693359375,
    0.5693359375,
    0.5693359375,
    0.5693359375,
    0.5693359375,
    0.5693359375,
    0.5693359375,
    0.5693359375,
    0.5693359375,
    0.5693359375,
    0.5693359375,
    0.5693359375,
    0.5693359375,
    0.5693359375,
    0.5693359375,
    0.5693359375,
    0.5693359375,
    0.5693359375,
    0.5693359375,
    0.5693359375,
    0.5693359375,
    0.5693359375,
    0.5693359375,
    0.5693359375,
    0.5693359375,
    0.5693359375,
    0.5693359375,
    0.5693359375,
    0.5693359375,
    0.5693359375,
    0.5693359375,
    0.5693359375,
    0.5693359375,
    0.5693359375,
    0.5693359375,
    0.5693359375,
    0.5693359375,
    0.5693359375,
    0.5693359375,
    0.5693359375,
    0.5720200197711606,
    0.5720200197711606,
    0.5720200197711606,
    0.5720200197711606,
    0.5720200197711606,
    0.5720200197711606,
    0.5720200197711606,
    0.5720200197711606,
    0.5720200197711606,
    0.5720200197711606,
    0.5720200197711606,
    0.5720200197711606,
    0.5720200197711606,
    0.5720200197711606,
    0.5720200197711606,
    0.5720200197711606,
    0.5720200197711606,
    0.5720200197711606,
    0.5720200197711606,
    0.5720200197711606,
    0.5720200197711606,
    0.5720200197711606,
    0.5720200197711606,
    0.5720200197711606,
    0.5720200197711606,
    0.5720200197711606,
    0.5720200197711606,
    0.5720200197711606,
    0.5720200197711606,
    0.5720200197711606,
    0.5720200197711606,
    0.5720200197711606,
    0.5759659951497645,
    0.5759659951497645,
    0.5759659951497645,
    0.5759659951497645,
    0.5759659951497645,
    0.5759659951497645,
    0.5759659951497645,
    0.5759659951497645,
    0.5759659951497645,
    0.5759659951497645,
    0.5759659951497645,
    0.5759659951497645,
    0.5759659951497645,
    0.5759659951497645,
    0.5759659951497645,
    0.5759659951497645,
    0.5818703358818798,
    0.5818703358818798,
    0.5818703358818798,
    0.5818703358818798,
    0.5818703358818798,
    0.5818703358818798,
    0.5818703358818798,
    0.5818703358818798,
    0.5908474649957024,
    0.5908474649957024,
    0.5908474649957024,
    0.5908474649957024,
    0.6046480388648029,
    0.6046480388648029,
    0.6258680455961714
  ],
  "amplification_iterations": [
    0,
    0,
    0,
    0,
    0,
    0,
    0,
    0,
    0,
    0,
    0,
    0,
    0,
    0,
    0,
    0,
    0,
    0,
    0,
    0,
    0,
    0,
    0,
    0,
    0,
    0,
    0,
    0,
    0,
    0,
    0,
    0,
    0,
    0,
    0,
    0,
    0,
    0,
    0,
    0,
    0,
    0,
    0,
    0,
    0,
    0,
    0,
    0,
    0,
    0,
    0,
    0,
    0,
    0,
    0,
    0,
    0,
    0,
    0,
    0,
    0,
    0,
    0,
    0,
    0,
    0,
    0,
    0,
    0,
    0,
    0,
    0,
    0,
    0,
    0,
    0,
    0,
    0,
    0,
    0,
    0,
    0,
    0,
    0,
    0,
    0,
    0,
    0,
    0,
    0,
    0,
    0,
    0,
    0,
    0,
    0,
    0,
    0,
    0,
    0,
    0,
    0,
    0,
    0,
    0,
    0,
    0,
    0,
    0,
    0,
    0,
    0,
    0,
    0,
    0,
    0,
    0,
    0,
    0,
    0,
    0,
    0,
    0,
    0,
    0,
    0,
    0
  ],
  "final_logical_error": 0.4665180475905236,
  "initial_logical_error": 0.765625,
  "error_reduction_ratio": 0.6093296948121125,
  "timestamp": "2025-09-09T16:26:22.654274"
}