{
  "M": 6,
  "N": 16,
  "physical_error_rate": 0.8,
  "noise_type": "depolarizing",
  "logical_error_evolution": [
    0.9843120000000002,
    0.984311026923577,
    0.9843100387570368,
    0.9843090352644901,
    0.9843080162063005
  ],
  "fidelity_evolution": [
    0.12525174649480922,
    0.12525563091702865,
    0.12525957545418662,
    0.12526358104217714,
    0.12526764863163775
  ],
  "purity_evolution": [
    0.015625004031999998,
    0.01562500415751569,
    0.015625004286946624,
    0.015625004420415315,
    0.015625004558048113
  ],
  "success_probabilities": [
    0.507812502016,
    0.507812502016,
    0.507812502016,
    0.507812502016,
    0.507812502016,
    0.507812502016,
    0.507812502016,
    0.507812502016,
    0.5078125020787578,
    0.5078125020787578,
    0.5078125020787578,
    0.5078125020787578,
    0.5078125021434733,
    0.5078125021434733,
    0.5078125022102077
  ],
  "amplification_iterations": [
    0,
    0,
    0,
    0,
    0,
    0,
    0,
    0,
    0,
    0,
    0,
    0,
    0,
    0,
    0
  ],
  "final_logical_error": 0.9843080162063005,
  "initial_logical_error": 0.9843120000000002,
  "error_reduction_ratio": 0.9999959527124532,
  "timestamp": "2025-09-09T16:28:56.640906"
}