{
  "M": 2,
  "N": 8,
  "physical_error_rate": 0.7,
  "noise_type": "depolarizing",
  "logical_error_evolution": [
    0.6825,
    0.6669735087474871,
    0.64744580810981,
    0.6227532302528744
  ],
  "fidelity_evolution": [
    0.5634713834792323,
    0.5770844749709637,
    0.5937627404024187,
    0.6142041759440631
  ],
  "purity_evolution": [
    0.25607500000000005,
    0.25919119766627147,
    0.26402314969899987,
    0.2715889872147707
  ],
  "success_probabilities": [
    0.6280375,
    0.6280375,
    0.6280375,
    0.6280375,
    0.6295955988331358,
    0.6295955988331358,
    0.6320115748494999
  ],
  "amplification_iterations": [
    0,
    0,
    0,
    0,
    0,
    0,
    0
  ],
  "final_logical_error": 0.6227532302528744,
  "initial_logical_error": 0.6825,
  "error_reduction_ratio": 0.912458945425457,
  "timestamp": "2025-09-09T16:28:48.911654"
}