{
  "M": 1,
  "N": 16,
  "physical_error_rate": 0.65,
  "noise_type": "depolarizing",
  "logical_error_evolution": [
    0.32499999999999996,
    0.27582065652522014,
    0.21986559604357808,
    0.16186751823276105,
    0.10879399868413286
  ],
  "fidelity_evolution": [
    0.8215838362577492,
    0.8509872757419936,
    0.8832521746117707,
    0.9154957573726047,
    0.9440370762400527
  ],
  "purity_evolution": [
    0.56125,
    0.6005127560815668,
    0.6569505685600396,
    0.7286671504521445,
    0.8060842709311005
  ],
  "success_probabilities": [
    0.780625,
    0.780625,
    0.780625,
    0.780625,
    0.780625,
    0.780625,
    0.780625,
    0.780625,
    0.8002563780407834,
    0.8002563780407834,
    0.8002563780407834,
    0.8002563780407834,
    0.8284752842800198,
    0.8284752842800198,
    0.8643335752260722
  ],
  "amplification_iterations": [
    0,
    0,
    0,
    0,
    0,
    0,
    0,
    0,
    0,
    0,
    0,
    0,
    0,
    0,
    0
  ],
  "final_logical_error": 0.10879399868413286,
  "initial_logical_error": 0.32499999999999996,
  "error_reduction_ratio": 0.3347507651819473,
  "timestamp": "2025-09-09T15:32:30.249611"
}