{
  "M": 5,
  "N": 64,
  "physical_error_rate": 0.5,
  "noise_type": "depolarizing",
  "logical_error_evolution": [
    0.9384765625,
    0.9367285205333649,
    0.9348307577395925,
    0.9327646818665857,
    0.9305085906469696,
    0.9280370119206163,
    0.9253198731725261
  ],
  "fidelity_evolution": [
    0.24803918541230538,
    0.2515382266508117,
    0.2552826712889214,
    0.25929774031682995,
    0.26361223293510183,
    0.2682591807923516,
    0.273276648888034
  ],
  "purity_evolution": [
    0.032196044921875,
    0.03230845176488478,
    0.03243762838247247,
    0.03258671547991021,
    0.032759579756703,
    0.032961016669266596,
    0.03319702030064561
  ],
  "success_probabilities": [
    0.5160980224609375,
    0.5160980224609375,
    0.5160980224609375,
    0.5160980224609375,
    0.5160980224609375,
    0.5160980224609375,
    0.5160980224609375,
    0.5160980224609375,
    0.5160980224609375,
    0.5160980224609375,
    0.5160980224609375,
    0.5160980224609375,
    0.5160980224609375,
    0.5160980224609375,
    0.5160980224609375,
    0.5160980224609375,
    0.5160980224609375,
    0.5160980224609375,
    0.5160980224609375,
    0.5160980224609375,
    0.5160980224609375,
    0.5160980224609375,
    0.5160980224609375,
    0.5160980224609375,
    0.5160980224609375,
    0.5160980224609375,
    0.5160980224609375,
    0.5160980224609375,
    0.5160980224609375,
    0.5160980224609375,
    0.5160980224609375,
    0.5160980224609375,
    0.5161542258824424,
    0.5161542258824424,
    0.5161542258824424,
    0.5161542258824424,
    0.5161542258824424,
    0.5161542258824424,
    0.5161542258824424,
    0.5161542258824424,
    0.5161542258824424,
    0.5161542258824424,
    0.5161542258824424,
    0.5161542258824424,
    0.5161542258824424,
    0.5161542258824424,
    0.5161542258824424,
    0.5161542258824424,
    0.5162188141912363,
    0.5162188141912363,
    0.5162188141912363,
    0.5162188141912363,
    0.5162188141912363,
    0.5162188141912363,
    0.5162188141912363,
    0.5162188141912363,
    0.5162933577399551,
    0.5162933577399551,
    0.5162933577399551,
    0.5162933577399551,
    0.5163797898783515,
    0.5163797898783515,
    0.5164805083346333
  ],
  "amplification_iterations": [
    0,
    0,
    0,
    0,
    0,
    0,
    0,
    0,
    0,
    0,
    0,
    0,
    0,
    0,
    0,
    0,
    0,
    0,
    0,
    0,
    0,
    0,
    0,
    0,
    0,
    0,
    0,
    0,
    0,
    0,
    0,
    0,
    0,
    0,
    0,
    0,
    0,
    0,
    0,
    0,
    0,
    0,
    0,
    0,
    0,
    0,
    0,
    0,
    0,
    0,
    0,
    0,
    0,
    0,
    0,
    0,
    0,
    0,
    0,
    0,
    0,
    0,
    0
  ],
  "final_logical_error": 0.9253198731725261,
  "initial_logical_error": 0.9384765625,
  "error_reduction_ratio": 0.9859808013825876,
  "timestamp": "2025-09-09T16:11:15.440131"
}