{
  "M": 1,
  "N": 512,
  "physical_error_rate": 0.8,
  "noise_type": "depolarizing",
  "logical_error_evolution": [
    0.4,
    0.368421052631579,
    0.3285198555956679,
    0.27998595388191233,
    0.2244334381489054,
    0.16635883220815217,
    0.11263810068147194,
    0.06962143663455542,
    0.039813159781735497,
    0.02152186306970917
  ],
  "fidelity_evolution": [
    0.7745966692414834,
    0.7947194142390263,
    0.8194389204842129,
    0.8485364141379483,
    0.8806625698024725,
    0.9130395214840636,
    0.9419988849879432,
    0.9645613320911453,
    0.9798912389741345,
    0.9891805380871032
  ],
  "purity_evolution": [
    0.52,
    0.5346260387811634,
    0.5588108798498612,
    0.5968123609785041,
    0.6518738600208663,
    0.7226328576910159,
    0.8000984820873149,
    0.870451415609008,
    0.923543855820141,
    0.9578826550405644
  ],
  "success_probabilities": [
    0.76,
    0.76,
    0.76,
    0.76,
    0.76,
    0.76,
    0.76,
    0.76,
    0.76,
    0.76,
    0.76,
    0.76,
    0.76,
    0.76,
    0.76,
    0.76,
    0.76,
    0.76,
    0.76,
    0.76,
    0.76,
    0.76,
    0.76,
    0.76,
    0.76,
    0.76,
    0.76,
    0.76,
    0.76,
    0.76,
    0.76,
    0.76,
    0.76,
    0.76,
    0.76,
    0.76,
    0.76,
    0.76,
    0.76,
    0.76,
    0.76,
    0.76,
    0.76,
    0.76,
    0.76,
    0.76,
    0.76,
    0.76,
    0.76,
    0.76,
    0.76,
    0.76,
    0.76,
    0.76,
    0.76,
    0.76,
    0.76,
    0.76,
    0.76,
    0.76,
    0.76,
    0.76,
    0.76,
    0.76,
    0.76,
    0.76,
    0.76,
    0.76,
    0.76,
    0.76,
    0.76,
    0.76,
    0.76,
    0.76,
    0.76,
    0.76,
    0.76,
    0.76,
    0.76,
    0.76,
    0.76,
    0.76,
    0.76,
    0.76,
    0.76,
    0.76,
    0.76,
    0.76,
    0.76,
    0.76,
    0.76,
    0.76,
    0.76,
    0.76,
    0.76,
    0.76,
    0.76,
    0.76,
    0.76,
    0.76,
    0.76,
    0.76,
    0.76,
    0.76,
    0.76,
    0.76,
    0.76,
    0.76,
    0.76,
    0.76,
    0.76,
    0.76,
    0.76,
    0.76,
    0.76,
    0.76,
    0.76,
    0.76,
    0.76,
    0.76,
    0.76,
    0.76,
    0.76,
    0.76,
    0.76,
    0.76,
    0.76,
    0.76,
    0.76,
    0.76,
    0.76,
    0.76,
    0.76,
    0.76,
    0.76,
    0.76,
    0.76,
    0.76,
    0.76,
    0.76,
    0.76,
    0.76,
    0.76,
    0.76,
    0.76,
    0.76,
    0.76,
    0.76,
    0.76,
    0.76,
    0.76,
    0.76,
    0.76,
    0.76,
    0.76,
    0.76,
    0.76,
    0.76,
    0.76,
    0.76,
    0.76,
    0.76,
    0.76,
    0.76,
    0.76,
    0.76,
    0.76,
    0.76,
    0.76,
    0.76,
    0.76,
    0.76,
    0.76,
    0.76,
    0.76,
    0.76,
    0.76,
    0.76,
    0.76,
    0.76,
    0.76,
    0.76,
    0.76,
    0.76,
    0.76,
    0.76,
    0.76,
    0.76,
    0.76,
    0.76,
    0.76,
    0.76,
    0.76,
    0.76,
    0.76,
    0.76,
    0.76,
    0.76,
    0.76,
    0.76,
    0.76,
    0.76,
    0.76,
    0.76,
    0.76,
    0.76,
    0.76,
    0.76,
    0.76,
    0.76,
    0.76,
    0.76,
    0.76,
    0.76,
    0.76,
    0.76,
    0.76,
    0.76,
    0.76,
    0.76,
    0.76,
    0.76,
    0.76,
    0.76,
    0.76,
    0.76,
    0.76,
    0.76,
    0.76,
    0.76,
    0.76,
    0.76,
    0.76,
    0.76,
    0.76,
    0.76,
    0.76,
    0.76,
    0.76,
    0.76,
    0.76,
    0.76,
    0.76,
    0.76,
    0.76,
    0.76,
    0.76,
    0.76,
    0.76,
    0.76,
    0.76,
    0.76,
    0.76,
    0.76,
    0.76,
    0.76,
    0.7673130193905817,
    0.7673130193905817,
    0.7673130193905817,
    0.7673130193905817,
    0.7673130193905817,
    0.7673130193905817,
    0.7673130193905817,
    0.7673130193905817,
    0.7673130193905817,
    0.7673130193905817,
    0.7673130193905817,
    0.7673130193905817,
    0.7673130193905817,
    0.7673130193905817,
    0.7673130193905817,
    0.7673130193905817,
    0.7673130193905817,
    0.7673130193905817,
    0.7673130193905817,
    0.7673130193905817,
    0.7673130193905817,
    0.7673130193905817,
    0.7673130193905817,
    0.7673130193905817,
    0.7673130193905817,
    0.7673130193905817,
    0.7673130193905817,
    0.7673130193905817,
    0.7673130193905817,
    0.7673130193905817,
    0.7673130193905817,
    0.7673130193905817,
    0.7673130193905817,
    0.7673130193905817,
    0.7673130193905817,
    0.7673130193905817,
    0.7673130193905817,
    0.7673130193905817,
    0.7673130193905817,
    0.7673130193905817,
    0.7673130193905817,
    0.7673130193905817,
    0.7673130193905817,
    0.7673130193905817,
    0.7673130193905817,
    0.7673130193905817,
    0.7673130193905817,
    0.7673130193905817,
    0.7673130193905817,
    0.7673130193905817,
    0.7673130193905817,
    0.7673130193905817,
    0.7673130193905817,
    0.7673130193905817,
    0.7673130193905817,
    0.7673130193905817,
    0.7673130193905817,
    0.7673130193905817,
    0.7673130193905817,
    0.7673130193905817,
    0.7673130193905817,
    0.7673130193905817,
    0.7673130193905817,
    0.7673130193905817,
    0.7673130193905817,
    0.7673130193905817,
    0.7673130193905817,
    0.7673130193905817,
    0.7673130193905817,
    0.7673130193905817,
    0.7673130193905817,
    0.7673130193905817,
    0.7673130193905817,
    0.7673130193905817,
    0.7673130193905817,
    0.7673130193905817,
    0.7673130193905817,
    0.7673130193905817,
    0.7673130193905817,
    0.7673130193905817,
    0.7673130193905817,
    0.7673130193905817,
    0.7673130193905817,
    0.7673130193905817,
    0.7673130193905817,
    0.7673130193905817,
    0.7673130193905817,
    0.7673130193905817,
    0.7673130193905817,
    0.7673130193905817,
    0.7673130193905817,
    0.7673130193905817,
    0.7673130193905817,
    0.7673130193905817,
    0.7673130193905817,
    0.7673130193905817,
    0.7673130193905817,
    0.7673130193905817,
    0.7673130193905817,
    0.7673130193905817,
    0.7673130193905817,
    0.7673130193905817,
    0.7673130193905817,
    0.7673130193905817,
    0.7673130193905817,
    0.7673130193905817,
    0.7673130193905817,
    0.7673130193905817,
    0.7673130193905817,
    0.7673130193905817,
    0.7673130193905817,
    0.7673130193905817,
    0.7673130193905817,
    0.7673130193905817,
    0.7673130193905817,
    0.7673130193905817,
    0.7673130193905817,
    0.7673130193905817,
    0.7673130193905817,
    0.7673130193905817,
    0.7673130193905817,
    0.7673130193905817,
    0.7673130193905817,
    0.7673130193905817,
    0.7673130193905817,
    0.7673130193905817,
    0.7673130193905817,
    0.7673130193905817,
    0.7794054399249306,
    0.7794054399249306,
    0.7794054399249306,
    0.7794054399249306,
    0.7794054399249306,
    0.7794054399249306,
    0.7794054399249306,
    0.7794054399249306,
    0.7794054399249306,
    0.7794054399249306,
    0.7794054399249306,
    0.7794054399249306,
    0.7794054399249306,
    0.7794054399249306,
    0.7794054399249306,
    0.7794054399249306,
    0.7794054399249306,
    0.7794054399249306,
    0.7794054399249306,
    0.7794054399249306,
    0.7794054399249306,
    0.7794054399249306,
    0.7794054399249306,
    0.7794054399249306,
    0.7794054399249306,
    0.7794054399249306,
    0.7794054399249306,
    0.7794054399249306,
    0.7794054399249306,
    0.7794054399249306,
    0.7794054399249306,
    0.7794054399249306,
    0.7794054399249306,
    0.7794054399249306,
    0.7794054399249306,
    0.7794054399249306,
    0.7794054399249306,
    0.7794054399249306,
    0.7794054399249306,
    0.7794054399249306,
    0.7794054399249306,
    0.7794054399249306,
    0.7794054399249306,
    0.7794054399249306,
    0.7794054399249306,
    0.7794054399249306,
    0.7794054399249306,
    0.7794054399249306,
    0.7794054399249306,
    0.7794054399249306,
    0.7794054399249306,
    0.7794054399249306,
    0.7794054399249306,
    0.7794054399249306,
    0.7794054399249306,
    0.7794054399249306,
    0.7794054399249306,
    0.7794054399249306,
    0.7794054399249306,
    0.7794054399249306,
    0.7794054399249306,
