{
  "M": 10,
  "N": 8,
  "physical_error_rate": 0.9,
  "noise_type": "depolarizing",
  "logical_error_evolution": [
    0.9990234374000974,
    0.9990234374000005,
    0.9990234373999021,
    0.9990234373998049
  ],
  "fidelity_evolution": [
    0.03125000159843759,
    0.031250001599997045,
    0.03125000160155801,
    0.03125000160312051
  ],
  "purity_evolution": [
    0.0009765625,
    0.0009765624999999998,
    0.0009765624999999998,
    0.0009765624999999998
  ],
  "success_probabilities": [
    0.50048828125,
    0.50048828125,
    0.50048828125,
    0.50048828125,
    0.50048828125,
    0.50048828125,
    0.50048828125
  ],
  "amplification_iterations": [
    0,
    0,
    0,
    0,
    0,
    0,
    0
  ],
  "final_logical_error": 0.9990234373998049,
  "initial_logical_error": 0.9990234374000974,
  "error_reduction_ratio": 0.9999999999997072,
  "timestamp": "2025-09-09T16:53:44.481604"
}