{
  "M": 2,
  "N": 32,
  "physical_error_rate": 0.8,
  "noise_type": "depolarizing",
  "logical_error_evolution": [
    0.72,
    0.7135549872122762,
    0.7056204669439625,
    0.6958079864887582,
    0.683611270774758,
    0.6683666601520325
  ],
  "fidelity_evolution": [
    0.5291502622129182,
    0.535205579929548,
    0.5425675377831202,
    0.5515360491493206,
    0.5624844257623869,
    0.5758761497474674
  ],
  "purity_evolution": [
    0.2512,
    0.25177098527612984,
    0.25262605727236265,
    0.2539156991045368,
    0.2558766178241901,
    0.2588853362329784
  ],
  "success_probabilities": [
    0.6255999999999999,
    0.6255999999999999,
    0.6255999999999999,
    0.6255999999999999,
    0.6255999999999999,
    0.6255999999999999,
    0.6255999999999999,
    0.6255999999999999,
    0.6255999999999999,
    0.6255999999999999,
    0.6255999999999999,
    0.6255999999999999,
    0.6255999999999999,
    0.6255999999999999,
    0.6255999999999999,
    0.6255999999999999,
    0.6258854926380649,
    0.6258854926380649,
    0.6258854926380649,
    0.6258854926380649,
    0.6258854926380649,
    0.6258854926380649,
    0.6258854926380649,
    0.6258854926380649,
    0.6263130286361813,
    0.6263130286361813,
    0.6263130286361813,
    0.6263130286361813,
    0.6269578495522684,
    0.6269578495522684,
    0.627938308912095
  ],
  "amplification_iterations": [
    0,
    0,
    0,
    0,
    0,
    0,
    0,
    0,
    0,
    0,
    0,
    0,
    0,
    0,
    0,
    0,
    0,
    0,
    0,
    0,
    0,
    0,
    0,
    0,
    0,
    0,
    0,
    0,
    0,
    0,
    0
  ],
  "final_logical_error": 0.6683666601520325,
  "initial_logical_error": 0.72,
  "error_reduction_ratio": 0.928287027988934,
  "timestamp": "2025-09-09T16:26:20.836169"
}