{
  "M": 1,
  "N": 8,
  "physical_error_rate": 0.2,
  "noise_type": "depolarizing",
  "logical_error_evolution": [
    0.09999999999999999,
    0.06043956043956045,
    0.03397561053676029,
    0.018161044852027304
  ],
  "fidelity_evolution": [
    0.9486832980505138,
    0.969309258988296,
    0.9828653974289865,
    0.9908778709548279
  ],
  "purity_evolution": [
    0.8200000000000001,
    0.8864267600531337,
    0.9343574631491705,
    0.9643375573961801
  ],
  "success_probabilities": [
    0.91,
    0.91,
    0.91,
    0.91,
    0.9432133800265668,
    0.9432133800265668,
    0.9671787315745852
  ],
  "amplification_iterations": [
    0,
    0,
    0,
    0,
    0,
    0,
    0
  ],
  "final_logical_error": 0.018161044852027304,
  "initial_logical_error": 0.09999999999999999,
  "error_reduction_ratio": 0.18161044852027305,
  "timestamp": "2025-09-09T15:32:30.708215"
}