{
  "M": 6,
  "N": 8,
  "physical_error_rate": 0.1,
  "noise_type": "depolarizing",
  "logical_error_evolution": [
    0.4612377656249999,
    0.35915249200248145,
    0.25567461171537936,
    0.16508210002079496
  ],
  "fidelity_evolution": [
    0.7340042468371692,
    0.8005295172556216,
    0.8627429445000525,
    0.913738419887883
  ],
  "purity_evolution": [
    0.29364157497348453,
    0.41273299695919446,
    0.5550578948684767,
    0.6975204727175475
  ],
  "success_probabilities": [
    0.6468207874867422,
    0.6468207874867422,
    0.6468207874867422,
    0.6468207874867422,
    0.7063664984795972,
    0.7063664984795972,
    0.7775289474342384
  ],
  "amplification_iterations": [
    0,
    0,
    0,
    0,
    0,
    0,
    0
  ],
  "final_logical_error": 0.16508210002079496,
  "initial_logical_error": 0.4612377656249999,
  "error_reduction_ratio": 0.357911065233569,
  "timestamp": "2025-09-09T16:28:56.569124"
}