{
  "M": 4,
  "N": 512,
  "physical_error_rate": 0.99,
  "noise_type": "depolarizing",
  "logical_error_evolution": [
    0.9374999906249999,
    0.9374999900735294,
    0.9374999894896191,
    0.9374999888713613,
    0.9374999882167354,
    0.9374999875236021,
    0.9374999867896963,
    0.9374999860126194,
    0.937499985189832,
    0.9374999843186456
  ],
  "fidelity_evolution": [
    0.2500000187499994,
    0.2500000198529407,
    0.25000002102076085,
    0.2500000222572763,
    0.250000023566528,
    0.25000002495279455,
    0.25000002642060615,
    0.2500000279747597,
    0.250000029620334,
    0.25000003136270693
  ],
  "purity_evolution": [
    0.0625000000000001,
    0.06250000000000012,
    0.06250000000000012,
    0.06250000000000014,
    0.06250000000000014,
    0.06250000000000017,
    0.0625000000000002,
    0.06250000000000022,
    0.06250000000000022,
    0.06250000000000026
  ],
  "success_probabilities": [
    0.53125,
    0.53125,
    0.53125,
    0.53125,
    0.53125,
    0.53125,
    0.53125,
    0.53125,
    0.53125,
    0.53125,
    0.53125,
    0.53125,
    0.53125,
    0.53125,
    0.53125,
    0.53125,
    0.53125,
    0.53125,
    0.53125,
    0.53125,
    0.53125,
    0.53125,
    0.53125,
    0.53125,
    0.53125,
    0.53125,
    0.53125,
    0.53125,
    0.53125,
    0.53125,
    0.53125,
    0.53125,
    0.53125,
    0.53125,
    0.53125,
    0.53125,
    0.53125,
    0.53125,
    0.53125,
    0.53125,
    0.53125,
    0.53125,
    0.53125,
    0.53125,
    0.53125,
    0.53125,
    0.53125,
    0.53125,
    0.53125,
    0.53125,
    0.53125,
    0.53125,
    0.53125,
    0.53125,
    0.53125,
    0.53125,
    0.53125,
    0.53125,
    0.53125,
    0.53125,
    0.53125,
    0.53125,
    0.53125,
    0.53125,
    0.53125,
    0.53125,
    0.53125,
    0.53125,
    0.53125,
    0.53125,
    0.53125,
    0.53125,
    0.53125,
    0.53125,
    0.53125,
    0.53125,
    0.53125,
    0.53125,
    0.53125,
    0.53125,
    0.53125,
    0.53125,
    0.53125,
    0.53125,
    0.53125,
    0.53125,
    0.53125,
    0.53125,
    0.53125,
    0.53125,
    0.53125,
    0.53125,
    0.53125,
    0.53125,
    0.53125,
    0.53125,
    0.53125,
    0.53125,
    0.53125,
    0.53125,
    0.53125,
    0.53125,
    0.53125,
    0.53125,
    0.53125,
    0.53125,
    0.53125,
    0.53125,
    0.53125,
    0.53125,
    0.53125,
    0.53125,
    0.53125,
    0.53125,
    0.53125,
    0.53125,
    0.53125,
    0.53125,
    0.53125,
    0.53125,
    0.53125,
    0.53125,
    0.53125,
    0.53125,
    0.53125,
    0.53125,
    0.53125,
    0.53125,
    0.53125,
    0.53125,
    0.53125,
    0.53125,
    0.53125,
    0.53125,
    0.53125,
    0.53125,
    0.53125,
    0.53125,
    0.53125,
    0.53125,
    0.53125,
    0.53125,
    0.53125,
    0.53125,
    0.53125,
    0.53125,
    0.53125,
    0.53125,
    0.53125,
    0.53125,
    0.53125,
    0.53125,
    0.53125,
    0.53125,
    0.53125,
    0.53125,
    0.53125,
    0.53125,
    0.53125,
    0.53125,
    0.53125,
    0.53125,
    0.53125,
    0.53125,
    0.53125,
    0.53125,
    0.53125,
    0.53125,
    0.53125,
    0.53125,
    0.53125,
    0.53125,
    0.53125,
    0.53125,
    0.53125,
    0.53125,
    0.53125,
    0.53125,
    0.53125,
    0.53125,
    0.53125,
    0.53125,
    0.53125,
    0.53125,
    0.53125,
    0.53125,
    0.53125,
    0.53125,
    0.53125,
    0.53125,
    0.53125,
    0.53125,
    0.53125,
    0.53125,
    0.53125,
    0.53125,
    0.53125,
    0.53125,
    0.53125,
    0.53125,
    0.53125,
    0.53125,
    0.53125,
    0.53125,
    0.53125,
    0.53125,
    0.53125,
    0.53125,
    0.53125,
    0.53125,
    0.53125,
    0.53125,
    0.53125,
    0.53125,
    0.53125,
    0.53125,
    0.53125,
    0.53125,
    0.53125,
    0.53125,
    0.53125,
    0.53125,
    0.53125,
    0.53125,
    0.53125,
    0.53125,
    0.53125,
    0.53125,
    0.53125,
    0.53125,
    0.53125,
    0.53125,
    0.53125,
    0.53125,
    0.53125,
    0.53125,
    0.53125,
    0.53125,
    0.53125,
    0.53125,
    0.53125,
    0.53125,
    0.53125,
    0.53125,
    0.53125,
    0.53125,
    0.53125,
    0.53125,
    0.53125,
    0.53125,
    0.53125,
    0.53125,
    0.53125,
    0.53125,
    0.53125,
    0.53125,
    0.5312500000000001,
    0.5312500000000001,
    0.5312500000000001,
    0.5312500000000001,
    0.5312500000000001,
    0.5312500000000001,
    0.5312500000000001,
    0.5312500000000001,
    0.5312500000000001,
    0.5312500000000001,
    0.5312500000000001,
    0.5312500000000001,
    0.5312500000000001,
    0.5312500000000001,
    0.5312500000000001,
    0.5312500000000001,
    0.5312500000000001,
    0.5312500000000001,
    0.5312500000000001,
    0.5312500000000001,
    0.5312500000000001,
    0.5312500000000001,
    0.5312500000000001,
    0.5312500000000001,
    0.5312500000000001,
    0.5312500000000001,
    0.5312500000000001,
    0.5312500000000001,
    0.5312500000000001,
    0.5312500000000001,
    0.5312500000000001,
    0.5312500000000001,
    0.5312500000000001,
    0.5312500000000001,
    0.5312500000000001,
    0.5312500000000001,
    0.5312500000000001,
    0.5312500000000001,
    0.5312500000000001,
    0.5312500000000001,
    0.5312500000000001,
    0.5312500000000001,
    0.5312500000000001,
    0.5312500000000001,
    0.5312500000000001,
    0.5312500000000001,
    0.5312500000000001,
    0.5312500000000001,
    0.5312500000000001,
    0.5312500000000001,
    0.5312500000000001,
    0.5312500000000001,
    0.5312500000000001,
    0.5312500000000001,
    0.5312500000000001,
    0.5312500000000001,
    0.5312500000000001,
    0.5312500000000001,
    0.5312500000000001,
    0.5312500000000001,
    0.5312500000000001,
    0.5312500000000001,
    0.5312500000000001,
    0.5312500000000001,
    0.5312500000000001,
    0.5312500000000001,
    0.5312500000000001,
    0.5312500000000001,
    0.5312500000000001,
    0.5312500000000001,
    0.5312500000000001,
    0.5312500000000001,
    0.5312500000000001,
    0.5312500000000001,
    0.5312500000000001,
    0.5312500000000001,
    0.5312500000000001,
    0.5312500000000001,
    0.5312500000000001,
    0.5312500000000001,
    0.5312500000000001,
    0.5312500000000001,
    0.5312500000000001,
    0.5312500000000001,
    0.5312500000000001,
    0.5312500000000001,
    0.5312500000000001,
    0.5312500000000001,
    0.5312500000000001,
    0.5312500000000001,
    0.5312500000000001,
    0.5312500000000001,
    0.5312500000000001,
    0.5312500000000001,
    0.5312500000000001,
    0.5312500000000001,
    0.5312500000000001,
    0.5312500000000001,
    0.5312500000000001,
    0.5312500000000001,
    0.5312500000000001,
    0.5312500000000001,
    0.5312500000000001,
    0.5312500000000001,
    0.5312500000000001,
    0.5312500000000001,
    0.5312500000000001,
    0.5312500000000001,
    0.5312500000000001,
    0.5312500000000001,
    0.5312500000000001,
    0.5312500000000001,
    0.5312500000000001,
    0.5312500000000001,
    0.5312500000000001,
    0.5312500000000001,
    0.5312500000000001,
    0.5312500000000001,
    0.5312500000000001,
    0.5312500000000001,
    0.5312500000000001,
    0.5312500000000001,
    0.5312500000000001,
    0.5312500000000001,
    0.5312500000000001,
    0.5312500000000001,
    0.5312500000000001,
    0.5312500000000001,
    0.5312500000000001,
    0.5312500000000001,
    0.5312500000000001,
    0.5312500000000001,
    0.5312500000000001,
    0.5312500000000001,
    0.5312500000000001,
    0.5312500000000001,
    0.5312500000000001,
    0.5312500000000001,
    0.5312500000000001,
    0.5312500000000001,
    0.5312500000000001,
    0.5312500000000001,
    0.5312500000000001,
    0.5312500000000001,
    0.5312500000000001,
    0.5312500000000001,
    0.5312500000000001,
    0.5312500000000001,
    0.5312500000000001,
    0.5312500000000001,
    0.5312500000000001,
    0.5312500000000001,
    0.5312500000000001,
    0.5312500000000001,
    0.5312500000000001,
