{
  "M": 9,
  "N": 16,
  "physical_error_rate": 0.01,
  "noise_type": "depolarizing",
  "logical_error_evolution": [
    0.08631384089035068,
    0.047049640592056956,
    0.024659876842636295,
    0.012638343157699048,
    0.006399697334490915
  ],
  "fidelity_evolution": [
    0.9558693211468027,
    0.9761917636447989,
    0.9875930959445613,
    0.9936607352825716,
    0.9967950153695136
  ],
  "purity_evolution": [
    0.8348369767597561,
    0.908118719528369,
    0.9512895458788323,
    0.974883353981078,
    0.9872416416059657
  ],
  "success_probabilities": [
    0.917418488379878,
    0.917418488379878,
    0.917418488379878,
    0.917418488379878,
    0.917418488379878,
    0.917418488379878,
    0.917418488379878,
    0.917418488379878,
    0.9540593597641844,
    0.9540593597641844,
    0.9540593597641844,
    0.9540593597641844,
    0.9756447729394162,
    0.9756447729394162,
    0.987441676990539
  ],
  "amplification_iterations": [
    0,
    0,
    0,
    0,
    0,
    0,
    0,
    0,
    0,
    0,
    0,
    0,
    0,
    0,
    0
  ],
  "final_logical_error": 0.006399697334490915,
  "initial_logical_error": 0.08631384089035068,
  "error_reduction_ratio": 0.07414450878881418,
  "timestamp": "2025-09-09T16:31:44.892814"
}