{
  "M": 1,
  "N": 16,
  "physical_error_rate": 0.8,
  "noise_type": "depolarizing",
  "logical_error_evolution": [
    0.4,
    0.368421052631579,
    0.3285198555956679,
    0.27998595388191233,
    0.2244334381489054
  ],
  "fidelity_evolution": [
    0.7745966692414834,
    0.7947194142390263,
    0.8194389204842129,
    0.8485364141379483,
    0.8806625698024725
  ],
  "purity_evolution": [
    0.52,
    0.5346260387811634,
    0.5588108798498612,
    0.5968123609785041,
    0.6518738600208663
  ],
  "success_probabilities": [
    0.76,
    0.76,
    0.76,
    0.76,
    0.76,
    0.76,
    0.76,
    0.76,
    0.7673130193905817,
    0.7673130193905817,
    0.7673130193905817,
    0.7673130193905817,
    0.7794054399249306,
    0.7794054399249306,
    0.798406180489252
  ],
  "amplification_iterations": [
    0,
    0,
    0,
    0,
    0,
    0,
    0,
    0,
    0,
    0,
    0,
    0,
    0,
    0,
    0
  ],
  "final_logical_error": 0.2244334381489054,
  "initial_logical_error": 0.4,
  "error_reduction_ratio": 0.5610835953722635,
  "timestamp": "2025-09-09T16:28:47.371942"
}