{
  "M": 3,
  "N": 256,
  "physical_error_rate": 0.8,
  "noise_type": "depolarizing",
  "logical_error_evolution": [
    0.868,
    0.8671852778883895,
    0.8662709875392234,
    0.8652437986106006,
    0.8640883105966669,
    0.8627866617616008,
    0.861318047447001,
    0.8596581226273651,
    0.8577782555020471
  ],
  "fidelity_evolution": [
    0.363318042491699,
    0.364437542127057,
    0.3656897762595731,
    0.36709154360921936,
    0.368662025984957,
    0.3704231880409204,
    0.3724002585297154,
    0.37462231296685317,
    0.3771229832534115
  ],
  "purity_evolution": [
    0.125056,
    0.12506979415049335,
    0.1250870807526176,
    0.12510878110348628,
    0.12513607424643977,
    0.125170475006772,
    0.12521393808647138,
    0.1252689979443622,
    0.12533895826691743
  ],
  "success_probabilities": [
    0.562528,
    0.562528,
    0.562528,
    0.562528,
    0.562528,
    0.562528,
    0.562528,
    0.562528,
    0.562528,
    0.562528,
    0.562528,
    0.562528,
    0.562528,
    0.562528,
    0.562528,
    0.562528,
    0.562528,
    0.562528,
    0.562528,
    0.562528,
    0.562528,
    0.562528,
    0.562528,
    0.562528,
    0.562528,
    0.562528,
    0.562528,
    0.562528,
    0.562528,
    0.562528,
    0.562528,
    0.562528,
    0.562528,
    0.562528,
    0.562528,
    0.562528,
    0.562528,
    0.562528,
    0.562528,
    0.562528,
    0.562528,
    0.562528,
    0.562528,
    0.562528,
    0.562528,
    0.562528,
    0.562528,
    0.562528,
    0.562528,
    0.562528,
    0.562528,
    0.562528,
    0.562528,
    0.562528,
    0.562528,
    0.562528,
    0.562528,
    0.562528,
    0.562528,
    0.562528,
    0.562528,
    0.562528,
    0.562528,
    0.562528,
    0.562528,
    0.562528,
    0.562528,
    0.562528,
    0.562528,
    0.562528,
    0.562528,
    0.562528,
    0.562528,
    0.562528,
    0.562528,
    0.562528,
    0.562528,
    0.562528,
    0.562528,
    0.562528,
    0.562528,
    0.562528,
    0.562528,
    0.562528,
    0.562528,
    0.562528,
    0.562528,
    0.562528,
    0.562528,
    0.562528,
    0.562528,
    0.562528,
    0.562528,
    0.562528,
    0.562528,
    0.562528,
    0.562528,
    0.562528,
    0.562528,
    0.562528,
    0.562528,
    0.562528,
    0.562528,
    0.562528,
    0.562528,
    0.562528,
    0.562528,
    0.562528,
    0.562528,
    0.562528,
    0.562528,
    0.562528,
    0.562528,
    0.562528,
    0.562528,
    0.562528,
    0.562528,
    0.562528,
    0.562528,
    0.562528,
    0.562528,
    0.562528,
    0.562528,
    0.562528,
    0.562528,
    0.562528,
    0.562528,
    0.562528,
    0.5625348970752466,
    0.5625348970752466,
    0.5625348970752466,
    0.5625348970752466,
    0.5625348970752466,
    0.5625348970752466,
    0.5625348970752466,
    0.5625348970752466,
    0.5625348970752466,
    0.5625348970752466,
    0.5625348970752466,
    0.5625348970752466,
    0.5625348970752466,
    0.5625348970752466,
    0.5625348970752466,
    0.5625348970752466,
    0.5625348970752466,
    0.5625348970752466,
    0.5625348970752466,
    0.5625348970752466,
    0.5625348970752466,
    0.5625348970752466,
    0.5625348970752466,
    0.5625348970752466,
    0.5625348970752466,
    0.5625348970752466,
    0.5625348970752466,
    0.5625348970752466,
    0.5625348970752466,
    0.5625348970752466,
    0.5625348970752466,
    0.5625348970752466,
    0.5625348970752466,
    0.5625348970752466,
    0.5625348970752466,
    0.5625348970752466,
    0.5625348970752466,
    0.5625348970752466,
    0.5625348970752466,
    0.5625348970752466,
    0.5625348970752466,
    0.5625348970752466,
    0.5625348970752466,
    0.5625348970752466,
    0.5625348970752466,
    0.5625348970752466,
    0.5625348970752466,
    0.5625348970752466,
    0.5625348970752466,
    0.5625348970752466,
    0.5625348970752466,
    0.5625348970752466,
    0.5625348970752466,
    0.5625348970752466,
    0.5625348970752466,
    0.5625348970752466,
    0.5625348970752466,
    0.5625348970752466,
    0.5625348970752466,
    0.5625348970752466,
    0.5625348970752466,
    0.5625348970752466,
    0.5625348970752466,
    0.5625348970752466,
    0.5625435403763088,
    0.5625435403763088,
    0.5625435403763088,
    0.5625435403763088,
    0.5625435403763088,
    0.5625435403763088,
    0.5625435403763088,
    0.5625435403763088,
    0.5625435403763088,
    0.5625435403763088,
    0.5625435403763088,
    0.5625435403763088,
    0.5625435403763088,
    0.5625435403763088,
    0.5625435403763088,
    0.5625435403763088,
    0.5625435403763088,
    0.5625435403763088,
    0.5625435403763088,
    0.5625435403763088,
    0.5625435403763088,
    0.5625435403763088,
    0.5625435403763088,
    0.5625435403763088,
    0.5625435403763088,
    0.5625435403763088,
    0.5625435403763088,
    0.5625435403763088,
    0.5625435403763088,
    0.5625435403763088,
    0.5625435403763088,
    0.5625435403763088,
    0.5625543905517432,
    0.5625543905517432,
    0.5625543905517432,
    0.5625543905517432,
    0.5625543905517432,
    0.5625543905517432,
    0.5625543905517432,
    0.5625543905517432,
    0.5625543905517432,
    0.5625543905517432,
    0.5625543905517432,
    0.5625543905517432,
    0.5625543905517432,
    0.5625543905517432,
    0.5625543905517432,
    0.5625543905517432,
    0.5625680371232199,
    0.5625680371232199,
    0.5625680371232199,
    0.5625680371232199,
    0.5625680371232199,
    0.5625680371232199,
    0.5625680371232199,
    0.5625680371232199,
    0.562585237503386,
    0.562585237503386,
    0.562585237503386,
    0.562585237503386,
    0.5626069690432357,
    0.5626069690432357,
    0.5626344989721811
  ],
  "amplification_iterations": [
    0,
    0,
    0,
    0,
    0,
    0,
    0,
    0,
    0,
    0,
    0,
    0,
    0,
    0,
    0,
    0,
    0,
    0,
    0,
    0,
    0,
    0,
    0,
    0,
    0,
    0,
    0,
    0,
    0,
    0,
    0,
    0,
    0,
    0,
    0,
    0,
    0,
    0,
    0,
    0,
    0,
    0,
    0,
    0,
    0,
    0,
    0,
    0,
    0,
    0,
    0,
    0,
    0,
    0,
    0,
    0,
    0,
    0,
    0,
    0,
    0,
    0,
    0,
    0,
    0,
    0,
    0,
    0,
    0,
    0,
    0,
    0,
    0,
    0,
    0,
    0,
    0,
    0,
    0,
    0,
    0,
    0,
    0,
    0,
    0,
    0,
    0,
    0,
    0,
    0,
    0,
    0,
    0,
    0,
    0,
    0,
    0,
    0,
    0,
    0,
    0,
    0,
    0,
    0,
    0,
    0,
    0,
    0,
    0,
    0,
    0,
    0,
    0,
    0,
    0,
    0,
    0,
    0,
    0,
    0,
    0,
    0,
    0,
    0,
    0,
    0,
    0,
    0,
    0,
    0,
    0,
    0,
    0,
    0,
    0,
    0,
    0,
    0,
    0,
    0,
    0,
    0,
    0,
    0,
    0,
    0,
    0,
    0,
    0,
    0,
    0,
    0,
    0,
    0,
    0,
    0,
    0,
    0,
    0,
    0,
    0,
    0,
    0,
    0,
    0,
    0,
    0,
    0,
    0,
    0,
    0,
    0,
    0,
    0,
    0,
    0,
    0,
    0,
    0,
    0,
    0,
    0,
    0,
    0,
    0,
    0,
    0,
    0,
    0,
    0,
    0,
    0,
    0,
    0,
    0,
    0,
    0,
    0,
    0,
    0,
    0,
    0,
    0,
    0,
    0,
    0,
    0,
    0,
    0,
    0,
    0,
    0,
    0,
    0,
    0,
    0,
    0,
    0,
    0,
    0,
    0,
    0,
    0,
    0,
    0,
    0,
    0,
    0,
    0,
    0,
    0,
    0,
    0,
    0,
    0,
    0,
    0,
    0,
    0,
    0,
    0,
    0,
    0,
    0,
    0,
    0,
    0,
    0,
    0,
    0,
    0,
    0,
    0,
    0,
    0
  ],
  "final_logical_error": 0.8577782555020471,
  "initial_logical_error": 0.868,
  "error_reduction_ratio": 0.9882237966613446,
  "timestamp": "2025-09-09T16:26:22.862460"
}