{
  "M": 1,
  "N": 8,
  "physical_error_rate": 0.30000000000000004,
  "noise_type": "depolarizing",
  "logical_error_evolution": [
    0.15000000000000002,
    0.09885386819484243,
    0.05962442795564703,
    0.03346617716880623
  ],
  "fidelity_evolution": [
    0.9219544457292888,
    0.9492871703573991,
    0.9697296386335487,
    0.9831245205116154
  ],
  "purity_evolution": [
    0.7449999999999999,
    0.8218364381244816,
    0.8878612889067823,
    0.9353076156909752
  ],
  "success_probabilities": [
    0.8724999999999999,
    0.8724999999999999,
    0.8724999999999999,
    0.8724999999999999,
    0.9109182190622408,
    0.9109182190622408,
    0.9439306444533911
  ],
  "amplification_iterations": [
    0,
    0,
    0,
    0,
    0,
    0,
    0
  ],
  "final_logical_error": 0.03346617716880623,
  "initial_logical_error": 0.15000000000000002,
  "error_reduction_ratio": 0.2231078477920415,
  "timestamp": "2025-09-09T15:32:30.709400"
}