{
  "M": 1,
  "N": 8,
  "physical_error_rate": 0.95,
  "noise_type": "depolarizing",
  "logical_error_evolution": [
    0.475,
    0.4666944213155704,
    0.45565814404318994,
    0.4410321156115472
  ],
  "fidelity_evolution": [
    0.724568837309472,
    0.730277740783895,
    0.7377952669655791,
    0.747641548061939
  ],
  "purity_evolution": [
    0.50125,
    0.5022185231430094,
    0.5039324003793889,
    0.5069544227784999
  ],
  "success_probabilities": [
    0.750625,
    0.750625,
    0.750625,
    0.750625,
    0.7511092615715047,
    0.7511092615715047,
    0.7519662001896945
  ],
  "amplification_iterations": [
    0,
    0,
    0,
    0,
    0,
    0,
    0
  ],
  "final_logical_error": 0.4410321156115472,
  "initial_logical_error": 0.475,
  "error_reduction_ratio": 0.9284886644453626,
  "timestamp": "2025-09-09T16:28:45.797544"
}