{
  "M": 1,
  "N": 128,
  "physical_error_rate": 0.75,
  "noise_type": "depolarizing",
  "logical_error_evolution": [
    0.375,
    0.33673469387755106,
    0.28978415337176566,
    0.23530809910907635,
    0.17722932574452133,
    0.12212843769709966,
    0.07675056068264373,
    0.04447187798994133
  ],
  "fidelity_evolution": [
    0.7905694150420949,
    0.8144110179279557,
    0.842743048994315,
    0.8744666379519139,
    0.9070670726332638,
    0.9369480040551345,
    0.9608586989341129,
    0.9775111876649079
  ],
  "purity_evolution": [
    0.53125,
    0.553311120366514,
    0.5883814043472506,
    0.6401236047945011,
    0.7083618163186727,
    0.7855738351944693,
    0.8582801757649128,
    0.9150117398840218
  ],
  "success_probabilities": [
    0.765625,
    0.765625,
    0.765625,
    0.765625,
    0.765625,
    0.765625,
    0.765625,
    0.765625,
    0.765625,
    0.765625,
    0.765625,
    0.765625,
    0.765625,
    0.765625,
    0.765625,
    0.765625,
    0.765625,
    0.765625,
    0.765625,
    0.765625,
    0.765625,
    0.765625,
    0.765625,
    0.765625,
    0.765625,
    0.765625,
    0.765625,
    0.765625,
    0.765625,
    0.765625,
    0.765625,
    0.765625,
    0.765625,
    0.765625,
    0.765625,
    0.765625,
    0.765625,
    0.765625,
    0.765625,
    0.765625,
    0.765625,
    0.765625,
    0.765625,
    0.765625,
    0.765625,
    0.765625,
    0.765625,
    0.765625,
    0.765625,
    0.765625,
    0.765625,
    0.765625,
    0.765625,
    0.765625,
    0.765625,
    0.765625,
    0.765625,
    0.765625,
    0.765625,
    0.765625,
    0.765625,
    0.765625,
    0.765625,
    0.765625,
    0.776655560183257,
    0.776655560183257,
    0.776655560183257,
    0.776655560183257,
    0.776655560183257,
    0.776655560183257,
    0.776655560183257,
    0.776655560183257,
    0.776655560183257,
    0.776655560183257,
    0.776655560183257,
    0.776655560183257,
    0.776655560183257,
    0.776655560183257,
    0.776655560183257,
    0.776655560183257,
    0.776655560183257,
    0.776655560183257,
    0.776655560183257,
    0.776655560183257,
    0.776655560183257,
    0.776655560183257,
    0.776655560183257,
    0.776655560183257,
    0.776655560183257,
    0.776655560183257,
    0.776655560183257,
    0.776655560183257,
    0.776655560183257,
    0.776655560183257,
    0.776655560183257,
    0.776655560183257,
    0.7941907021736253,
    0.7941907021736253,
    0.7941907021736253,
    0.7941907021736253,
    0.7941907021736253,
    0.7941907021736253,
    0.7941907021736253,
    0.7941907021736253,
    0.7941907021736253,
    0.7941907021736253,
    0.7941907021736253,
    0.7941907021736253,
    0.7941907021736253,
    0.7941907021736253,
    0.7941907021736253,
    0.7941907021736253,
    0.8200618023972506,
    0.8200618023972506,
    0.8200618023972506,
    0.8200618023972506,
    0.8200618023972506,
    0.8200618023972506,
    0.8200618023972506,
    0.8200618023972506,
    0.8541809081593363,
    0.8541809081593363,
    0.8541809081593363,
    0.8541809081593363,
    0.8927869175972347,
    0.8927869175972347,
    0.9291400878824564
  ],
  "amplification_iterations": [
    0,
    0,
    0,
    0,
    0,
    0,
    0,
    0,
    0,
    0,
    0,
    0,
    0,
    0,
    0,
    0,
    0,
    0,
    0,
    0,
    0,
    0,
    0,
    0,
    0,
    0,
    0,
    0,
    0,
    0,
    0,
    0,
    0,
    0,
    0,
    0,
    0,
    0,
    0,
    0,
    0,
    0,
    0,
    0,
    0,
    0,
    0,
    0,
    0,
    0,
    0,
    0,
    0,
    0,
    0,
    0,
    0,
    0,
    0,
    0,
    0,
    0,
    0,
    0,
    0,
    0,
    0,
    0,
    0,
    0,
    0,
    0,
    0,
    0,
    0,
    0,
    0,
    0,
    0,
    0,
    0,
    0,
    0,
    0,
    0,
    0,
    0,
    0,
    0,
    0,
    0,
    0,
    0,
    0,
    0,
    0,
    0,
    0,
    0,
    0,
    0,
    0,
    0,
    0,
    0,
    0,
    0,
    0,
    0,
    0,
    0,
    0,
    0,
    0,
    0,
    0,
    0,
    0,
    0,
    0,
    0,
    0,
    0,
    0,
    0,
    0,
    0
  ],
  "final_logical_error": 0.04447187798994133,
  "initial_logical_error": 0.375,
  "error_reduction_ratio": 0.11859167463984355,
  "timestamp": "2025-09-09T15:32:30.654412"
}