{
  "M": 5,
  "N": 128,
  "physical_error_rate": 0.95,
  "noise_type": "depolarizing",
  "logical_error_evolution": [
    0.968749697265625,
    0.9687496880917701,
    0.9687496786399142,
    0.968749668901633,
    0.9687496588682462,
    0.9687496485308111,
    0.9687496378801137,
    0.9687496269066607
  ],
  "fidelity_evolution": [
    0.17677755155668093,
    0.1767775775041335,
    0.17677760423788352,
    0.1767776317817588,
    0.17677766016030935,
    0.17677768939882912,
    0.17677771952337862,
    0.176777750560808
  ],
  "purity_evolution": [
    0.031250000000094605,
    0.03125000000010043,
    0.03125000000010661,
    0.03125000000011317,
    0.031250000000120126,
    0.03125000000012752,
    0.031250000000135364,
    0.031250000000143684
  ],
  "success_probabilities": [
    0.5156250000000473,
    0.5156250000000473,
    0.5156250000000473,
    0.5156250000000473,
    0.5156250000000473,
    0.5156250000000473,
    0.5156250000000473,
    0.5156250000000473,
    0.5156250000000473,
    0.5156250000000473,
    0.5156250000000473,
    0.5156250000000473,
    0.5156250000000473,
    0.5156250000000473,
    0.5156250000000473,
    0.5156250000000473,
    0.5156250000000473,
    0.5156250000000473,
    0.5156250000000473,
    0.5156250000000473,
    0.5156250000000473,
    0.5156250000000473,
    0.5156250000000473,
    0.5156250000000473,
    0.5156250000000473,
    0.5156250000000473,
    0.5156250000000473,
    0.5156250000000473,
    0.5156250000000473,
    0.5156250000000473,
    0.5156250000000473,
    0.5156250000000473,
    0.5156250000000473,
    0.5156250000000473,
    0.5156250000000473,
    0.5156250000000473,
    0.5156250000000473,
    0.5156250000000473,
    0.5156250000000473,
    0.5156250000000473,
    0.5156250000000473,
    0.5156250000000473,
    0.5156250000000473,
    0.5156250000000473,
    0.5156250000000473,
    0.5156250000000473,
    0.5156250000000473,
    0.5156250000000473,
    0.5156250000000473,
    0.5156250000000473,
    0.5156250000000473,
    0.5156250000000473,
    0.5156250000000473,
    0.5156250000000473,
    0.5156250000000473,
    0.5156250000000473,
    0.5156250000000473,
    0.5156250000000473,
    0.5156250000000473,
    0.5156250000000473,
    0.5156250000000473,
    0.5156250000000473,
    0.5156250000000473,
    0.5156250000000473,
    0.5156250000000502,
    0.5156250000000502,
    0.5156250000000502,
    0.5156250000000502,
    0.5156250000000502,
    0.5156250000000502,
    0.5156250000000502,
    0.5156250000000502,
    0.5156250000000502,
    0.5156250000000502,
    0.5156250000000502,
    0.5156250000000502,
    0.5156250000000502,
    0.5156250000000502,
    0.5156250000000502,
    0.5156250000000502,
    0.5156250000000502,
    0.5156250000000502,
    0.5156250000000502,
    0.5156250000000502,
    0.5156250000000502,
    0.5156250000000502,
    0.5156250000000502,
    0.5156250000000502,
    0.5156250000000502,
    0.5156250000000502,
    0.5156250000000502,
    0.5156250000000502,
    0.5156250000000502,
    0.5156250000000502,
    0.5156250000000502,
    0.5156250000000502,
    0.5156250000000533,
    0.5156250000000533,
    0.5156250000000533,
    0.5156250000000533,
    0.5156250000000533,
    0.5156250000000533,
    0.5156250000000533,
    0.5156250000000533,
    0.5156250000000533,
    0.5156250000000533,
    0.5156250000000533,
    0.5156250000000533,
    0.5156250000000533,
    0.5156250000000533,
    0.5156250000000533,
    0.5156250000000533,
    0.5156250000000566,
    0.5156250000000566,
    0.5156250000000566,
    0.5156250000000566,
    0.5156250000000566,
    0.5156250000000566,
    0.5156250000000566,
    0.5156250000000566,
    0.5156250000000601,
    0.5156250000000601,
    0.5156250000000601,
    0.5156250000000601,
    0.5156250000000637,
    0.5156250000000637,
    0.5156250000000677
  ],
  "amplification_iterations": [
    0,
    0,
    0,
    0,
    0,
    0,
    0,
    0,
    0,
    0,
    0,
    0,
    0,
    0,
    0,
    0,
    0,
    0,
    0,
    0,
    0,
    0,
    0,
    0,
    0,
    0,
    0,
    0,
    0,
    0,
    0,
    0,
    0,
    0,
    0,
    0,
    0,
    0,
    0,
    0,
    0,
    0,
    0,
    0,
    0,
    0,
    0,
    0,
    0,
    0,
    0,
    0,
    0,
    0,
    0,
    0,
    0,
    0,
    0,
    0,
    0,
    0,
    0,
    0,
    0,
    0,
    0,
    0,
    0,
    0,
    0,
    0,
    0,
    0,
    0,
    0,
    0,
    0,
    0,
    0,
    0,
    0,
    0,
    0,
    0,
    0,
    0,
    0,
    0,
    0,
    0,
    0,
    0,
    0,
    0,
    0,
    0,
    0,
    0,
    0,
    0,
    0,
    0,
    0,
    0,
    0,
    0,
    0,
    0,
    0,
    0,
    0,
    0,
    0,
    0,
    0,
    0,
    0,
    0,
    0,
    0,
    0,
    0,
    0,
    0,
    0,
    0
  ],
  "final_logical_error": 0.9687496269066607,
  "initial_logical_error": 0.968749697265625,
  "error_reduction_ratio": 0.999999927371369,
  "timestamp": "2025-09-09T16:26:26.572114"
}