{
  "M": 1,
  "N": 16,
  "physical_error_rate": 0.35,
  "noise_type": "depolarizing",
  "logical_error_evolution": [
    0.17500000000000002,
    0.12016070124178238,
    0.07525585527506144,
    0.04348594101677697,
    0.023673167402492062
  ],
  "fidelity_evolution": [
    0.9082951062292475,
    0.937997494004231,
    0.9616361810606643,
    0.9780153674575993,
    0.9880925222859993
  ],
  "purity_evolution": [
    0.7112499999999999,
    0.7885557857622688,
    0.8608151769562391,
    0.9168101720986753,
    0.9537745029047489
  ],
  "success_probabilities": [
    0.855625,
    0.855625,
    0.855625,
    0.855625,
    0.855625,
    0.855625,
    0.855625,
    0.855625,
    0.8942778928811344,
    0.8942778928811344,
    0.8942778928811344,
    0.8942778928811344,
    0.9304075884781196,
    0.9304075884781196,
    0.9584050860493376
  ],
  "amplification_iterations": [
    0,
    0,
    0,
    0,
    0,
    0,
    0,
    0,
    0,
    0,
    0,
    0,
    0,
    0,
    0
  ],
  "final_logical_error": 0.023673167402492062,
  "initial_logical_error": 0.17500000000000002,
  "error_reduction_ratio": 0.13527524229995463,
  "timestamp": "2025-09-09T15:33:19.307656"
}