{
  "M": 10,
  "N": 32,
  "physical_error_rate": 0.5,
  "noise_type": "depolarizing",
  "logical_error_evolution": [
    0.9980478286743164,
    0.9980459278367569,
    0.9980440214448595,
    0.9980421094751702,
    0.9980401919041066,
    0.9980382687079483
  ],
  "fidelity_evolution": [
    0.04418338291352976,
    0.04420488845413972,
    0.044226446331812476,
    0.04424805673506413,
    0.04426971985334626,
    0.04429143587705187
  ],
  "purity_evolution": [
    0.0009775152429938316,
    0.0009775189591839052,
    0.0009775226934980305,
    0.000977526446045876,
    0.0009775302169379163,
    0.0009775340062854383
  ],
  "success_probabilities": [
    0.5004887576214969,
    0.5004887576214969,
    0.5004887576214969,
    0.5004887576214969,
    0.5004887576214969,
    0.5004887576214969,
    0.5004887576214969,
    0.5004887576214969,
    0.5004887576214969,
    0.5004887576214969,
    0.5004887576214969,
    0.5004887576214969,
    0.5004887576214969,
    0.5004887576214969,
    0.5004887576214969,
    0.5004887576214969,
    0.5004887594795919,
    0.5004887594795919,
    0.5004887594795919,
    0.5004887594795919,
    0.5004887594795919,
    0.5004887594795919,
    0.5004887594795919,
    0.5004887594795919,
    0.500488761346749,
    0.500488761346749,
    0.500488761346749,
    0.500488761346749,
    0.5004887632230229,
    0.5004887632230229,
    0.500488765108469
  ],
  "amplification_iterations": [
    0,
    0,
    0,
    0,
    0,
    0,
    0,
    0,
    0,
    0,
    0,
    0,
    0,
    0,
    0,
    0,
    0,
    0,
    0,
    0,
    0,
    0,
    0,
    0,
    0,
    0,
    0,
    0,
    0,
    0,
    0
  ],
  "final_logical_error": 0.9980382687079483,
  "initial_logical_error": 0.9980478286743164,
  "error_reduction_ratio": 0.9999904213344356,
  "timestamp": "2025-09-09T16:55:36.869567"
}