{
  "M": 7,
  "N": 256,
  "physical_error_rate": 0.95,
  "noise_type": "depolarizing",
  "logical_error_evolution": [
    0.992187499224853,
    0.9921874992188444,
    0.9921874992127885,
    0.9921874992066869,
    0.992187499200537,
    0.9921874991943392,
    0.9921874991880948,
    0.9921874991817997,
    0.9921874991754583
  ],
  "fidelity_evolution": [
    0.08838835203320876,
    0.08838835206720015,
    0.08838835210145506,
    0.0883883521359755,
    0.08838835217076353,
    0.08838835220582125,
    0.08838835224115074,
    0.0883883522767541,
    0.08838835231263345
  ],
  "purity_evolution": [
    0.007812500000000003,
    0.0078125,
    0.0078124999999999965,
    0.0078125,
    0.007812499999999997,
    0.007812499999999995,
    0.0078124999999999965,
    0.0078124999999999965,
    0.007812499999999998
  ],
  "success_probabilities": [
    0.50390625,
    0.50390625,
    0.50390625,
    0.50390625,
    0.50390625,
    0.50390625,
    0.50390625,
    0.50390625,
    0.50390625,
    0.50390625,
    0.50390625,
    0.50390625,
    0.50390625,
    0.50390625,
    0.50390625,
    0.50390625,
    0.50390625,
    0.50390625,
    0.50390625,
    0.50390625,
    0.50390625,
    0.50390625,
    0.50390625,
    0.50390625,
    0.50390625,
    0.50390625,
    0.50390625,
    0.50390625,
    0.50390625,
    0.50390625,
    0.50390625,
    0.50390625,
    0.50390625,
    0.50390625,
    0.50390625,
    0.50390625,
    0.50390625,
    0.50390625,
    0.50390625,
    0.50390625,
    0.50390625,
    0.50390625,
    0.50390625,
    0.50390625,
    0.50390625,
    0.50390625,
    0.50390625,
    0.50390625,
    0.50390625,
    0.50390625,
    0.50390625,
    0.50390625,
    0.50390625,
    0.50390625,
    0.50390625,
    0.50390625,
    0.50390625,
    0.50390625,
    0.50390625,
    0.50390625,
    0.50390625,
    0.50390625,
    0.50390625,
    0.50390625,
    0.50390625,
    0.50390625,
    0.50390625,
    0.50390625,
    0.50390625,
    0.50390625,
    0.50390625,
    0.50390625,
    0.50390625,
    0.50390625,
    0.50390625,
    0.50390625,
    0.50390625,
    0.50390625,
    0.50390625,
    0.50390625,
    0.50390625,
    0.50390625,
    0.50390625,
    0.50390625,
    0.50390625,
    0.50390625,
    0.50390625,
    0.50390625,
    0.50390625,
    0.50390625,
    0.50390625,
    0.50390625,
    0.50390625,
    0.50390625,
    0.50390625,
    0.50390625,
    0.50390625,
    0.50390625,
    0.50390625,
    0.50390625,
    0.50390625,
    0.50390625,
    0.50390625,
    0.50390625,
    0.50390625,
    0.50390625,
    0.50390625,
    0.50390625,
    0.50390625,
    0.50390625,
    0.50390625,
    0.50390625,
    0.50390625,
    0.50390625,
    0.50390625,
    0.50390625,
    0.50390625,
    0.50390625,
    0.50390625,
    0.50390625,
    0.50390625,
    0.50390625,
    0.50390625,
    0.50390625,
    0.50390625,
    0.50390625,
    0.50390625,
    0.50390625,
    0.50390625,
    0.50390625,
    0.50390625,
    0.50390625,
    0.50390625,
    0.50390625,
    0.50390625,
    0.50390625,
    0.50390625,
    0.50390625,
    0.50390625,
    0.50390625,
    0.50390625,
    0.50390625,
    0.50390625,
    0.50390625,
    0.50390625,
    0.50390625,
    0.50390625,
    0.50390625,
    0.50390625,
    0.50390625,
    0.50390625,
    0.50390625,
    0.50390625,
    0.50390625,
    0.50390625,
    0.50390625,
    0.50390625,
    0.50390625,
    0.50390625,
    0.50390625,
    0.50390625,
    0.50390625,
    0.50390625,
    0.50390625,
    0.50390625,
    0.50390625,
    0.50390625,
    0.50390625,
    0.50390625,
    0.50390625,
    0.50390625,
    0.50390625,
    0.50390625,
    0.50390625,
    0.50390625,
    0.50390625,
    0.50390625,
    0.50390625,
    0.50390625,
    0.50390625,
    0.50390625,
    0.50390625,
    0.50390625,
    0.50390625,
    0.50390625,
    0.50390625,
    0.50390625,
    0.50390625,
    0.50390625,
    0.50390625,
    0.50390625,
    0.50390625,
    0.50390625,
    0.50390625,
    0.50390625,
    0.50390625,
    0.50390625,
    0.50390625,
    0.50390625,
    0.50390625,
    0.50390625,
    0.50390625,
    0.50390625,
    0.50390625,
    0.50390625,
    0.50390625,
    0.50390625,
    0.50390625,
    0.50390625,
    0.50390625,
    0.50390625,
    0.50390625,
    0.50390625,
    0.50390625,
    0.50390625,
    0.50390625,
    0.50390625,
    0.50390625,
    0.50390625,
    0.50390625,
    0.50390625,
    0.50390625,
    0.50390625,
    0.50390625,
    0.50390625,
    0.50390625,
    0.50390625,
    0.50390625,
    0.50390625,
    0.50390625,
    0.50390625,
    0.50390625,
    0.50390625,
    0.50390625,
    0.50390625,
    0.50390625,
    0.50390625,
    0.50390625,
    0.50390625,
    0.50390625,
    0.50390625,
    0.50390625,
    0.50390625,
    0.50390625,
    0.50390625,
    0.50390625,
    0.50390625,
    0.50390625,
    0.50390625,
    0.50390625,
    0.50390625,
    0.50390625,
    0.50390625,
    0.50390625,
    0.50390625
  ],
  "amplification_iterations": [
    0,
    0,
    0,
    0,
    0,
    0,
    0,
    0,
    0,
    0,
    0,
    0,
    0,
    0,
    0,
    0,
    0,
    0,
    0,
    0,
    0,
    0,
    0,
    0,
    0,
    0,
    0,
    0,
    0,
    0,
    0,
    0,
    0,
    0,
    0,
    0,
    0,
    0,
    0,
    0,
    0,
    0,
    0,
    0,
    0,
    0,
    0,
    0,
    0,
    0,
    0,
    0,
    0,
    0,
    0,
    0,
    0,
    0,
    0,
    0,
    0,
    0,
    0,
    0,
    0,
    0,
    0,
    0,
    0,
    0,
    0,
    0,
    0,
    0,
    0,
    0,
    0,
    0,
    0,
    0,
    0,
    0,
    0,
    0,
    0,
    0,
    0,
    0,
    0,
    0,
    0,
    0,
    0,
    0,
    0,
    0,
    0,
    0,
    0,
    0,
    0,
    0,
    0,
    0,
    0,
    0,
    0,
    0,
    0,
    0,
    0,
    0,
    0,
    0,
    0,
    0,
    0,
    0,
    0,
    0,
    0,
    0,
    0,
    0,
    0,
    0,
    0,
    0,
    0,
    0,
    0,
    0,
    0,
    0,
    0,
    0,
    0,
    0,
    0,
    0,
    0,
    0,
    0,
    0,
    0,
    0,
    0,
    0,
    0,
    0,
    0,
    0,
    0,
    0,
    0,
    0,
    0,
    0,
    0,
    0,
    0,
    0,
    0,
    0,
    0,
    0,
    0,
    0,
    0,
    0,
    0,
    0,
    0,
    0,
    0,
    0,
    0,
    0,
    0,
    0,
    0,
    0,
    0,
    0,
    0,
    0,
    0,
    0,
    0,
    0,
    0,
    0,
    0,
    0,
    0,
    0,
    0,
    0,
    0,
    0,
    0,
    0,
    0,
    0,
    0,
    0,
    0,
    0,
    0,
    0,
    0,
    0,
    0,
    0,
    0,
    0,
    0,
    0,
    0,
    0,
    0,
    0,
    0,
    0,
    0,
    0,
    0,
    0,
    0,
    0,
    0,
    0,
    0,
    0,
    0,
    0,
    0,
    0,
    0,
    0,
    0,
    0,
    0,
    0,
    0,
    0,
    0,
    0,
    0,
    0,
    0,
    0,
    0,
    0,
    0
  ],
  "final_logical_error": 0.9921874991754583,
  "initial_logical_error": 0.992187499224853,
  "error_reduction_ratio": 0.9999999999502164,
  "timestamp": "2025-09-09T16:26:43.930942"
}