{
  "M": 7,
  "N": 64,
  "physical_error_rate": 0.99,
  "noise_type": "depolarizing",
  "logical_error_evolution": [
    0.9921874999999906,
    0.9921874999999903,
    0.9921874999999903,
    0.9921874999999903,
    0.9921874999999902,
    0.9921874999999902,
    0.9921874999999901
  ],
  "fidelity_evolution": [
    0.08838834764837453,
    0.08838834764837496,
    0.0883883476483754,
    0.08838834764837583,
    0.08838834764837628,
    0.08838834764837673,
    0.08838834764837718
  ],
  "purity_evolution": [
    0.007812500000000002,
    0.007812500000000002,
    0.007812500000000003,
    0.007812500000000003,
    0.007812500000000005,
    0.007812500000000007,
    0.007812500000000007
  ],
  "success_probabilities": [
    0.50390625,
    0.50390625,
    0.50390625,
    0.50390625,
    0.50390625,
    0.50390625,
    0.50390625,
    0.50390625,
    0.50390625,
    0.50390625,
    0.50390625,
    0.50390625,
    0.50390625,
    0.50390625,
    0.50390625,
    0.50390625,
    0.50390625,
    0.50390625,
    0.50390625,
    0.50390625,
    0.50390625,
    0.50390625,
    0.50390625,
    0.50390625,
    0.50390625,
    0.50390625,
    0.50390625,
    0.50390625,
    0.50390625,
    0.50390625,
    0.50390625,
    0.50390625,
    0.50390625,
    0.50390625,
    0.50390625,
    0.50390625,
    0.50390625,
    0.50390625,
    0.50390625,
    0.50390625,
    0.50390625,
    0.50390625,
    0.50390625,
    0.50390625,
    0.50390625,
    0.50390625,
    0.50390625,
    0.50390625,
    0.50390625,
    0.50390625,
    0.50390625,
    0.50390625,
    0.50390625,
    0.50390625,
    0.50390625,
    0.50390625,
    0.50390625,
    0.50390625,
    0.50390625,
    0.50390625,
    0.50390625,
    0.50390625,
    0.50390625
  ],
  "amplification_iterations": [
    0,
    0,
    0,
    0,
    0,
    0,
    0,
    0,
    0,
    0,
    0,
    0,
    0,
    0,
    0,
    0,
    0,
    0,
    0,
    0,
    0,
    0,
    0,
    0,
    0,
    0,
    0,
    0,
    0,
    0,
    0,
    0,
    0,
    0,
    0,
    0,
    0,
    0,
    0,
    0,
    0,
    0,
    0,
    0,
    0,
    0,
    0,
    0,
    0,
    0,
    0,
    0,
    0,
    0,
    0,
    0,
    0,
    0,
    0,
    0,
    0,
    0,
    0
  ],
  "final_logical_error": 0.9921874999999901,
  "initial_logical_error": 0.9921874999999906,
  "error_reduction_ratio": 0.9999999999999996,
  "timestamp": "2025-09-09T16:29:05.950519"
}