{
  "M": 10,
  "N": 128,
  "physical_error_rate": 0.7,
  "noise_type": "depolarizing",
  "logical_error_evolution": [
    0.9990175383665038,
    0.9990175325765208,
    0.9990175267808193,
    0.9990175209793956,
    0.999017515172244,
    0.9990175093593583,
    0.9990175035407319,
    0.9990174977163602
  ],
  "fidelity_evolution": [
    0.031344244024957085,
    0.03134433638601852,
    0.031344428838003854,
    0.03134452138100338,
    0.03134461401510751,
    0.031344706740406736,
    0.03134479955699164,
    0.0313448924649529
  ],
  "purity_evolution": [
    0.0009765625348337934,
    0.0009765625349022057,
    0.0009765625349707524,
    0.000976562535039435,
    0.0009765625351082512,
    0.0009765625351772036,
    0.0009765625352462926,
    0.0009765625353155179
  ],
  "success_probabilities": [
    0.5004882812674168,
    0.5004882812674168,
    0.5004882812674168,
    0.5004882812674168,
    0.5004882812674168,
    0.5004882812674168,
    0.5004882812674168,
    0.5004882812674168,
    0.5004882812674168,
    0.5004882812674168,
    0.5004882812674168,
    0.5004882812674168,
    0.5004882812674168,
    0.5004882812674168,
    0.5004882812674168,
    0.5004882812674168,
    0.5004882812674168,
    0.5004882812674168,
    0.5004882812674168,
    0.5004882812674168,
    0.5004882812674168,
    0.5004882812674168,
    0.5004882812674168,
    0.5004882812674168,
    0.5004882812674168,
    0.5004882812674168,
    0.5004882812674168,
    0.5004882812674168,
    0.5004882812674168,
    0.5004882812674168,
    0.5004882812674168,
    0.5004882812674168,
    0.5004882812674168,
    0.5004882812674168,
    0.5004882812674168,
    0.5004882812674168,
    0.5004882812674168,
    0.5004882812674168,
    0.5004882812674168,
    0.5004882812674168,
    0.5004882812674168,
    0.5004882812674168,
    0.5004882812674168,
    0.5004882812674168,
    0.5004882812674168,
    0.5004882812674168,
    0.5004882812674168,
    0.5004882812674168,
    0.5004882812674168,
    0.5004882812674168,
    0.5004882812674168,
    0.5004882812674168,
    0.5004882812674168,
    0.5004882812674168,
    0.5004882812674168,
    0.5004882812674168,
    0.5004882812674168,
    0.5004882812674168,
    0.5004882812674168,
    0.5004882812674168,
    0.5004882812674168,
    0.5004882812674168,
    0.5004882812674168,
    0.5004882812674168,
    0.5004882812674512,
    0.5004882812674512,
    0.5004882812674512,
    0.5004882812674512,
    0.5004882812674512,
    0.5004882812674512,
    0.5004882812674512,
    0.5004882812674512,
    0.5004882812674512,
    0.5004882812674512,
    0.5004882812674512,
    0.5004882812674512,
    0.5004882812674512,
    0.5004882812674512,
    0.5004882812674512,
    0.5004882812674512,
    0.5004882812674512,
    0.5004882812674512,
    0.5004882812674512,
    0.5004882812674512,
    0.5004882812674512,
    0.5004882812674512,
    0.5004882812674512,
    0.5004882812674512,
    0.5004882812674512,
    0.5004882812674512,
    0.5004882812674512,
    0.5004882812674512,
    0.5004882812674512,
    0.5004882812674512,
    0.5004882812674512,
    0.5004882812674512,
    0.5004882812674853,
    0.5004882812674853,
    0.5004882812674853,
    0.5004882812674853,
    0.5004882812674853,
    0.5004882812674853,
    0.5004882812674853,
    0.5004882812674853,
    0.5004882812674853,
    0.5004882812674853,
    0.5004882812674853,
    0.5004882812674853,
    0.5004882812674853,
    0.5004882812674853,
    0.5004882812674853,
    0.5004882812674853,
    0.5004882812675198,
    0.5004882812675198,
    0.5004882812675198,
    0.5004882812675198,
    0.5004882812675198,
    0.5004882812675198,
    0.5004882812675198,
    0.5004882812675198,
    0.5004882812675542,
    0.5004882812675542,
    0.5004882812675542,
    0.5004882812675542,
    0.5004882812675886,
    0.5004882812675886,
    0.5004882812676231
  ],
  "amplification_iterations": [
    0,
    0,
    0,
    0,
    0,
    0,
    0,
    0,
    0,
    0,
    0,
    0,
    0,
    0,
    0,
    0,
    0,
    0,
    0,
    0,
    0,
    0,
    0,
    0,
    0,
    0,
    0,
    0,
    0,
    0,
    0,
    0,
    0,
    0,
    0,
    0,
    0,
    0,
    0,
    0,
    0,
    0,
    0,
    0,
    0,
    0,
    0,
    0,
    0,
    0,
    0,
    0,
    0,
    0,
    0,
    0,
    0,
    0,
    0,
    0,
    0,
    0,
    0,
    0,
    0,
    0,
    0,
    0,
    0,
    0,
    0,
    0,
    0,
    0,
    0,
    0,
    0,
    0,
    0,
    0,
    0,
    0,
    0,
    0,
    0,
    0,
    0,
    0,
    0,
    0,
    0,
    0,
    0,
    0,
    0,
    0,
    0,
    0,
    0,
    0,
    0,
    0,
    0,
    0,
    0,
    0,
    0,
    0,
    0,
    0,
    0,
    0,
    0,
    0,
    0,
    0,
    0,
    0,
    0,
    0,
    0,
    0,
    0,
    0,
    0,
    0,
    0
  ],
  "final_logical_error": 0.9990174977163602,
  "initial_logical_error": 0.9990175383665038,
  "error_reduction_ratio": 0.99999995930988,
  "timestamp": "2025-09-09T17:03:48.510440"
}