{
  "M": 9,
  "N": 256,
  "physical_error_rate": 0.9,
  "noise_type": "depolarizing",
  "logical_error_evolution": [
    0.9980468740019532,
    0.998046874000008,
    0.9980468739980588,
    0.9980468739961049,
    0.9980468739941484,
    0.9980468739921879,
    0.9980468739902238,
    0.9980468739882548,
    0.9980468739862828
  ],
  "fidelity_evolution": [
    0.04419418511576887,
    0.04419418513777981,
    0.044194185159833664,
    0.04419418518193051,
    0.044194185204070424,
    0.04419418522625349,
    0.0441941852484798,
    0.04419418527074945,
    0.044194185293062495
  ],
  "purity_evolution": [
    0.001953125000000001,
    0.001953125,
    0.001953125000000001,
    0.001953125000000001,
    0.0019531250000000017,
    0.0019531250000000017,
    0.001953125000000001,
    0.0019531250000000017,
    0.001953125000000001
  ],
  "success_probabilities": [
    0.5009765625,
    0.5009765625,
    0.5009765625,
    0.5009765625,
    0.5009765625,
    0.5009765625,
    0.5009765625,
    0.5009765625,
    0.5009765625,
    0.5009765625,
    0.5009765625,
    0.5009765625,
    0.5009765625,
    0.5009765625,
    0.5009765625,
    0.5009765625,
    0.5009765625,
    0.5009765625,
    0.5009765625,
    0.5009765625,
    0.5009765625,
    0.5009765625,
    0.5009765625,
    0.5009765625,
    0.5009765625,
    0.5009765625,
    0.5009765625,
    0.5009765625,
    0.5009765625,
    0.5009765625,
    0.5009765625,
    0.5009765625,
    0.5009765625,
    0.5009765625,
    0.5009765625,
    0.5009765625,
    0.5009765625,
    0.5009765625,
    0.5009765625,
    0.5009765625,
    0.5009765625,
    0.5009765625,
    0.5009765625,
    0.5009765625,
    0.5009765625,
    0.5009765625,
    0.5009765625,
    0.5009765625,
    0.5009765625,
    0.5009765625,
    0.5009765625,
    0.5009765625,
    0.5009765625,
    0.5009765625,
    0.5009765625,
    0.5009765625,
    0.5009765625,
    0.5009765625,
    0.5009765625,
    0.5009765625,
    0.5009765625,
    0.5009765625,
    0.5009765625,
    0.5009765625,
    0.5009765625,
    0.5009765625,
    0.5009765625,
    0.5009765625,
    0.5009765625,
    0.5009765625,
    0.5009765625,
    0.5009765625,
    0.5009765625,
    0.5009765625,
    0.5009765625,
    0.5009765625,
    0.5009765625,
    0.5009765625,
    0.5009765625,
    0.5009765625,
    0.5009765625,
    0.5009765625,
    0.5009765625,
    0.5009765625,
    0.5009765625,
    0.5009765625,
    0.5009765625,
    0.5009765625,
    0.5009765625,
    0.5009765625,
    0.5009765625,
    0.5009765625,
    0.5009765625,
    0.5009765625,
    0.5009765625,
    0.5009765625,
    0.5009765625,
    0.5009765625,
    0.5009765625,
    0.5009765625,
    0.5009765625,
    0.5009765625,
    0.5009765625,
    0.5009765625,
    0.5009765625,
    0.5009765625,
    0.5009765625,
    0.5009765625,
    0.5009765625,
    0.5009765625,
    0.5009765625,
    0.5009765625,
    0.5009765625,
    0.5009765625,
    0.5009765625,
    0.5009765625,
    0.5009765625,
    0.5009765625,
    0.5009765625,
    0.5009765625,
    0.5009765625,
    0.5009765625,
    0.5009765625,
    0.5009765625,
    0.5009765625,
    0.5009765625,
    0.5009765625,
    0.5009765625,
    0.5009765625,
    0.5009765625,
    0.5009765625,
    0.5009765625,
    0.5009765625,
    0.5009765625,
    0.5009765625,
    0.5009765625,
    0.5009765625,
    0.5009765625,
    0.5009765625,
    0.5009765625,
    0.5009765625,
    0.5009765625,
    0.5009765625,
    0.5009765625,
    0.5009765625,
    0.5009765625,
    0.5009765625,
    0.5009765625,
    0.5009765625,
    0.5009765625,
    0.5009765625,
    0.5009765625,
    0.5009765625,
    0.5009765625,
    0.5009765625,
    0.5009765625,
    0.5009765625,
    0.5009765625,
    0.5009765625,
    0.5009765625,
    0.5009765625,
    0.5009765625,
    0.5009765625,
    0.5009765625,
    0.5009765625,
    0.5009765625,
    0.5009765625,
    0.5009765625,
    0.5009765625,
    0.5009765625,
    0.5009765625,
    0.5009765625,
    0.5009765625,
    0.5009765625,
    0.5009765625,
    0.5009765625,
    0.5009765625,
    0.5009765625,
    0.5009765625,
    0.5009765625,
    0.5009765625,
    0.5009765625,
    0.5009765625,
    0.5009765625,
    0.5009765625,
    0.5009765625,
    0.5009765625,
    0.5009765625,
    0.5009765625,
    0.5009765625,
    0.5009765625,
    0.5009765625,
    0.5009765625,
    0.5009765625,
    0.5009765625,
    0.5009765625,
    0.5009765625,
    0.5009765625,
    0.5009765625,
    0.5009765625,
    0.5009765625,
    0.5009765625,
    0.5009765625,
    0.5009765625,
    0.5009765625,
    0.5009765625,
    0.5009765625,
    0.5009765625,
    0.5009765625,
    0.5009765625,
    0.5009765625,
    0.5009765625,
    0.5009765625,
    0.5009765625,
    0.5009765625,
    0.5009765625,
    0.5009765625,
    0.5009765625,
    0.5009765625,
    0.5009765625,
    0.5009765625,
    0.5009765625,
    0.5009765625,
    0.5009765625,
    0.5009765625,
    0.5009765625,
    0.5009765625,
    0.5009765625,
    0.5009765625,
    0.5009765625,
    0.5009765625,
    0.5009765625,
    0.5009765625,
    0.5009765625,
    0.5009765625,
    0.5009765625,
    0.5009765625,
    0.5009765625,
    0.5009765625,
    0.5009765625,
    0.5009765625,
    0.5009765625,
    0.5009765625,
    0.5009765625,
    0.5009765625,
    0.5009765625,
    0.5009765625,
    0.5009765625,
    0.5009765625,
    0.5009765625,
    0.5009765625,
    0.5009765625,
    0.5009765625,
    0.5009765625,
    0.5009765625
  ],
  "amplification_iterations": [
    0,
    0,
    0,
    0,
    0,
    0,
    0,
    0,
    0,
    0,
    0,
    0,
    0,
    0,
    0,
    0,
    0,
    0,
    0,
    0,
    0,
    0,
    0,
    0,
    0,
    0,
    0,
    0,
    0,
    0,
    0,
    0,
    0,
    0,
    0,
    0,
    0,
    0,
    0,
    0,
    0,
    0,
    0,
    0,
    0,
    0,
    0,
    0,
    0,
    0,
    0,
    0,
    0,
    0,
    0,
    0,
    0,
    0,
    0,
    0,
    0,
    0,
    0,
    0,
    0,
    0,
    0,
    0,
    0,
    0,
    0,
    0,
    0,
    0,
    0,
    0,
    0,
    0,
    0,
    0,
    0,
    0,
    0,
    0,
    0,
    0,
    0,
    0,
    0,
    0,
    0,
    0,
    0,
    0,
    0,
    0,
    0,
    0,
    0,
    0,
    0,
    0,
    0,
    0,
    0,
    0,
    0,
    0,
    0,
    0,
    0,
    0,
    0,
    0,
    0,
    0,
    0,
    0,
    0,
    0,
    0,
    0,
    0,
    0,
    0,
    0,
    0,
    0,
    0,
    0,
    0,
    0,
    0,
    0,
    0,
    0,
    0,
    0,
    0,
    0,
    0,
    0,
    0,
    0,
    0,
    0,
    0,
    0,
    0,
    0,
    0,
    0,
    0,
    0,
    0,
    0,
    0,
    0,
    0,
    0,
    0,
    0,
    0,
    0,
    0,
    0,
    0,
    0,
    0,
    0,
    0,
    0,
    0,
    0,
    0,
    0,
    0,
    0,
    0,
    0,
    0,
    0,
    0,
    0,
    0,
    0,
    0,
    0,
    0,
    0,
    0,
    0,
    0,
    0,
    0,
    0,
    0,
    0,
    0,
    0,
    0,
    0,
    0,
    0,
    0,
    0,
    0,
    0,
    0,
    0,
    0,
    0,
    0,
    0,
    0,
    0,
    0,
    0,
    0,
    0,
    0,
    0,
    0,
    0,
    0,
    0,
    0,
    0,
    0,
    0,
    0,
    0,
    0,
    0,
    0,
    0,
    0,
    0,
    0,
    0,
    0,
    0,
    0,
    0,
    0,
    0,
    0,
    0,
    0,
    0,
    0,
    0,
    0,
    0,
    0
  ],
  "final_logical_error": 0.9980468739862828,
  "initial_logical_error": 0.9980468740019532,
  "error_reduction_ratio": 0.9999999999842989,
  "timestamp": "2025-09-09T16:36:30.014731"
}