{
  "M": 10,
  "N": 16,
  "physical_error_rate": 0.5,
  "noise_type": "depolarizing",
  "logical_error_evolution": [
    0.9980478286743164,
    0.9980459278367569,
    0.9980440214448595,
    0.9980421094751702,
    0.9980401919041066
  ],
  "fidelity_evolution": [
    0.04418338291352976,
    0.04420488845413972,
    0.044226446331812476,
    0.04424805673506413,
    0.04426971985334626
  ],
  "purity_evolution": [
    0.0009775152429938316,
    0.0009775189591839052,
    0.0009775226934980305,
    0.000977526446045876,
    0.0009775302169379163
  ],
  "success_probabilities": [
    0.5004887576214969,
    0.5004887576214969,
    0.5004887576214969,
    0.5004887576214969,
    0.5004887576214969,
    0.5004887576214969,
    0.5004887576214969,
    0.5004887576214969,
    0.5004887594795919,
    0.5004887594795919,
    0.5004887594795919,
    0.5004887594795919,
    0.500488761346749,
    0.500488761346749,
    0.5004887632230229
  ],
  "amplification_iterations": [
    0,
    0,
    0,
    0,
    0,
    0,
    0,
    0,
    0,
    0,
    0,
    0,
    0,
    0,
    0
  ],
  "final_logical_error": 0.9980401919041066,
  "initial_logical_error": 0.9980478286743164,
  "error_reduction_ratio": 0.999992348292346,
  "timestamp": "2025-09-09T16:54:15.907417"
}