{
  "M": 8,
  "N": 32,
  "physical_error_rate": 0.01,
  "noise_type": "depolarizing",
  "logical_error_evolution": [
    0.07695352703468905,
    0.04156326671931216,
    0.02166677442584152,
    0.011071584256015923,
    0.0055976630529114895,
    0.0028146039005154328
  ],
  "fidelity_evolution": [
    0.9607530759593284,
    0.9789978208763734,
    0.9891072871909085,
    0.9944487999610558,
    0.9971972407438203,
    0.9985917064043165
  ],
  "purity_evolution": [
    0.8520380141765364,
    0.9186077462317193,
    0.9571377412392544,
    0.9779798921717013,
    0.988836130603603,
    0.9943787452607334
  ],
  "success_probabilities": [
    0.9260190070882681,
    0.9260190070882681,
    0.9260190070882681,
    0.9260190070882681,
    0.9260190070882681,
    0.9260190070882681,
    0.9260190070882681,
    0.9260190070882681,
    0.9260190070882681,
    0.9260190070882681,
    0.9260190070882681,
    0.9260190070882681,
    0.9260190070882681,
    0.9260190070882681,
    0.9260190070882681,
    0.9260190070882681,
    0.9593038731158596,
    0.9593038731158596,
    0.9593038731158596,
    0.9593038731158596,
    0.9593038731158596,
    0.9593038731158596,
    0.9593038731158596,
    0.9593038731158596,
    0.9785688706196272,
    0.9785688706196272,
    0.9785688706196272,
    0.9785688706196272,
    0.9889899460858507,
    0.9889899460858507,
    0.9944180653018015
  ],
  "amplification_iterations": [
    0,
    0,
    0,
    0,
    0,
    0,
    0,
    0,
    0,
    0,
    0,
    0,
    0,
    0,
    0,
    0,
    0,
    0,
    0,
    0,
    0,
    0,
    0,
    0,
    0,
    0,
    0,
    0,
    0,
    0,
    0
  ],
  "final_logical_error": 0.0028146039005154328,
  "initial_logical_error": 0.07695352703468905,
  "error_reduction_ratio": 0.03657537229250932,
  "timestamp": "2025-09-09T16:27:09.268002"
}