{
  "M": 5,
  "N": 8,
  "physical_error_rate": 0.95,
  "noise_type": "depolarizing",
  "logical_error_evolution": [
    0.968749697265625,
    0.9687496880917701,
    0.9687496786399142,
    0.968749668901633
  ],
  "fidelity_evolution": [
    0.17677755155668093,
    0.1767775775041335,
    0.17677760423788352,
    0.1767776317817588
  ],
  "purity_evolution": [
    0.031250000000094605,
    0.03125000000010043,
    0.03125000000010661,
    0.03125000000011317
  ],
  "success_probabilities": [
    0.5156250000000473,
    0.5156250000000473,
    0.5156250000000473,
    0.5156250000000473,
    0.5156250000000502,
    0.5156250000000502,
    0.5156250000000533
  ],
  "amplification_iterations": [
    0,
    0,
    0,
    0,
    0,
    0,
    0
  ],
  "final_logical_error": 0.968749668901633,
  "initial_logical_error": 0.968749697265625,
  "error_reduction_ratio": 0.9999999707210314,
  "timestamp": "2025-09-09T16:28:53.971821"
}