{
  "M": 3,
  "N": 512,
  "physical_error_rate": 0.9,
  "noise_type": "depolarizing",
  "logical_error_evolution": [
    0.874125,
    0.8740271952010703,
    0.8739183857908549,
    0.8737973165193965,
    0.8736625849314792,
    0.8735126231567707,
    0.8733456772268232,
    0.8731597835329364,
    0.8729527419677385,
    0.8727220852068283
  ],
  "fidelity_evolution": [
    0.35478866949213583,
    0.3549264780189407,
    0.35507972936953897,
    0.355250170275263,
    0.35543974885839746,
    0.3556506387499244,
    0.3558852663052753,
    0.35614634136414147,
    0.35643689207524715,
    0.35676030439662376
  ],
  "purity_evolution": [
    0.125000875,
    0.12500108154191636,
    0.12500133701633986,
    0.1250016530829194,
    0.12500204420464625,
    0.12500252833128428,
    0.12500312775295752,
    0.125003870167595,
    0.12500479001765788,
    0.1250059301666342
  ],
  "success_probabilities": [
    0.5625004375,
    0.5625004375,
    0.5625004375,
    0.5625004375,
    0.5625004375,
    0.5625004375,
    0.5625004375,
    0.5625004375,
    0.5625004375,
    0.5625004375,
    0.5625004375,
    0.5625004375,
    0.5625004375,
    0.5625004375,
    0.5625004375,
    0.5625004375,
    0.5625004375,
    0.5625004375,
    0.5625004375,
    0.5625004375,
    0.5625004375,
    0.5625004375,
    0.5625004375,
    0.5625004375,
    0.5625004375,
    0.5625004375,
    0.5625004375,
    0.5625004375,
    0.5625004375,
    0.5625004375,
    0.5625004375,
    0.5625004375,
    0.5625004375,
    0.5625004375,
    0.5625004375,
    0.5625004375,
    0.5625004375,
    0.5625004375,
    0.5625004375,
    0.5625004375,
    0.5625004375,
    0.5625004375,
    0.5625004375,
    0.5625004375,
    0.5625004375,
    0.5625004375,
    0.5625004375,
    0.5625004375,
    0.5625004375,
    0.5625004375,
    0.5625004375,
    0.5625004375,
    0.5625004375,
    0.5625004375,
    0.5625004375,
    0.5625004375,
    0.5625004375,
    0.5625004375,
    0.5625004375,
    0.5625004375,
    0.5625004375,
    0.5625004375,
    0.5625004375,
    0.5625004375,
    0.5625004375,
    0.5625004375,
    0.5625004375,
    0.5625004375,
    0.5625004375,
    0.5625004375,
    0.5625004375,
    0.5625004375,
    0.5625004375,
    0.5625004375,
    0.5625004375,
    0.5625004375,
    0.5625004375,
    0.5625004375,
    0.5625004375,
    0.5625004375,
    0.5625004375,
    0.5625004375,
    0.5625004375,
    0.5625004375,
    0.5625004375,
    0.5625004375,
    0.5625004375,
    0.5625004375,
    0.5625004375,
    0.5625004375,
    0.5625004375,
    0.5625004375,
    0.5625004375,
    0.5625004375,
    0.5625004375,
    0.5625004375,
    0.5625004375,
    0.5625004375,
    0.5625004375,
    0.5625004375,
    0.5625004375,
    0.5625004375,
    0.5625004375,
    0.5625004375,
    0.5625004375,
    0.5625004375,
    0.5625004375,
    0.5625004375,
    0.5625004375,
    0.5625004375,
    0.5625004375,
    0.5625004375,
    0.5625004375,
    0.5625004375,
    0.5625004375,
    0.5625004375,
    0.5625004375,
    0.5625004375,
    0.5625004375,
    0.5625004375,
    0.5625004375,
    0.5625004375,
    0.5625004375,
    0.5625004375,
    0.5625004375,
    0.5625004375,
    0.5625004375,
    0.5625004375,
    0.5625004375,
    0.5625004375,
    0.5625004375,
    0.5625004375,
    0.5625004375,
    0.5625004375,
    0.5625004375,
    0.5625004375,
    0.5625004375,
    0.5625004375,
    0.5625004375,
    0.5625004375,
    0.5625004375,
    0.5625004375,
    0.5625004375,
    0.5625004375,
    0.5625004375,
    0.5625004375,
    0.5625004375,
    0.5625004375,
    0.5625004375,
    0.5625004375,
    0.5625004375,
    0.5625004375,
    0.5625004375,
    0.5625004375,
    0.5625004375,
    0.5625004375,
    0.5625004375,
    0.5625004375,
    0.5625004375,
    0.5625004375,
    0.5625004375,
    0.5625004375,
    0.5625004375,
    0.5625004375,
    0.5625004375,
    0.5625004375,
    0.5625004375,
    0.5625004375,
    0.5625004375,
    0.5625004375,
    0.5625004375,
    0.5625004375,
    0.5625004375,
    0.5625004375,
    0.5625004375,
    0.5625004375,
    0.5625004375,
    0.5625004375,
    0.5625004375,
    0.5625004375,
    0.5625004375,
    0.5625004375,
    0.5625004375,
    0.5625004375,
    0.5625004375,
    0.5625004375,
    0.5625004375,
    0.5625004375,
    0.5625004375,
    0.5625004375,
    0.5625004375,
    0.5625004375,
    0.5625004375,
    0.5625004375,
    0.5625004375,
    0.5625004375,
    0.5625004375,
    0.5625004375,
    0.5625004375,
    0.5625004375,
    0.5625004375,
    0.5625004375,
    0.5625004375,
    0.5625004375,
    0.5625004375,
    0.5625004375,
    0.5625004375,
    0.5625004375,
    0.5625004375,
    0.5625004375,
    0.5625004375,
    0.5625004375,
    0.5625004375,
    0.5625004375,
    0.5625004375,
    0.5625004375,
    0.5625004375,
    0.5625004375,
    0.5625004375,
    0.5625004375,
    0.5625004375,
    0.5625004375,
    0.5625004375,
    0.5625004375,
    0.5625004375,
    0.5625004375,
    0.5625004375,
    0.5625004375,
    0.5625004375,
    0.5625004375,
    0.5625004375,
    0.5625004375,
    0.5625004375,
    0.5625004375,
    0.5625004375,
    0.5625004375,
    0.5625004375,
    0.5625004375,
    0.5625004375,
    0.5625004375,
    0.5625004375,
    0.5625004375,
    0.5625004375,
    0.5625004375,
    0.5625004375,
    0.5625004375,
    0.5625004375,
    0.5625004375,
    0.5625004375,
    0.5625004375,
    0.5625004375,
    0.5625004375,
    0.5625004375,
    0.5625004375,
    0.5625004375,
    0.5625004375,
    0.5625005407709582,
    0.5625005407709582,
    0.5625005407709582,
    0.5625005407709582,
    0.5625005407709582,
    0.5625005407709582,
    0.5625005407709582,
    0.5625005407709582,
    0.5625005407709582,
    0.5625005407709582,
    0.5625005407709582,
    0.5625005407709582,
    0.5625005407709582,
    0.5625005407709582,
    0.5625005407709582,
    0.5625005407709582,
    0.5625005407709582,
    0.5625005407709582,
    0.5625005407709582,
    0.5625005407709582,
    0.5625005407709582,
    0.5625005407709582,
    0.5625005407709582,
    0.5625005407709582,
    0.5625005407709582,
    0.5625005407709582,
    0.5625005407709582,
    0.5625005407709582,
    0.5625005407709582,
    0.5625005407709582,
    0.5625005407709582,
    0.5625005407709582,
    0.5625005407709582,
    0.5625005407709582,
    0.5625005407709582,
    0.5625005407709582,
    0.5625005407709582,
    0.5625005407709582,
    0.5625005407709582,
    0.5625005407709582,
    0.5625005407709582,
    0.5625005407709582,
    0.5625005407709582,
    0.5625005407709582,
    0.5625005407709582,
    0.5625005407709582,
    0.5625005407709582,
    0.5625005407709582,
    0.5625005407709582,
    0.5625005407709582,
    0.5625005407709582,
    0.5625005407709582,
    0.5625005407709582,
    0.5625005407709582,
    0.5625005407709582,
    0.5625005407709582,
    0.5625005407709582,
    0.5625005407709582,
    0.5625005407709582,
    0.5625005407709582,
    0.5625005407709582,
    0.5625005407709582,
    0.5625005407709582,
    0.5625005407709582,
    0.5625005407709582,
    0.5625005407709582,
    0.5625005407709582,
    0.5625005407709582,
    0.5625005407709582,
    0.5625005407709582,
    0.5625005407709582,
    0.5625005407709582,
    0.5625005407709582,
    0.5625005407709582,
    0.5625005407709582,
    0.5625005407709582,
    0.5625005407709582,
    0.5625005407709582,
    0.5625005407709582,
    0.5625005407709582,
    0.5625005407709582,
    0.5625005407709582,
    0.5625005407709582,
    0.5625005407709582,
    0.5625005407709582,
    0.5625005407709582,
    0.5625005407709582,
    0.5625005407709582,
    0.5625005407709582,
    0.5625005407709582,
    0.5625005407709582,
    0.5625005407709582,
    0.5625005407709582,
    0.5625005407709582,
    0.5625005407709582,
    0.5625005407709582,
    0.5625005407709582,
    0.5625005407709582,
    0.5625005407709582,
    0.5625005407709582,
    0.5625005407709582,
    0.5625005407709582,
