{
  "M": 9,
  "N": 32,
  "physical_error_rate": 0.99,
  "noise_type": "depolarizing",
  "logical_error_evolution": [
    0.998046875,
    0.998046875,
    0.998046875,
    0.998046875,
    0.998046875,
    0.998046875
  ],
  "fidelity_evolution": [
    0.04419417382415922,
    0.04419417382415922,
    0.04419417382415922,
    0.04419417382415922,
    0.04419417382415922,
    0.04419417382415922
  ],
  "purity_evolution": [
    0.001953125,
    0.001953125,
    0.001953125,
    0.001953125,
    0.001953125,
    0.001953125
  ],
  "success_probabilities": [
    0.5009765625,
    0.5009765625,
    0.5009765625,
    0.5009765625,
    0.5009765625,
    0.5009765625,
    0.5009765625,
    0.5009765625,
    0.5009765625,
    0.5009765625,
    0.5009765625,
    0.5009765625,
    0.5009765625,
    0.5009765625,
    0.5009765625,
    0.5009765625,
    0.5009765625,
    0.5009765625,
    0.5009765625,
    0.5009765625,
    0.5009765625,
    0.5009765625,
    0.5009765625,
    0.5009765625,
    0.5009765625,
    0.5009765625,
    0.5009765625,
    0.5009765625,
    0.5009765625,
    0.5009765625,
    0.5009765625
  ],
  "amplification_iterations": [
    0,
    0,
    0,
    0,
    0,
    0,
    0,
    0,
    0,
    0,
    0,
    0,
    0,
    0,
    0,
    0,
    0,
    0,
    0,
    0,
    0,
    0,
    0,
    0,
    0,
    0,
    0,
    0,
    0,
    0,
    0
  ],
  "final_logical_error": 0.998046875,
  "initial_logical_error": 0.998046875,
  "error_reduction_ratio": 1.0,
  "timestamp": "2025-09-09T16:32:18.761681"
}