{
  "M": 6,
  "N": 256,
  "physical_error_rate": 0.8,
  "noise_type": "depolarizing",
  "logical_error_evolution": [
    0.9843120000000002,
    0.984311026923577,
    0.9843100387570368,
    0.9843090352644901,
    0.9843080162063005,
    0.984306981339026,
    0.9843059304153543,
    0.9843048631840395,
    0.9843037793898397
  ],
  "fidelity_evolution": [
    0.12525174649480922,
    0.12525563091702865,
    0.12525957545418662,
    0.12526358104217714,
    0.12526764863163775,
    0.1252717791881872,
    0.12527597369266694,
    0.12528023314138695,
    0.12528455854637557
  ],
  "purity_evolution": [
    0.015625004031999998,
    0.01562500415751569,
    0.015625004286946624,
    0.015625004420415315,
    0.015625004558048113,
    0.015625004699975346,
    0.015625004846331444,
    0.01562500499725506,
    0.015625005152889206
  ],
  "success_probabilities": [
    0.507812502016,
    0.507812502016,
    0.507812502016,
    0.507812502016,
    0.507812502016,
    0.507812502016,
    0.507812502016,
    0.507812502016,
    0.507812502016,
    0.507812502016,
    0.507812502016,
    0.507812502016,
    0.507812502016,
    0.507812502016,
    0.507812502016,
    0.507812502016,
    0.507812502016,
    0.507812502016,
    0.507812502016,
    0.507812502016,
    0.507812502016,
    0.507812502016,
    0.507812502016,
    0.507812502016,
    0.507812502016,
    0.507812502016,
    0.507812502016,
    0.507812502016,
    0.507812502016,
    0.507812502016,
    0.507812502016,
    0.507812502016,
    0.507812502016,
    0.507812502016,
    0.507812502016,
    0.507812502016,
    0.507812502016,
    0.507812502016,
    0.507812502016,
    0.507812502016,
    0.507812502016,
    0.507812502016,
    0.507812502016,
    0.507812502016,
    0.507812502016,
    0.507812502016,
    0.507812502016,
    0.507812502016,
    0.507812502016,
    0.507812502016,
    0.507812502016,
    0.507812502016,
    0.507812502016,
    0.507812502016,
    0.507812502016,
    0.507812502016,
    0.507812502016,
    0.507812502016,
    0.507812502016,
    0.507812502016,
    0.507812502016,
    0.507812502016,
    0.507812502016,
    0.507812502016,
    0.507812502016,
    0.507812502016,
    0.507812502016,
    0.507812502016,
    0.507812502016,
    0.507812502016,
    0.507812502016,
    0.507812502016,
    0.507812502016,
    0.507812502016,
    0.507812502016,
    0.507812502016,
    0.507812502016,
    0.507812502016,
    0.507812502016,
    0.507812502016,
    0.507812502016,
    0.507812502016,
    0.507812502016,
    0.507812502016,
    0.507812502016,
    0.507812502016,
    0.507812502016,
    0.507812502016,
    0.507812502016,
    0.507812502016,
    0.507812502016,
    0.507812502016,
    0.507812502016,
    0.507812502016,
    0.507812502016,
    0.507812502016,
    0.507812502016,
    0.507812502016,
    0.507812502016,
    0.507812502016,
    0.507812502016,
    0.507812502016,
    0.507812502016,
    0.507812502016,
    0.507812502016,
    0.507812502016,
    0.507812502016,
    0.507812502016,
    0.507812502016,
    0.507812502016,
    0.507812502016,
    0.507812502016,
    0.507812502016,
    0.507812502016,
    0.507812502016,
    0.507812502016,
    0.507812502016,
    0.507812502016,
    0.507812502016,
    0.507812502016,
    0.507812502016,
    0.507812502016,
    0.507812502016,
    0.507812502016,
    0.507812502016,
    0.507812502016,
    0.507812502016,
    0.507812502016,
    0.5078125020787578,
    0.5078125020787578,
    0.5078125020787578,
    0.5078125020787578,
    0.5078125020787578,
    0.5078125020787578,
    0.5078125020787578,
    0.5078125020787578,
    0.5078125020787578,
    0.5078125020787578,
    0.5078125020787578,
    0.5078125020787578,
    0.5078125020787578,
    0.5078125020787578,
    0.5078125020787578,
    0.5078125020787578,
    0.5078125020787578,
    0.5078125020787578,
    0.5078125020787578,
    0.5078125020787578,
    0.5078125020787578,
    0.5078125020787578,
    0.5078125020787578,
    0.5078125020787578,
    0.5078125020787578,
    0.5078125020787578,
    0.5078125020787578,
    0.5078125020787578,
    0.5078125020787578,
    0.5078125020787578,
    0.5078125020787578,
    0.5078125020787578,
    0.5078125020787578,
    0.5078125020787578,
    0.5078125020787578,
    0.5078125020787578,
    0.5078125020787578,
    0.5078125020787578,
    0.5078125020787578,
    0.5078125020787578,
    0.5078125020787578,
    0.5078125020787578,
    0.5078125020787578,
    0.5078125020787578,
    0.5078125020787578,
    0.5078125020787578,
    0.5078125020787578,
    0.5078125020787578,
    0.5078125020787578,
    0.5078125020787578,
    0.5078125020787578,
    0.5078125020787578,
    0.5078125020787578,
    0.5078125020787578,
    0.5078125020787578,
    0.5078125020787578,
    0.5078125020787578,
    0.5078125020787578,
    0.5078125020787578,
    0.5078125020787578,
    0.5078125020787578,
    0.5078125020787578,
    0.5078125020787578,
    0.5078125020787578,
    0.5078125021434733,
    0.5078125021434733,
    0.5078125021434733,
    0.5078125021434733,
    0.5078125021434733,
    0.5078125021434733,
    0.5078125021434733,
    0.5078125021434733,
    0.5078125021434733,
    0.5078125021434733,
    0.5078125021434733,
    0.5078125021434733,
    0.5078125021434733,
    0.5078125021434733,
    0.5078125021434733,
    0.5078125021434733,
    0.5078125021434733,
    0.5078125021434733,
    0.5078125021434733,
    0.5078125021434733,
    0.5078125021434733,
    0.5078125021434733,
    0.5078125021434733,
    0.5078125021434733,
    0.5078125021434733,
    0.5078125021434733,
    0.5078125021434733,
    0.5078125021434733,
    0.5078125021434733,
    0.5078125021434733,
    0.5078125021434733,
    0.5078125021434733,
    0.5078125022102077,
    0.5078125022102077,
    0.5078125022102077,
    0.5078125022102077,
    0.5078125022102077,
    0.5078125022102077,
    0.5078125022102077,
    0.5078125022102077,
    0.5078125022102077,
    0.5078125022102077,
    0.5078125022102077,
    0.5078125022102077,
    0.5078125022102077,
    0.5078125022102077,
    0.5078125022102077,
    0.5078125022102077,
    0.5078125022790241,
    0.5078125022790241,
    0.5078125022790241,
    0.5078125022790241,
    0.5078125022790241,
    0.5078125022790241,
    0.5078125022790241,
    0.5078125022790241,
    0.5078125023499876,
    0.5078125023499876,
    0.5078125023499876,
    0.5078125023499876,
    0.5078125024231657,
    0.5078125024231657,
    0.5078125024986275
  ],