{
  "M": 9,
  "N": 8,
  "physical_error_rate": 0.8,
  "noise_type": "depolarizing",
  "logical_error_evolution": [
    0.9980463639999996,
    0.9980463630036386,
    0.9980463620053341,
    0.9980463610050819
  ],
  "fidelity_evolution": [
    0.04419995475110752,
    0.044199966022174936,
    0.04419997731522184,
    0.044199988630291114
  ],
  "purity_evolution": [
    0.0019531250002616314,
    0.001953125000262653,
    0.0019531250002636784,
    0.001953125000264709
  ],
  "success_probabilities": [
    0.5009765625001308,
    0.5009765625001308,
    0.5009765625001308,
    0.5009765625001308,
    0.5009765625001313,
    0.5009765625001313,
    0.5009765625001319
  ],
  "amplification_iterations": [
    0,
    0,
    0,
    0,
    0,
    0,
    0
  ],
  "final_logical_error": 0.9980463610050819,
  "initial_logical_error": 0.9980463639999996,
  "error_reduction_ratio": 0.9999999969992199,
  "timestamp": "2025-09-09T16:31:40.729899"
}