{
  "M": 7,
  "N": 16,
  "physical_error_rate": 0.5,
  "noise_type": "depolarizing",
  "logical_error_evolution": [
    0.98443603515625,
    0.9843172692087147,
    0.9841957782758216,
    0.9840714718055298,
    0.9839442552191945
  ],
  "fidelity_evolution": [
    0.12475562048961962,
    0.12523071025625096,
    0.12571484289525114,
    0.12620827308251334,
    0.12671126540606195
  ],
  "purity_evolution": [
    0.007873058319091797,
    0.00787492825343808,
    0.007876870510731788,
    0.007878888574390869,
    0.00788098613242586
  ],
  "success_probabilities": [
    0.5039365291595459,
    0.5039365291595459,
    0.5039365291595459,
    0.5039365291595459,
    0.5039365291595459,
    0.5039365291595459,
    0.5039365291595459,
    0.5039365291595459,
    0.503937464126719,
    0.503937464126719,
    0.503937464126719,
    0.503937464126719,
    0.5039384352553659,
    0.5039384352553659,
    0.5039394442871954
  ],
  "amplification_iterations": [
    0,
    0,
    0,
    0,
    0,
    0,
    0,
    0,
    0,
    0,
    0,
    0,
    0,
    0,
    0
  ],
  "final_logical_error": 0.9839442552191945,
  "initial_logical_error": 0.98443603515625,
  "error_reduction_ratio": 0.9995004450065895,
  "timestamp": "2025-09-09T16:26:36.958883"
}