{
  "M": 8,
  "N": 32,
  "physical_error_rate": 0.9,
  "noise_type": "depolarizing",
  "logical_error_evolution": [
    0.996093740039062,
    0.9960937400003046,
    0.9960937399613939,
    0.9960937399223343,
    0.996093739883121,
    0.9960937398437563
  ],
  "fidelity_evolution": [
    0.0625000796874496,
    0.0625000799975181,
    0.06250008030879309,
    0.06250008062127926,
    0.06250008093498134,
    0.06250008124990405
  ],
  "purity_evolution": [
    0.0039062500000001,
    0.003906250000000102,
    0.003906250000000104,
    0.003906250000000105,
    0.003906250000000106,
    0.003906250000000108
  ],
  "success_probabilities": [
    0.501953125,
    0.501953125,
    0.501953125,
    0.501953125,
    0.501953125,
    0.501953125,
    0.501953125,
    0.501953125,
    0.501953125,
    0.501953125,
    0.501953125,
    0.501953125,
    0.501953125,
    0.501953125,
    0.501953125,
    0.501953125,
    0.501953125,
    0.501953125,
    0.501953125,
    0.501953125,
    0.501953125,
    0.501953125,
    0.501953125,
    0.501953125,
    0.501953125,
    0.501953125,
    0.501953125,
    0.501953125,
    0.501953125,
    0.501953125,
    0.501953125
  ],
  "amplification_iterations": [
    0,
    0,
    0,
    0,
    0,
    0,
    0,
    0,
    0,
    0,
    0,
    0,
    0,
    0,
    0,
    0,
    0,
    0,
    0,
    0,
    0,
    0,
    0,
    0,
    0,
    0,
    0,
    0,
    0,
    0,
    0
  ],
  "final_logical_error": 0.9960937398437563,
  "initial_logical_error": 0.996093740039062,
  "error_reduction_ratio": 0.9999999998039283,
  "timestamp": "2025-09-09T16:27:10.733802"
}