{
  "M": 9,
  "N": 8,
  "physical_error_rate": 0.7,
  "noise_type": "depolarizing",
  "logical_error_evolution": [
    0.9980272304433595,
    0.9980271917654815,
    0.9980271530106928,
    0.9980271141788383
  ],
  "fidelity_evolution": [
    0.04441587054916989,
    0.044416305953088535,
    0.044416742218523035,
    0.04441717934720323
  ],
  "purity_evolution": [
    0.0019531253866638086,
    0.001953125388187901,
    0.001953125389718031,
    0.0019531253912542213
  ],
  "success_probabilities": [
    0.5009765626933319,
    0.5009765626933319,
    0.5009765626933319,
    0.5009765626933319,
    0.500976562694094,
    0.500976562694094,
    0.500976562694859
  ],
  "amplification_iterations": [
    0,
    0,
    0,
    0,
    0,
    0,
    0
  ],
  "final_logical_error": 0.9980271141788383,
  "initial_logical_error": 0.9980272304433595,
  "error_reduction_ratio": 0.9999998835056623,
  "timestamp": "2025-09-09T16:31:39.864184"
}