{
  "M": 5,
  "N": 16,
  "physical_error_rate": 0.8,
  "noise_type": "depolarizing",
  "logical_error_evolution": [
    0.96844,
    0.9684305159095203,
    0.9684207388228427,
    0.9684106595117714,
    0.9684002684464883
  ],
  "fidelity_evolution": [
    0.1776513439296196,
    0.1776780349128155,
    0.17770554627573493,
    0.177733903598128,
    0.17776313327996807
  ],
  "purity_evolution": [
    0.031250099200000006,
    0.03125010536266743,
    0.03125011191011384,
    0.031250118866546536,
    0.03125012625771305
  ],
  "success_probabilities": [
    0.5156250496,
    0.5156250496,
    0.5156250496,
    0.5156250496,
    0.5156250496,
    0.5156250496,
    0.5156250496,
    0.5156250496,
    0.5156250526813337,
    0.5156250526813337,
    0.5156250526813337,
    0.5156250526813337,
    0.5156250559550569,
    0.5156250559550569,
    0.5156250594332733
  ],
  "amplification_iterations": [
    0,
    0,
    0,
    0,
    0,
    0,
    0,
    0,
    0,
    0,
    0,
    0,
    0,
    0,
    0
  ],
  "final_logical_error": 0.9684002684464883,
  "initial_logical_error": 0.96844,
  "error_reduction_ratio": 0.9999589736550415,
  "timestamp": "2025-09-09T16:26:26.256896"
}