{
  "M": 1,
  "N": 8,
  "physical_error_rate": 0.9,
  "noise_type": "depolarizing",
  "logical_error_evolution": [
    0.44999999999999996,
    0.4335548172757475,
    0.41192488743722633,
    0.38376869318517254
  ],
  "fidelity_evolution": [
    0.7416198487095663,
    0.752625526224199,
    0.7668605561396241,
    0.7850040170692297
  ],
  "purity_evolution": [
    0.5050000000000001,
    0.5088299246145186,
    0.5155144509058905,
    0.5270194333677652
  ],
  "success_probabilities": [
    0.7525000000000001,
    0.7525000000000001,
    0.7525000000000001,
    0.7525000000000001,
    0.7544149623072594,
    0.7544149623072594,
    0.7577572254529452
  ],
  "amplification_iterations": [
    0,
    0,
    0,
    0,
    0,
    0,
    0
  ],
  "final_logical_error": 0.38376869318517254,
  "initial_logical_error": 0.44999999999999996,
  "error_reduction_ratio": 0.8528193181892724,
  "timestamp": "2025-09-09T16:28:45.796194"
}