{
  "M": 2,
  "N": 8,
  "physical_error_rate": 0.2,
  "noise_type": "depolarizing",
  "logical_error_evolution": [
    0.2699999999999999,
    0.18899306447469816,
    0.12032497189168123,
    0.07036275274161467
  ],
  "fidelity_evolution": [
    0.8544003745317532,
    0.9005592348786957,
    0.9379099253704051,
    0.9641769792203013
  ],
  "purity_evolution": [
    0.5572000000000001,
    0.6696383756099867,
    0.7786541880309494,
    0.8658757171479409
  ],
  "success_probabilities": [
    0.7786000000000001,
    0.7786000000000001,
    0.7786000000000001,
    0.7786000000000001,
    0.8348191878049933,
    0.8348191878049933,
    0.8893270940154747
  ],
  "amplification_iterations": [
    0,
    0,
    0,
    0,
    0,
    0,
    0
  ],
  "final_logical_error": 0.07036275274161467,
  "initial_logical_error": 0.2699999999999999,
  "error_reduction_ratio": 0.2606027879319063,
  "timestamp": "2025-09-09T15:33:19.859801"
}