{
  "M": 1,
  "N": 256,
  "physical_error_rate": 0.7,
  "noise_type": "depolarizing",
  "logical_error_evolution": [
    0.35,
    0.3058252427184466,
    0.2534926855535944,
    0.19595745479515314,
    0.13909373894318047,
    0.08999727799255686,
    0.0534236736464599,
    0.029637644659280267,
    0.015709820035465706
  ],
  "fidelity_evolution": [
    0.806225774829855,
    0.8331715053226156,
    0.86400654768723,
    0.8966841948004028,
    0.9278503441055672,
    0.9539406281354428,
    0.9729215417255084,
    0.9850697210556822,
    0.992113995448373
  ],
  "purity_evolution": [
    0.545,
    0.5754076727307004,
    0.6215317121511581,
    0.6848837385892828,
    0.7605066585400264,
    0.8362044641070254,
    0.898860830518847,
    0.942481490643339,
    0.9690739568201621
  ],
  "success_probabilities": [
    0.7725,
    0.7725,
    0.7725,
    0.7725,
    0.7725,
    0.7725,
    0.7725,
    0.7725,
    0.7725,
    0.7725,
    0.7725,
    0.7725,
    0.7725,
    0.7725,
    0.7725,
    0.7725,
    0.7725,
    0.7725,
    0.7725,
    0.7725,
    0.7725,
    0.7725,
    0.7725,
    0.7725,
    0.7725,
    0.7725,
    0.7725,
    0.7725,
    0.7725,
    0.7725,
    0.7725,
    0.7725,
    0.7725,
    0.7725,
    0.7725,
    0.7725,
    0.7725,
    0.7725,
    0.7725,
    0.7725,
    0.7725,
    0.7725,
    0.7725,
    0.7725,
    0.7725,
    0.7725,
    0.7725,
    0.7725,
    0.7725,
    0.7725,
    0.7725,
    0.7725,
    0.7725,
    0.7725,
    0.7725,
    0.7725,
    0.7725,
    0.7725,
    0.7725,
    0.7725,
    0.7725,
    0.7725,
    0.7725,
    0.7725,
    0.7725,
    0.7725,
    0.7725,
    0.7725,
    0.7725,
    0.7725,
    0.7725,
    0.7725,
    0.7725,
    0.7725,
    0.7725,
    0.7725,
    0.7725,
    0.7725,
    0.7725,
    0.7725,
    0.7725,
    0.7725,
    0.7725,
    0.7725,
    0.7725,
    0.7725,
    0.7725,
    0.7725,
    0.7725,
    0.7725,
    0.7725,
    0.7725,
    0.7725,
    0.7725,
    0.7725,
    0.7725,
    0.7725,
    0.7725,
    0.7725,
    0.7725,
    0.7725,
    0.7725,
    0.7725,
    0.7725,
    0.7725,
    0.7725,
    0.7725,
    0.7725,
    0.7725,
    0.7725,
    0.7725,
    0.7725,
    0.7725,
    0.7725,
    0.7725,
    0.7725,
    0.7725,
    0.7725,
    0.7725,
    0.7725,
    0.7725,
    0.7725,
    0.7725,
    0.7725,
    0.7725,
    0.7725,
    0.7725,
    0.7725,
    0.7877038363653501,
    0.7877038363653501,
    0.7877038363653501,
    0.7877038363653501,
    0.7877038363653501,
    0.7877038363653501,
    0.7877038363653501,
    0.7877038363653501,
    0.7877038363653501,
    0.7877038363653501,
    0.7877038363653501,
    0.7877038363653501,
    0.7877038363653501,
    0.7877038363653501,
    0.7877038363653501,
    0.7877038363653501,
    0.7877038363653501,
    0.7877038363653501,
    0.7877038363653501,
    0.7877038363653501,
    0.7877038363653501,
    0.7877038363653501,
    0.7877038363653501,
    0.7877038363653501,
    0.7877038363653501,
    0.7877038363653501,
    0.7877038363653501,
    0.7877038363653501,
    0.7877038363653501,
    0.7877038363653501,
    0.7877038363653501,
    0.7877038363653501,
    0.7877038363653501,
    0.7877038363653501,
    0.7877038363653501,
    0.7877038363653501,
    0.7877038363653501,
    0.7877038363653501,
    0.7877038363653501,
    0.7877038363653501,
    0.7877038363653501,
    0.7877038363653501,
    0.7877038363653501,
    0.7877038363653501,
    0.7877038363653501,
    0.7877038363653501,
    0.7877038363653501,
    0.7877038363653501,
    0.7877038363653501,
    0.7877038363653501,
    0.7877038363653501,
    0.7877038363653501,
    0.7877038363653501,
    0.7877038363653501,
    0.7877038363653501,
    0.7877038363653501,
    0.7877038363653501,
    0.7877038363653501,
    0.7877038363653501,
    0.7877038363653501,
    0.7877038363653501,
    0.7877038363653501,
    0.7877038363653501,
    0.7877038363653501,
    0.810765856075579,
    0.810765856075579,
    0.810765856075579,
    0.810765856075579,
    0.810765856075579,
    0.810765856075579,
    0.810765856075579,
    0.810765856075579,
    0.810765856075579,
    0.810765856075579,
    0.810765856075579,
    0.810765856075579,
    0.810765856075579,
    0.810765856075579,
    0.810765856075579,
    0.810765856075579,
    0.810765856075579,
    0.810765856075579,
    0.810765856075579,
    0.810765856075579,
    0.810765856075579,
    0.810765856075579,
    0.810765856075579,
    0.810765856075579,
    0.810765856075579,
    0.810765856075579,
    0.810765856075579,
    0.810765856075579,
    0.810765856075579,
    0.810765856075579,
    0.810765856075579,
    0.810765856075579,
    0.8424418692946414,
    0.8424418692946414,
    0.8424418692946414,
    0.8424418692946414,
    0.8424418692946414,
    0.8424418692946414,
    0.8424418692946414,
    0.8424418692946414,
    0.8424418692946414,
    0.8424418692946414,
    0.8424418692946414,
    0.8424418692946414,
    0.8424418692946414,
    0.8424418692946414,
    0.8424418692946414,
    0.8424418692946414,
    0.8802533292700132,
    0.8802533292700132,
    0.8802533292700132,
    0.8802533292700132,
    0.8802533292700132,
    0.8802533292700132,
    0.8802533292700132,
    0.8802533292700132,
    0.9181022320535127,
    0.9181022320535127,
    0.9181022320535127,
    0.9181022320535127,
    0.9494304152594235,
    0.9494304152594235,
    0.9712407453216695
  ],
  "amplification_iterations": [
    0,
    0,
    0,
    0,
    0,
    0,
    0,
    0,
    0,
    0,
    0,
    0,
    0,
    0,
    0,
    0,
    0,
    0,
    0,
    0,
    0,
    0,
    0,
    0,
    0,
    0,
    0,
    0,
    0,
    0,
    0,
    0,
    0,
    0,
    0,
    0,
    0,
    0,
    0,
    0,
    0,
    0,
    0,
    0,
    0,
    0,
    0,
    0,
    0,
    0,
    0,
    0,
    0,
    0,
    0,
    0,
    0,
    0,
    0,
    0,
    0,
    0,
    0,
    0,
    0,
    0,
    0,
    0,
    0,
    0,
    0,
    0,
    0,
    0,
    0,
    0,
    0,
    0,
    0,
    0,
    0,
    0,
    0,
    0,
    0,
    0,
    0,
    0,
    0,
    0,
    0,
    0,
    0,
    0,
    0,
    0,
    0,
    0,
    0,
    0,
    0,
    0,
    0,
    0,
    0,
    0,
    0,
    0,
    0,
    0,
    0,
    0,
    0,
    0,
    0,
    0,
    0,
    0,
    0,
    0,
    0,
    0,
    0,
    0,
    0,
    0,
    0,
    0,
    0,
    0,
    0,
    0,
    0,
    0,
    0,
    0,
    0,
    0,
    0,
    0,
    0,
    0,
    0,
    0,
    0,
    0,
    0,
    0,
    0,
    0,
    0,
    0,
    0,
    0,
    0,
    0,
    0,
    0,
    0,
    0,
    0,
    0,
    0,
    0,
    0,
    0,
    0,
    0,
    0,
    0,
    0,
    0,
    0,
    0,
    0,
    0,
    0,
    0,
    0,
    0,
    0,
    0,
    0,
    0,
    0,
    0,
    0,
    0,
    0,
    0,
    0,
    0,
    0,
    0,
    0,
    0,
    0,
    0,
    0,
    0,
    0,
    0,
    0,
    0,
    0,
    0,
    0,
    0,
    0,
    0,
    0,
    0,
    0,
    0,
    0,
    0,
    0,
    0,
    0,
    0,
    0,
    0,
    0,
    0,
    0,
    0,
    0,
    0,
    0,
    0,
    0,
    0,
    0,
    0,
    0,
    0,
    0,
    0,
    0,
    0,
    0,
    0,
    0,
    0,
    0,
    0,
    0,
    0,
    0,
    0,
    0,
    0,
    0,
    0,
    0
  ],
  "final_logical_error": 0.015709820035465706,
  "initial_logical_error": 0.35,
  "error_reduction_ratio": 0.04488520010133059,
  "timestamp": "2025-09-09T16:11:09.074867"
}