{
  "M": 6,
  "N": 256,
  "physical_error_rate": 0.9,
  "noise_type": "depolarizing",
  "logical_error_evolution": [
    0.984374015625,
    0.9843740004798305,
    0.9843739851016288,
    0.98437396948681,
    0.9843739536317315,
    0.9843739375326972,
    0.9843739211859529,
    0.9843739045876858,
    0.9843738877340259
  ],
  "fidelity_evolution": [
    0.12500393743798643,
    0.1250039980167424,
    0.12500405952756563,
    0.12500412198479835,
    0.1250041854030034,
    0.12500424979696784,
    0.1250043151817063,
    0.1250043815724645,
    0.12500444898472277
  ],
  "purity_evolution": [
    0.015625000000984376,
    0.015625000001014907,
    0.015625000001046368,
    0.015625000001078825,
    0.01562500000111227,
    0.01562500000114676,
    0.01562500000118231,
    0.015625000001218976,
    0.015625000001256772
  ],
  "success_probabilities": [
    0.5078125000004922,
    0.5078125000004922,
    0.5078125000004922,
    0.5078125000004922,
    0.5078125000004922,
    0.5078125000004922,
    0.5078125000004922,
    0.5078125000004922,
    0.5078125000004922,
    0.5078125000004922,
    0.5078125000004922,
    0.5078125000004922,
    0.5078125000004922,
    0.5078125000004922,
    0.5078125000004922,
    0.5078125000004922,
    0.5078125000004922,
    0.5078125000004922,
    0.5078125000004922,
    0.5078125000004922,
    0.5078125000004922,
    0.5078125000004922,
    0.5078125000004922,
    0.5078125000004922,
    0.5078125000004922,
    0.5078125000004922,
    0.5078125000004922,
    0.5078125000004922,
    0.5078125000004922,
    0.5078125000004922,
    0.5078125000004922,
    0.5078125000004922,
    0.5078125000004922,
    0.5078125000004922,
    0.5078125000004922,
    0.5078125000004922,
    0.5078125000004922,
    0.5078125000004922,
    0.5078125000004922,
    0.5078125000004922,
    0.5078125000004922,
    0.5078125000004922,
    0.5078125000004922,
    0.5078125000004922,
    0.5078125000004922,
    0.5078125000004922,
    0.5078125000004922,
    0.5078125000004922,
    0.5078125000004922,
    0.5078125000004922,
    0.5078125000004922,
    0.5078125000004922,
    0.5078125000004922,
    0.5078125000004922,
    0.5078125000004922,
    0.5078125000004922,
    0.5078125000004922,
    0.5078125000004922,
    0.5078125000004922,
    0.5078125000004922,
    0.5078125000004922,
    0.5078125000004922,
    0.5078125000004922,
    0.5078125000004922,
    0.5078125000004922,
    0.5078125000004922,
    0.5078125000004922,
    0.5078125000004922,
    0.5078125000004922,
    0.5078125000004922,
    0.5078125000004922,
    0.5078125000004922,
    0.5078125000004922,
    0.5078125000004922,
    0.5078125000004922,
    0.5078125000004922,
    0.5078125000004922,
    0.5078125000004922,
    0.5078125000004922,
    0.5078125000004922,
    0.5078125000004922,
    0.5078125000004922,
    0.5078125000004922,
    0.5078125000004922,
    0.5078125000004922,
    0.5078125000004922,
    0.5078125000004922,
    0.5078125000004922,
    0.5078125000004922,
    0.5078125000004922,
    0.5078125000004922,
    0.5078125000004922,
    0.5078125000004922,
    0.5078125000004922,
    0.5078125000004922,
    0.5078125000004922,
    0.5078125000004922,
    0.5078125000004922,
    0.5078125000004922,
    0.5078125000004922,
    0.5078125000004922,
    0.5078125000004922,
    0.5078125000004922,
    0.5078125000004922,
    0.5078125000004922,
    0.5078125000004922,
    0.5078125000004922,
    0.5078125000004922,
    0.5078125000004922,
    0.5078125000004922,
    0.5078125000004922,
    0.5078125000004922,
    0.5078125000004922,
    0.5078125000004922,
    0.5078125000004922,
    0.5078125000004922,
    0.5078125000004922,
    0.5078125000004922,
    0.5078125000004922,
    0.5078125000004922,
    0.5078125000004922,
    0.5078125000004922,
    0.5078125000004922,
    0.5078125000004922,
    0.5078125000004922,
    0.5078125000004922,
    0.5078125000004922,
    0.5078125000004922,
    0.5078125000005075,
    0.5078125000005075,
    0.5078125000005075,
    0.5078125000005075,
    0.5078125000005075,
    0.5078125000005075,
    0.5078125000005075,
    0.5078125000005075,
    0.5078125000005075,
    0.5078125000005075,
    0.5078125000005075,
    0.5078125000005075,
    0.5078125000005075,
    0.5078125000005075,
    0.5078125000005075,
    0.5078125000005075,
    0.5078125000005075,
    0.5078125000005075,
    0.5078125000005075,
    0.5078125000005075,
    0.5078125000005075,
    0.5078125000005075,
    0.5078125000005075,
    0.5078125000005075,
    0.5078125000005075,
    0.5078125000005075,
    0.5078125000005075,
    0.5078125000005075,
    0.5078125000005075,
    0.5078125000005075,
    0.5078125000005075,
    0.5078125000005075,
    0.5078125000005075,
    0.5078125000005075,
    0.5078125000005075,
    0.5078125000005075,
    0.5078125000005075,
    0.5078125000005075,
    0.5078125000005075,
    0.5078125000005075,
    0.5078125000005075,
    0.5078125000005075,
    0.5078125000005075,
    0.5078125000005075,
    0.5078125000005075,
    0.5078125000005075,
    0.5078125000005075,
    0.5078125000005075,
    0.5078125000005075,
    0.5078125000005075,
    0.5078125000005075,
    0.5078125000005075,
    0.5078125000005075,
    0.5078125000005075,
    0.5078125000005075,
    0.5078125000005075,
    0.5078125000005075,
    0.5078125000005075,
    0.5078125000005075,
    0.5078125000005075,
    0.5078125000005075,
    0.5078125000005075,
    0.5078125000005075,
    0.5078125000005075,
    0.5078125000005231,
    0.5078125000005231,
    0.5078125000005231,
    0.5078125000005231,
    0.5078125000005231,
    0.5078125000005231,
    0.5078125000005231,
    0.5078125000005231,
    0.5078125000005231,
    0.5078125000005231,
    0.5078125000005231,
    0.5078125000005231,
    0.5078125000005231,
    0.5078125000005231,
    0.5078125000005231,
    0.5078125000005231,
    0.5078125000005231,
    0.5078125000005231,
    0.5078125000005231,
    0.5078125000005231,
    0.5078125000005231,
    0.5078125000005231,
    0.5078125000005231,
    0.5078125000005231,
    0.5078125000005231,
    0.5078125000005231,
    0.5078125000005231,
    0.5078125000005231,
    0.5078125000005231,
    0.5078125000005231,
    0.5078125000005231,
    0.5078125000005231,
    0.5078125000005395,
    0.5078125000005395,
    0.5078125000005395,
    0.5078125000005395,
    0.5078125000005395,
    0.5078125000005395,
    0.5078125000005395,
    0.5078125000005395,
    0.5078125000005395,
    0.5078125000005395,
    0.5078125000005395,
    0.5078125000005395,
    0.5078125000005395,
    0.5078125000005395,
    0.5078125000005395,
    0.5078125000005395,
    0.5078125000005561,
    0.5078125000005561,
    0.5078125000005561,
    0.5078125000005561,
    0.5078125000005561,
    0.5078125000005561,
    0.5078125000005561,
    0.5078125000005561,
    0.5078125000005734,
    0.5078125000005734,
    0.5078125000005734,
    0.5078125000005734,
    0.5078125000005912,
    0.5078125000005912,
    0.5078125000006095
  ],