{
  "M": 10,
  "N": 64,
  "physical_error_rate": 0.9,
  "noise_type": "depolarizing",
  "logical_error_evolution": [
    0.9990234374000974,
    0.9990234374000005,
    0.9990234373999021,
    0.9990234373998049,
    0.9990234373997064,
    0.9990234373996094,
    0.999023437399512
  ],
  "fidelity_evolution": [
    0.03125000159843759,
    0.031250001599997045,
    0.03125000160155801,
    0.03125000160312051,
    0.03125000160468453,
    0.03125000160625008,
    0.03125000160781715
  ],
  "purity_evolution": [
    0.0009765625,
    0.0009765624999999998,
    0.0009765624999999998,
    0.0009765624999999998,
    0.0009765625,
    0.0009765625,
    0.0009765624999999996
  ],
  "success_probabilities": [
    0.50048828125,
    0.50048828125,
    0.50048828125,
    0.50048828125,
    0.50048828125,
    0.50048828125,
    0.50048828125,
    0.50048828125,
    0.50048828125,
    0.50048828125,
    0.50048828125,
    0.50048828125,
    0.50048828125,
    0.50048828125,
    0.50048828125,
    0.50048828125,
    0.50048828125,
    0.50048828125,
    0.50048828125,
    0.50048828125,
    0.50048828125,
    0.50048828125,
    0.50048828125,
    0.50048828125,
    0.50048828125,
    0.50048828125,
    0.50048828125,
    0.50048828125,
    0.50048828125,
    0.50048828125,
    0.50048828125,
    0.50048828125,
    0.50048828125,
    0.50048828125,
    0.50048828125,
    0.50048828125,
    0.50048828125,
    0.50048828125,
    0.50048828125,
    0.50048828125,
    0.50048828125,
    0.50048828125,
    0.50048828125,
    0.50048828125,
    0.50048828125,
    0.50048828125,
    0.50048828125,
    0.50048828125,
    0.50048828125,
    0.50048828125,
    0.50048828125,
    0.50048828125,
    0.50048828125,
    0.50048828125,
    0.50048828125,
    0.50048828125,
    0.50048828125,
    0.50048828125,
    0.50048828125,
    0.50048828125,
    0.50048828125,
    0.50048828125,
    0.50048828125
  ],
  "amplification_iterations": [
    0,
    0,
    0,
    0,
    0,
    0,
    0,
    0,
    0,
    0,
    0,
    0,
    0,
    0,
    0,
    0,
    0,
    0,
    0,
    0,
    0,
    0,
    0,
    0,
    0,
    0,
    0,
    0,
    0,
    0,
    0,
    0,
    0,
    0,
    0,
    0,
    0,
    0,
    0,
    0,
    0,
    0,
    0,
    0,
    0,
    0,
    0,
    0,
    0,
    0,
    0,
    0,
    0,
    0,
    0,
    0,
    0,
    0,
    0,
    0,
    0,
    0,
    0
  ],
  "final_logical_error": 0.999023437399512,
  "initial_logical_error": 0.9990234374000974,
  "error_reduction_ratio": 0.9999999999994141,
  "timestamp": "2025-09-09T16:59:28.739493"
}