{
  "M": 1,
  "N": 16,
  "physical_error_rate": 0.44999999999999996,
  "noise_type": "depolarizing",
  "logical_error_evolution": [
    0.22499999999999998,
    0.16691900075700225,
    0.1131207085820288,
    0.06997911537982118,
    0.04004425793269326
  ],
  "fidelity_evolution": [
    0.8803408430829505,
    0.91273270963793,
    0.9417426885396941,
    0.9643759042096494,
    0.9797733115712566
  ],
  "purity_evolution": [
    0.6512500000000001,
    0.7218859041134277,
    0.7993511722561432,
    0.8698359224190424,
    0.9231185693213735
  ],
  "success_probabilities": [
    0.825625,
    0.825625,
    0.825625,
    0.825625,
    0.825625,
    0.825625,
    0.825625,
    0.825625,
    0.8609429520567138,
    0.8609429520567138,
    0.8609429520567138,
    0.8609429520567138,
    0.8996755861280716,
    0.8996755861280716,
    0.9349179612095212
  ],
  "amplification_iterations": [
    0,
    0,
    0,
    0,
    0,
    0,
    0,
    0,
    0,
    0,
    0,
    0,
    0,
    0,
    0
  ],
  "final_logical_error": 0.04004425793269326,
  "initial_logical_error": 0.22499999999999998,
  "error_reduction_ratio": 0.17797447970085897,
  "timestamp": "2025-09-09T15:32:30.240799"
}