{
  "M": 9,
  "N": 8,
  "physical_error_rate": 0.5,
  "noise_type": "depolarizing",
  "logical_error_evolution": [
    0.9960975646972656,
    0.9960899873258601,
    0.9960823657876535,
    0.9960746997105022
  ],
  "fidelity_evolution": [
    0.062469474967654204,
    0.06253009414785357,
    0.06259100743994024,
    0.06265221695596598
  ],
  "purity_evolution": [
    0.001956932246685028,
    0.001956961903320997,
    0.0019569918488846223,
    0.0019570220868702975
  ],
  "success_probabilities": [
    0.5009784661233425,
    0.5009784661233425,
    0.5009784661233425,
    0.5009784661233425,
    0.5009784809516605,
    0.5009784809516605,
    0.5009784959244423
  ],
  "amplification_iterations": [
    0,
    0,
    0,
    0,
    0,
    0,
    0
  ],
  "final_logical_error": 0.9960746997105022,
  "initial_logical_error": 0.9960975646972656,
  "error_reduction_ratio": 0.9999770454345299,
  "timestamp": "2025-09-09T16:31:39.006358"
}