{
  "M": 6,
  "N": 32,
  "physical_error_rate": 0.7,
  "noise_type": "depolarizing",
  "logical_error_evolution": [
    0.9836573906249998,
    0.9836458518639065,
    0.9836341194257684,
    0.9836221897957813,
    0.9836100593867746,
    0.9835977245374449
  ],
  "fidelity_evolution": [
    0.12783821562819148,
    0.12788333799245907,
    0.12792920141324943,
    0.12797581882613185,
    0.128023203417293,
    0.12807136862919474
  ],
  "purity_evolution": [
    0.015625523137234375,
    0.015625540096004437,
    0.015625557616787585,
    0.015625575718809983,
    0.01562559442198528,
    0.015625613746940645
  ],
  "success_probabilities": [
    0.5078127615686172,
    0.5078127615686172,
    0.5078127615686172,
    0.5078127615686172,
    0.5078127615686172,
    0.5078127615686172,
    0.5078127615686172,
    0.5078127615686172,
    0.5078127615686172,
    0.5078127615686172,
    0.5078127615686172,
    0.5078127615686172,
    0.5078127615686172,
    0.5078127615686172,
    0.5078127615686172,
    0.5078127615686172,
    0.5078127700480022,
    0.5078127700480022,
    0.5078127700480022,
    0.5078127700480022,
    0.5078127700480022,
    0.5078127700480022,
    0.5078127700480022,
    0.5078127700480022,
    0.5078127788083938,
    0.5078127788083938,
    0.5078127788083938,
    0.5078127788083938,
    0.507812787859405,
    0.507812787859405,
    0.5078127972109926
  ],
  "amplification_iterations": [
    0,
    0,
    0,
    0,
    0,
    0,
    0,
    0,
    0,
    0,
    0,
    0,
    0,
    0,
    0,
    0,
    0,
    0,
    0,
    0,
    0,
    0,
    0,
    0,
    0,
    0,
    0,
    0,
    0,
    0,
    0
  ],
  "final_logical_error": 0.9835977245374449,
  "initial_logical_error": 0.9836573906249998,
  "error_reduction_ratio": 0.9999393426124548,
  "timestamp": "2025-09-09T16:28:56.731833"
}