{
  "M": 1,
  "N": 32,
  "physical_error_rate": 0.01,
  "noise_type": "depolarizing",
  "logical_error_evolution": [
    0.005000000000000003,
    0.0025250621843672188,
    0.001268915060610697,
    0.0006360686960057349,
    0.0003184390599783911,
    0.0001593209495643781
  ],
  "fidelity_evolution": [
    0.9974968671630001,
    0.9987366709076185,
    0.9993653410737183,
    0.9996819150629835,
    0.9998407677925628,
    0.9999203363520694
  ],
  "purity_evolution": [
    0.9900500000000001,
    0.9949626275093355,
    0.9974653901696409,
    0.9987286717747605,
    0.9993633246869129,
    0.9996814088672012
  ],
  "success_probabilities": [
    0.995025,
    0.995025,
    0.995025,
    0.995025,
    0.995025,
    0.995025,
    0.995025,
    0.995025,
    0.995025,
    0.995025,
    0.995025,
    0.995025,
    0.995025,
    0.995025,
    0.995025,
    0.995025,
    0.9974813137546678,
    0.9974813137546678,
    0.9974813137546678,
    0.9974813137546678,
    0.9974813137546678,
    0.9974813137546678,
    0.9974813137546678,
    0.9974813137546678,
    0.9987326950848204,
    0.9987326950848204,
    0.9987326950848204,
    0.9987326950848204,
    0.9993643358873803,
    0.9993643358873803,
    0.9996816623434565
  ],
  "amplification_iterations": [
    0,
    0,
    0,
    0,
    0,
    0,
    0,
    0,
    0,
    0,
    0,
    0,
    0,
    0,
    0,
    0,
    0,
    0,
    0,
    0,
    0,
    0,
    0,
    0,
    0,
    0,
    0,
    0,
    0,
    0,
    0
  ],
  "final_logical_error": 0.0001593209495643781,
  "initial_logical_error": 0.005000000000000003,
  "error_reduction_ratio": 0.0318641899128756,
  "timestamp": "2025-09-09T16:26:19.139276"
}