{
  "M": 3,
  "N": 8,
  "physical_error_rate": 0.5,
  "noise_type": "depolarizing",
  "logical_error_evolution": [
    0.765625,
    0.745926243567753,
    0.7214894416918238,
    0.6908856665186289
  ],
  "fidelity_evolution": [
    0.4841229182759271,
    0.5040572947912241,
    0.5277409954780623,
    0.5559805153792452
  ],
  "purity_evolution": [
    0.138671875,
    0.14404003954232117,
    0.15193199029952908,
    0.16374067176375945
  ],
  "success_probabilities": [
    0.5693359375,
    0.5693359375,
    0.5693359375,
    0.5693359375,
    0.5720200197711606,
    0.5720200197711606,
    0.5759659951497645
  ],
  "amplification_iterations": [
    0,
    0,
    0,
    0,
    0,
    0,
    0
  ],
  "final_logical_error": 0.6908856665186289,
  "initial_logical_error": 0.765625,
  "error_reduction_ratio": 0.9023812787182092,
  "timestamp": "2025-09-09T16:11:11.881241"
}