{
  "M": 8,
  "N": 8,
  "physical_error_rate": 0.95,
  "noise_type": "depolarizing",
  "logical_error_evolution": [
    0.9960937499610906,
    0.9960937499609384,
    0.9960937499607859,
    0.9960937499606344
  ],
  "fidelity_evolution": [
    0.06250000031127954,
    0.06250000031249074,
    0.06250000031370666,
    0.0625000003149273
  ],
  "purity_evolution": [
    0.003906250000000002,
    0.003906249999999999,
    0.003906250000000002,
    0.003906249999999999
  ],
  "success_probabilities": [
    0.501953125,
    0.501953125,
    0.501953125,
    0.501953125,
    0.501953125,
    0.501953125,
    0.501953125
  ],
  "amplification_iterations": [
    0,
    0,
    0,
    0,
    0,
    0,
    0
  ],
  "final_logical_error": 0.9960937499606344,
  "initial_logical_error": 0.9960937499610906,
  "error_reduction_ratio": 0.999999999999542,
  "timestamp": "2025-09-09T16:27:07.508522"
}