{
  "M": 2,
  "N": 32,
  "physical_error_rate": 0.7000000000000001,
  "noise_type": "depolarizing",
  "logical_error_evolution": [
    0.6825,
    0.6669735087474873,
    0.64744580810981,
    0.6227532302528745,
    0.5914073649145151,
    0.5515974609294135
  ],
  "fidelity_evolution": [
    0.5634713834792322,
    0.5770844749709636,
    0.5937627404024186,
    0.614204175944063,
    0.6392125116778339,
    0.6696286575935848
  ],
  "purity_evolution": [
    0.256075,
    0.2591911976662714,
    0.26402314969899987,
    0.2715889872147707,
    0.2835354985378104,
    0.3024847566795407
  ],
  "success_probabilities": [
    0.6280375,
    0.6280375,
    0.6280375,
    0.6280375,
    0.6280375,
    0.6280375,
    0.6280375,
    0.6280375,
    0.6280375,
    0.6280375,
    0.6280375,
    0.6280375,
    0.6280375,
    0.6280375,
    0.6280375,
    0.6280375,
    0.6295955988331357,
    0.6295955988331357,
    0.6295955988331357,
    0.6295955988331357,
    0.6295955988331357,
    0.6295955988331357,
    0.6295955988331357,
    0.6295955988331357,
    0.6320115748494999,
    0.6320115748494999,
    0.6320115748494999,
    0.6320115748494999,
    0.6357944936073854,
    0.6357944936073854,
    0.6417677492689052
  ],
  "amplification_iterations": [
    0,
    0,
    0,
    0,
    0,
    0,
    0,
    0,
    0,
    0,
    0,
    0,
    0,
    0,
    0,
    0,
    0,
    0,
    0,
    0,
    0,
    0,
    0,
    0,
    0,
    0,
    0,
    0,
    0,
    0,
    0
  ],
  "final_logical_error": 0.5515974609294135,
  "initial_logical_error": 0.6825,
  "error_reduction_ratio": 0.8082014079551847,
  "timestamp": "2025-09-09T15:32:30.822146"
}