{
  "M": 5,
  "N": 8,
  "physical_error_rate": 0.5,
  "noise_type": "depolarizing",
  "logical_error_evolution": [
    0.9384765625,
    0.9367285205333649,
    0.9348307577395925,
    0.9327646818665857
  ],
  "fidelity_evolution": [
    0.24803918541230538,
    0.2515382266508117,
    0.2552826712889214,
    0.25929774031682995
  ],
  "purity_evolution": [
    0.032196044921875,
    0.03230845176488478,
    0.03243762838247247,
    0.03258671547991021
  ],
  "success_probabilities": [
    0.5160980224609375,
    0.5160980224609375,
    0.5160980224609375,
    0.5160980224609375,
    0.5161542258824424,
    0.5161542258824424,
    0.5162188141912363
  ],
  "amplification_iterations": [
    0,
    0,
    0,
    0,
    0,
    0,
    0
  ],
  "final_logical_error": 0.9327646818665857,
  "initial_logical_error": 0.9384765625,
  "error_reduction_ratio": 0.9939136672543015,
  "timestamp": "2025-09-09T16:28:53.964088"
}