{
  "M": 10,
  "N": 16,
  "physical_error_rate": 0.8,
  "noise_type": "depolarizing",
  "logical_error_evolution": [
    0.9990233352000001,
    0.9990233351001854,
    0.9990233350002723,
    0.9990233349002611,
    0.9990233348001546
  ],
  "fidelity_evolution": [
    0.03125163675713698,
    0.031251638354098464,
    0.0312516399526182,
    0.03125164155269772,
    0.03125164315433853
  ],
  "purity_evolution": [
    0.0009765625000104751,
    0.0009765625000104964,
    0.0009765625000105168,
    0.0009765625000105378,
    0.0009765625000105582
  ],
  "success_probabilities": [
    0.5004882812500052,
    0.5004882812500052,
    0.5004882812500052,
    0.5004882812500052,
    0.5004882812500052,
    0.5004882812500052,
    0.5004882812500052,
    0.5004882812500052,
    0.5004882812500052,
    0.5004882812500052,
    0.5004882812500052,
    0.5004882812500052,
    0.5004882812500052,
    0.5004882812500052,
    0.5004882812500052
  ],
  "amplification_iterations": [
    0,
    0,
    0,
    0,
    0,
    0,
    0,
    0,
    0,
    0,
    0,
    0,
    0,
    0,
    0
  ],
  "final_logical_error": 0.9990233348001546,
  "initial_logical_error": 0.9990233352000001,
  "error_reduction_ratio": 0.9999999995997636,
  "timestamp": "2025-09-09T16:54:31.203741"
}