{
  "M": 3,
  "N": 16,
  "physical_error_rate": 0.7,
  "noise_type": "depolarizing",
  "logical_error_evolution": [
    0.851375,
    0.8483398662958104,
    0.8448578596816385,
    0.8408480267051399,
    0.8362106701876901
  ],
  "fidelity_evolution": [
    0.3855191305240247,
    0.38943566054508894,
    0.39388087071900496,
    0.39893855829546,
    0.40470894456672185
  ],
  "purity_evolution": [
    0.125637875,
    0.12581230026185747,
    0.12603834128339633,
    0.1263329797484947,
    0.12671955669404367
  ],
  "success_probabilities": [
    0.5628189375,
    0.5628189375,
    0.5628189375,
    0.5628189375,
    0.5628189375,
    0.5628189375,
    0.5628189375,
    0.5628189375,
    0.5629061501309287,
    0.5629061501309287,
    0.5629061501309287,
    0.5629061501309287,
    0.5630191706416982,
    0.5630191706416982,
    0.5631664898742473
  ],
  "amplification_iterations": [
    0,
    0,
    0,
    0,
    0,
    0,
    0,
    0,
    0,
    0,
    0,
    0,
    0,
    0,
    0
  ],
  "final_logical_error": 0.8362106701876901,
  "initial_logical_error": 0.851375,
  "error_reduction_ratio": 0.9821884248277083,
  "timestamp": "2025-09-09T16:11:11.896259"
}