{
  "M": 2,
  "N": 16,
  "physical_error_rate": 0.5,
  "noise_type": "depolarizing",
  "logical_error_evolution": [
    0.5625,
    0.5150602409638554,
    0.4559468648041016,
    0.38471155781647304,
    0.3039719662519453
  ],
  "fidelity_evolution": [
    0.6614378277661477,
    0.6963761620246234,
    0.7375995764613061,
    0.7844032395289599,
    0.8342829458571323
  ],
  "purity_evolution": [
    0.296875,
    0.3235955871679489,
    0.3652896617580496,
    0.4279141946571569,
    0.5152546758522076
  ],
  "success_probabilities": [
    0.6484375,
    0.6484375,
    0.6484375,
    0.6484375,
    0.6484375,
    0.6484375,
    0.6484375,
    0.6484375,
    0.6617977935839745,
    0.6617977935839745,
    0.6617977935839745,
    0.6617977935839745,
    0.6826448308790248,
    0.6826448308790248,
    0.7139570973285785
  ],
  "amplification_iterations": [
    0,
    0,
    0,
    0,
    0,
    0,
    0,
    0,
    0,
    0,
    0,
    0,
    0,
    0,
    0
  ],
  "final_logical_error": 0.3039719662519453,
  "initial_logical_error": 0.5625,
  "error_reduction_ratio": 0.540394606670125,
  "timestamp": "2025-09-09T15:32:30.788437"
}