{
  "M": 2,
  "N": 64,
  "physical_error_rate": 0.95,
  "noise_type": "depolarizing",
  "logical_error_evolution": [
    0.7481249999999999,
    0.7477481334444995,
    0.7472950702826733,
    0.7467502074914101,
    0.7460946603701812,
    0.7453055345878559,
    0.7443550206001833
  ],
  "fidelity_evolution": [
    0.5018714974971183,
    0.5022468183627453,
    0.5026976523889153,
    0.5032392994476781,
    0.5038902059276592,
    0.5046726319230558,
    0.5056134683726459
  ],
  "purity_evolution": [
    0.25000468750000004,
    0.2500067612039783,
    0.2500097555263676,
    0.2500140815351319,
    0.2500203355701657,
    0.2500293840073411,
    0.25004248772323245
  ],
  "success_probabilities": [
    0.6250023437500001,
    0.6250023437500001,
    0.6250023437500001,
    0.6250023437500001,
    0.6250023437500001,
    0.6250023437500001,
    0.6250023437500001,
    0.6250023437500001,
    0.6250023437500001,
    0.6250023437500001,
    0.6250023437500001,
    0.6250023437500001,
    0.6250023437500001,
    0.6250023437500001,
    0.6250023437500001,
    0.6250023437500001,
    0.6250023437500001,
    0.6250023437500001,
    0.6250023437500001,
    0.6250023437500001,
    0.6250023437500001,
    0.6250023437500001,
    0.6250023437500001,
    0.6250023437500001,
    0.6250023437500001,
    0.6250023437500001,
    0.6250023437500001,
    0.6250023437500001,
    0.6250023437500001,
    0.6250023437500001,
    0.6250023437500001,
    0.6250023437500001,
    0.6250033806019891,
    0.6250033806019891,
    0.6250033806019891,
    0.6250033806019891,
    0.6250033806019891,
    0.6250033806019891,
    0.6250033806019891,
    0.6250033806019891,
    0.6250033806019891,
    0.6250033806019891,
    0.6250033806019891,
    0.6250033806019891,
    0.6250033806019891,
    0.6250033806019891,
    0.6250033806019891,
    0.6250033806019891,
    0.6250048777631838,
    0.6250048777631838,
    0.6250048777631838,
    0.6250048777631838,
    0.6250048777631838,
    0.6250048777631838,
    0.6250048777631838,
    0.6250048777631838,
    0.625007040767566,
    0.625007040767566,
    0.625007040767566,
    0.625007040767566,
    0.6250101677850828,
    0.6250101677850828,
    0.6250146920036705
  ],
  "amplification_iterations": [
    0,
    0,
    0,
    0,
    0,
    0,
    0,
    0,
    0,
    0,
    0,
    0,
    0,
    0,
    0,
    0,
    0,
    0,
    0,
    0,
    0,
    0,
    0,
    0,
    0,
    0,
    0,
    0,
    0,
    0,
    0,
    0,
    0,
    0,
    0,
    0,
    0,
    0,
    0,
    0,
    0,
    0,
    0,
    0,
    0,
    0,
    0,
    0,
    0,
    0,
    0,
    0,
    0,
    0,
    0,
    0,
    0,
    0,
    0,
    0,
    0,
    0,
    0
  ],
  "final_logical_error": 0.7443550206001833,
  "initial_logical_error": 0.7481249999999999,
  "error_reduction_ratio": 0.9949607627070121,
  "timestamp": "2025-09-09T16:26:20.898910"
}