{
  "M": 1,
  "N": 128,
  "physical_error_rate": 0.85,
  "noise_type": "depolarizing",
  "logical_error_evolution": [
    0.42500000000000004,
    0.4007444168734492,
    0.36937505444394253,
    0.32970764252227847,
    0.2813960595401874,
    0.22598732071569644,
    0.16789680987490413,
    0.11396480967571994
  ],
  "fidelity_evolution": [
    0.758287544405155,
    0.7741160010790055,
    0.7941189744339682,
    0.8187138434628558,
    0.8477051022966728,
    0.8797799038875028,
    0.9121969031547388,
    0.9412944227627613
  ],
  "purity_evolution": [
    0.51125,
    0.5197033415635832,
    0.5341257528030459,
    0.5579989740306402,
    0.5955753655691145,
    0.6501658968171253,
    0.7205850577825312,
    0.7980463363374064
  ],
  "success_probabilities": [
    0.755625,
    0.755625,
    0.755625,
    0.755625,
    0.755625,
    0.755625,
    0.755625,
    0.755625,
    0.755625,
    0.755625,
    0.755625,
    0.755625,
    0.755625,
    0.755625,
    0.755625,
    0.755625,
    0.755625,
    0.755625,
    0.755625,
    0.755625,
    0.755625,
    0.755625,
    0.755625,
    0.755625,
    0.755625,
    0.755625,
    0.755625,
    0.755625,
    0.755625,
    0.755625,
    0.755625,
    0.755625,
    0.755625,
    0.755625,
    0.755625,
    0.755625,
    0.755625,
    0.755625,
    0.755625,
    0.755625,
    0.755625,
    0.755625,
    0.755625,
    0.755625,
    0.755625,
    0.755625,
    0.755625,
    0.755625,
    0.755625,
    0.755625,
    0.755625,
    0.755625,
    0.755625,
    0.755625,
    0.755625,
    0.755625,
    0.755625,
    0.755625,
    0.755625,
    0.755625,
    0.755625,
    0.755625,
    0.755625,
    0.755625,
    0.7598516707817916,
    0.7598516707817916,
    0.7598516707817916,
    0.7598516707817916,
    0.7598516707817916,
    0.7598516707817916,
    0.7598516707817916,
    0.7598516707817916,
    0.7598516707817916,
    0.7598516707817916,
    0.7598516707817916,
    0.7598516707817916,
    0.7598516707817916,
    0.7598516707817916,
    0.7598516707817916,
    0.7598516707817916,
    0.7598516707817916,
    0.7598516707817916,
    0.7598516707817916,
    0.7598516707817916,
    0.7598516707817916,
    0.7598516707817916,
    0.7598516707817916,
    0.7598516707817916,
    0.7598516707817916,
    0.7598516707817916,
    0.7598516707817916,
    0.7598516707817916,
    0.7598516707817916,
    0.7598516707817916,
    0.7598516707817916,
    0.7598516707817916,
    0.7670628764015229,
    0.7670628764015229,
    0.7670628764015229,
    0.7670628764015229,
    0.7670628764015229,
    0.7670628764015229,
    0.7670628764015229,
    0.7670628764015229,
    0.7670628764015229,
    0.7670628764015229,
    0.7670628764015229,
    0.7670628764015229,
    0.7670628764015229,
    0.7670628764015229,
    0.7670628764015229,
    0.7670628764015229,
    0.7789994870153201,
    0.7789994870153201,
    0.7789994870153201,
    0.7789994870153201,
    0.7789994870153201,
    0.7789994870153201,
    0.7789994870153201,
    0.7789994870153201,
    0.7977876827845573,
    0.7977876827845573,
    0.7977876827845573,
    0.7977876827845573,
    0.8250829484085627,
    0.8250829484085627,
    0.8602925288912656
  ],
  "amplification_iterations": [
    0,
    0,
    0,
    0,
    0,
    0,
    0,
    0,
    0,
    0,
    0,
    0,
    0,
    0,
    0,
    0,
    0,
    0,
    0,
    0,
    0,
    0,
    0,
    0,
    0,
    0,
    0,
    0,
    0,
    0,
    0,
    0,
    0,
    0,
    0,
    0,
    0,
    0,
    0,
    0,
    0,
    0,
    0,
    0,
    0,
    0,
    0,
    0,
    0,
    0,
    0,
    0,
    0,
    0,
    0,
    0,
    0,
    0,
    0,
    0,
    0,
    0,
    0,
    0,
    0,
    0,
    0,
    0,
    0,
    0,
    0,
    0,
    0,
    0,
    0,
    0,
    0,
    0,
    0,
    0,
    0,
    0,
    0,
    0,
    0,
    0,
    0,
    0,
    0,
    0,
    0,
    0,
    0,
    0,
    0,
    0,
    0,
    0,
    0,
    0,
    0,
    0,
    0,
    0,
    0,
    0,
    0,
    0,
    0,
    0,
    0,
    0,
    0,
    0,
    0,
    0,
    0,
    0,
    0,
    0,
    0,
    0,
    0,
    0,
    0,
    0,
    0
  ],
  "final_logical_error": 0.11396480967571994,
  "initial_logical_error": 0.42500000000000004,
  "error_reduction_ratio": 0.26815249335463515,
  "timestamp": "2025-09-09T15:33:19.764411"
}