{
  "M": 1,
  "N": 8,
  "physical_error_rate": 0.01,
  "noise_type": "depolarizing",
  "logical_error_evolution": [
    0.005000000000000003,
    0.0025250621843672188,
    0.001268915060610697,
    0.0006360686960057349
  ],
  "fidelity_evolution": [
    0.9974968671630001,
    0.9987366709076185,
    0.9993653410737183,
    0.9996819150629835
  ],
  "purity_evolution": [
    0.9900500000000001,
    0.9949626275093355,
    0.9974653901696409,
    0.9987286717747605
  ],
  "success_probabilities": [
    0.995025,
    0.995025,
    0.995025,
    0.995025,
    0.9974813137546678,
    0.9974813137546678,
    0.9987326950848204
  ],
  "amplification_iterations": [
    0,
    0,
    0,
    0,
    0,
    0,
    0
  ],
  "final_logical_error": 0.0006360686960057349,
  "initial_logical_error": 0.005000000000000003,
  "error_reduction_ratio": 0.1272137392011469,
  "timestamp": "2025-09-09T16:11:08.769942"
}