{
  "M": 2,
  "N": 8,
  "physical_error_rate": 0.8,
  "noise_type": "depolarizing",
  "logical_error_evolution": [
    0.72,
    0.7135549872122762,
    0.7056204669439625,
    0.6958079864887582
  ],
  "fidelity_evolution": [
    0.5291502622129182,
    0.535205579929548,
    0.5425675377831202,
    0.5515360491493206
  ],
  "purity_evolution": [
    0.2512,
    0.25177098527612984,
    0.25262605727236265,
    0.2539156991045368
  ],
  "success_probabilities": [
    0.6255999999999999,
    0.6255999999999999,
    0.6255999999999999,
    0.6255999999999999,
    0.6258854926380649,
    0.6258854926380649,
    0.6263130286361813
  ],
  "amplification_iterations": [
    0,
    0,
    0,
    0,
    0,
    0,
    0
  ],
  "final_logical_error": 0.6958079864887582,
  "initial_logical_error": 0.72,
  "error_reduction_ratio": 0.9663999812343864,
  "timestamp": "2025-09-09T15:33:19.867474"
}