{
  "M": 1,
  "N": 8,
  "physical_error_rate": 0.35,
  "noise_type": "depolarizing",
  "logical_error_evolution": [
    0.17500000000000002,
    0.12016070124178238,
    0.07525585527506144,
    0.04348594101677697
  ],
  "fidelity_evolution": [
    0.9082951062292475,
    0.937997494004231,
    0.9616361810606643,
    0.9780153674575993
  ],
  "purity_evolution": [
    0.7112499999999999,
    0.7885557857622688,
    0.8608151769562391,
    0.9168101720986753
  ],
  "success_probabilities": [
    0.855625,
    0.855625,
    0.855625,
    0.855625,
    0.8942778928811344,
    0.8942778928811344,
    0.9304075884781196
  ],
  "amplification_iterations": [
    0,
    0,
    0,
    0,
    0,
    0,
    0
  ],
  "final_logical_error": 0.04348594101677697,
  "initial_logical_error": 0.17500000000000002,
  "error_reduction_ratio": 0.2484910915244398,
  "timestamp": "2025-09-09T15:32:30.204511"
}