{
  "M": 9,
  "N": 16,
  "physical_error_rate": 0.1,
  "noise_type": "depolarizing",
  "logical_error_evolution": [
    0.6113830666425777,
    0.5314626474211412,
    0.43604959847257113,
    0.3310206839746559,
    0.2287933890573651
  ],
  "fidelity_evolution": [
    0.6233914768084514,
    0.684497883545931,
    0.7509663118458971,
    0.8179115575814688,
    0.8781836999982606
  ],
  "purity_evolution": [
    0.1517546067124346,
    0.22007999546924553,
    0.31841214785325805,
    0.44774775715470605,
    0.5948620759296808
  ],
  "success_probabilities": [
    0.5758773033562173,
    0.5758773033562173,
    0.5758773033562173,
    0.5758773033562173,
    0.5758773033562173,
    0.5758773033562173,
    0.5758773033562173,
    0.5758773033562173,
    0.6100399977346228,
    0.6100399977346228,
    0.6100399977346228,
    0.6100399977346228,
    0.659206073926629,
    0.659206073926629,
    0.7238738785773531
  ],
  "amplification_iterations": [
    0,
    0,
    0,
    0,
    0,
    0,
    0,
    0,
    0,
    0,
    0,
    0,
    0,
    0,
    0
  ],
  "final_logical_error": 0.2287933890573651,
  "initial_logical_error": 0.6113830666425777,
  "error_reduction_ratio": 0.37422264622700224,
  "timestamp": "2025-09-09T16:31:46.461905"
}