{
  "M": 2,
  "N": 8,
  "physical_error_rate": 0.9,
  "noise_type": "depolarizing",
  "logical_error_evolution": [
    0.7425,
    0.7409705417674939,
    0.7391221128711695,
    0.7368850822757063
  ],
  "fidelity_evolution": [
    0.507444578254611,
    0.508949367061701,
    0.5107620650839592,
    0.5129472855219078
  ],
  "purity_evolution": [
    0.250075,
    0.2501087081546301,
    0.2501577712378501,
    0.2502293347558866
  ],
  "success_probabilities": [
    0.6250375,
    0.6250375,
    0.6250375,
    0.6250375,
    0.625054354077315,
    0.625054354077315,
    0.6250788856189251
  ],
  "amplification_iterations": [
    0,
    0,
    0,
    0,
    0,
    0,
    0
  ],
  "final_logical_error": 0.7368850822757063,
  "initial_logical_error": 0.7425,
  "error_reduction_ratio": 0.9924378212467424,
  "timestamp": "2025-09-09T15:32:30.778086"
}