{
  "M": 2,
  "N": 8,
  "physical_error_rate": 0.1,
  "noise_type": "depolarizing",
  "logical_error_evolution": [
    0.14249999999999996,
    0.085684456754158,
    0.04793884048160976,
    0.02553755741038894
  ],
  "fidelity_evolution": [
    0.9260129588726067,
    0.9561984852769022,
    0.9757362141062462,
    0.9871486426013112
  ],
  "purity_evolution": [
    0.7420749999999999,
    0.8384201879973576,
    0.9071864956057422,
    0.9497944409638741
  ],
  "success_probabilities": [
    0.8710374999999999,
    0.8710374999999999,
    0.8710374999999999,
    0.8710374999999999,
    0.9192100939986788,
    0.9192100939986788,
    0.953593247802871
  ],
  "amplification_iterations": [
    0,
    0,
    0,
    0,
    0,
    0,
    0
  ],
  "final_logical_error": 0.02553755741038894,
  "initial_logical_error": 0.14249999999999996,
  "error_reduction_ratio": 0.1792109291957119,
  "timestamp": "2025-09-09T15:33:19.858505"
}