{
  "M": 1,
  "N": 8,
  "physical_error_rate": 0.85,
  "noise_type": "depolarizing",
  "logical_error_evolution": [
    0.42500000000000004,
    0.4007444168734492,
    0.36937505444394253,
    0.32970764252227847
  ],
  "fidelity_evolution": [
    0.758287544405155,
    0.7741160010790055,
    0.7941189744339682,
    0.8187138434628558
  ],
  "purity_evolution": [
    0.51125,
    0.5197033415635832,
    0.5341257528030459,
    0.5579989740306402
  ],
  "success_probabilities": [
    0.755625,
    0.755625,
    0.755625,
    0.755625,
    0.7598516707817916,
    0.7598516707817916,
    0.7670628764015229
  ],
  "amplification_iterations": [
    0,
    0,
    0,
    0,
    0,
    0,
    0
  ],
  "final_logical_error": 0.32970764252227847,
  "initial_logical_error": 0.42500000000000004,
  "error_reduction_ratio": 0.7757826882877139,
  "timestamp": "2025-09-09T15:32:30.217996"
}