{
  "M": 6,
  "N": 8,
  "physical_error_rate": 0.8,
  "noise_type": "depolarizing",
  "logical_error_evolution": [
    0.9843120000000002,
    0.984311026923577,
    0.9843100387570368,
    0.9843090352644901
  ],
  "fidelity_evolution": [
    0.12525174649480922,
    0.12525563091702865,
    0.12525957545418662,
    0.12526358104217714
  ],
  "purity_evolution": [
    0.015625004031999998,
    0.01562500415751569,
    0.015625004286946624,
    0.015625004420415315
  ],
  "success_probabilities": [
    0.507812502016,
    0.507812502016,
    0.507812502016,
    0.507812502016,
    0.5078125020787578,
    0.5078125020787578,
    0.5078125021434733
  ],
  "amplification_iterations": [
    0,
    0,
    0,
    0,
    0,
    0,
    0
  ],
  "final_logical_error": 0.9843090352644901,
  "initial_logical_error": 0.9843120000000002,
  "error_reduction_ratio": 0.9999969880124289,
  "timestamp": "2025-09-09T16:11:17.947774"
}