{
  "M": 7,
  "N": 16,
  "physical_error_rate": 0.01,
  "noise_type": "depolarizing",
  "logical_error_evolution": [
    0.06740391262353342,
    0.03606841587786133,
    0.01870160650223542,
    0.00952870281748808,
    0.004810324931656786
  ],
  "fidelity_evolution": [
    0.9657101466674494,
    0.9818001752506151,
    0.9906050643408627,
    0.9952242446717784,
    0.9975919381532427
  ],
  "purity_evolution": [
    0.869771236106721,
    0.9291743424164348,
    0.9629492910189774,
    0.9810341054729391,
    0.9904026715612635
  ],
  "success_probabilities": [
    0.9348856180533605,
    0.9348856180533605,
    0.9348856180533605,
    0.9348856180533605,
    0.9348856180533605,
    0.9348856180533605,
    0.9348856180533605,
    0.9348856180533605,
    0.9645871712082175,
    0.9645871712082175,
    0.9645871712082175,
    0.9645871712082175,
    0.9814746455094887,
    0.9814746455094887,
    0.9905170527364695
  ],
  "amplification_iterations": [
    0,
    0,
    0,
    0,
    0,
    0,
    0,
    0,
    0,
    0,
    0,
    0,
    0,
    0,
    0
  ],
  "final_logical_error": 0.004810324931656786,
  "initial_logical_error": 0.06740391262353342,
  "error_reduction_ratio": 0.07136566327423118,
  "timestamp": "2025-09-09T16:26:36.888881"
}