{
  "M": 9,
  "N": 32,
  "physical_error_rate": 0.5,
  "noise_type": "depolarizing",
  "logical_error_evolution": [
    0.9960975646972656,
    0.9960899873258601,
    0.9960823657876535,
    0.9960746997105022,
    0.996066988718087,
    0.9960592324298443
  ],
  "fidelity_evolution": [
    0.062469474967654204,
    0.06253009414785357,
    0.06259100743994024,
    0.06265221695596598,
    0.0627137248288885,
    0.06277553321283678
  ],
  "purity_evolution": [
    0.001956932246685028,
    0.001956961903320997,
    0.0019569918488846223,
    0.0019570220868702975,
    0.0019570526208237305,
    0.001957083454342834
  ],
  "success_probabilities": [
    0.5009784661233425,
    0.5009784661233425,
    0.5009784661233425,
    0.5009784661233425,
    0.5009784661233425,
    0.5009784661233425,
    0.5009784661233425,
    0.5009784661233425,
    0.5009784661233425,
    0.5009784661233425,
    0.5009784661233425,
    0.5009784661233425,
    0.5009784661233425,
    0.5009784661233425,
    0.5009784661233425,
    0.5009784661233425,
    0.5009784809516605,
    0.5009784809516605,
    0.5009784809516605,
    0.5009784809516605,
    0.5009784809516605,
    0.5009784809516605,
    0.5009784809516605,
    0.5009784809516605,
    0.5009784959244423,
    0.5009784959244423,
    0.5009784959244423,
    0.5009784959244423,
    0.5009785110434352,
    0.5009785110434352,
    0.5009785263104118
  ],
  "amplification_iterations": [
    0,
    0,
    0,
    0,
    0,
    0,
    0,
    0,
    0,
    0,
    0,
    0,
    0,
    0,
    0,
    0,
    0,
    0,
    0,
    0,
    0,
    0,
    0,
    0,
    0,
    0,
    0,
    0,
    0,
    0,
    0
  ],
  "final_logical_error": 0.9960592324298443,
  "initial_logical_error": 0.9960975646972656,
  "error_reduction_ratio": 0.9999615175573359,
  "timestamp": "2025-09-09T16:32:04.406017"
}