{
  "M": 1,
  "N": 8,
  "physical_error_rate": 0.99,
  "noise_type": "depolarizing",
  "logical_error_evolution": [
    0.495,
    0.4933335555481484,
    0.4911119340626233,
    0.48815049352876205
  ],
  "fidelity_evolution": [
    0.7106335201775947,
    0.7118050607096381,
    0.7133639084908744,
    0.7154365845211146
  ],
  "purity_evolution": [
    0.50005,
    0.5000888829632593,
    0.5001579954322143,
    0.5002808216072239
  ],
  "success_probabilities": [
    0.7500249999999999,
    0.7500249999999999,
    0.7500249999999999,
    0.7500249999999999,
    0.7500444414816296,
    0.7500444414816296,
    0.7500789977161071
  ],
  "amplification_iterations": [
    0,
    0,
    0,
    0,
    0,
    0,
    0
  ],
  "final_logical_error": 0.48815049352876205,
  "initial_logical_error": 0.495,
  "error_reduction_ratio": 0.9861626131894183,
  "timestamp": "2025-09-09T16:26:19.117045"
}