{
  "M": 7,
  "N": 16,
  "physical_error_rate": 0.7,
  "noise_type": "depolarizing",
  "logical_error_evolution": [
    0.9919705085937499,
    0.9919687801477328,
    0.9919670375617752,
    0.991965280714253,
    0.9919635094823989
  ],
  "fidelity_evolution": [
    0.08960742941436282,
    0.08961707344176938,
    0.08962679531381558,
    0.08963659568360854,
    0.08964647521013101
  ],
  "purity_evolution": [
    0.007812547456020544,
    0.007812548215053889,
    0.00781254898639286,
    0.007812549770240963,
    0.007812550566805139
  ],
  "success_probabilities": [
    0.5039062737280102,
    0.5039062737280102,
    0.5039062737280102,
    0.5039062737280102,
    0.5039062737280102,
    0.5039062737280102,
    0.5039062737280102,
    0.5039062737280102,
    0.503906274107527,
    0.503906274107527,
    0.503906274107527,
    0.503906274107527,
    0.5039062744931965,
    0.5039062744931965,
    0.5039062748851205
  ],
  "amplification_iterations": [
    0,
    0,
    0,
    0,
    0,
    0,
    0,
    0,
    0,
    0,
    0,
    0,
    0,
    0,
    0
  ],
  "final_logical_error": 0.9919635094823989,
  "initial_logical_error": 0.9919705085937499,
  "error_reduction_ratio": 0.9999929442344401,
  "timestamp": "2025-09-09T16:29:04.158850"
}