{
  "M": 2,
  "N": 8,
  "physical_error_rate": 0.01,
  "noise_type": "depolarizing",
  "logical_error_evolution": [
    0.01492500000000005,
    0.007612106196162177,
    0.003844829182649036,
    0.0019322886533919739
  ],
  "fidelity_evolution": [
    0.99250944579888,
    0.996186676182651,
    0.9980757340088732,
    0.9990333885044123
  ],
  "purity_evolution": [
    0.9704470074999997,
    0.9848530464886646,
    0.9923300519166269,
    0.9961404010124693
  ],
  "success_probabilities": [
    0.9852235037499999,
    0.9852235037499999,
    0.9852235037499999,
    0.9852235037499999,
    0.9924265232443323,
    0.9924265232443323,
    0.9961650259583135
  ],
  "amplification_iterations": [
    0,
    0,
    0,
    0,
    0,
    0,
    0
  ],
  "final_logical_error": 0.0019322886533919739,
  "initial_logical_error": 0.01492500000000005,
  "error_reduction_ratio": 0.12946657644167286,
  "timestamp": "2025-09-09T16:11:10.313802"
}