{
  "M": 3,
  "N": 256,
  "physical_error_rate": 0.01,
  "noise_type": "depolarizing",
  "logical_error_evolution": [
    0.025988374999999966,
    0.013385121750082728,
    0.006795622638102674,
    0.0034242897430986057,
    0.0017188567723809259,
    0.0008611181045500416,
    0.00043098296291534203,
    0.00021559764507973018,
    0.00010782538674286667
  ],
  "fidelity_evolution": [
    0.9869202728690905,
    0.9932848927925549,
    0.9965963964222916,
    0.9982863868935113,
    0.9991402019874984,
    0.999569348217246,
    0.9997844852952483,
    0.9998921953665406,
    0.999946085853261
  ],
  "purity_evolution": [
    0.9487951307258752,
    0.9734345124818513,
    0.9864615324232685,
    0.9931648213826538,
    0.9965656629907855,
    0.9982786112473457,
    0.9991382463556714,
    0.99956885783252,
    0.9997843625137302
  ],
  "success_probabilities": [
    0.9743975653629375,
    0.9743975653629375,
    0.9743975653629375,
    0.9743975653629375,
    0.9743975653629375,
    0.9743975653629375,
    0.9743975653629375,
    0.9743975653629375,
    0.9743975653629375,
    0.9743975653629375,
    0.9743975653629375,
    0.9743975653629375,
    0.9743975653629375,
    0.9743975653629375,
    0.9743975653629375,
    0.9743975653629375,
    0.9743975653629375,
    0.9743975653629375,
    0.9743975653629375,
    0.9743975653629375,
    0.9743975653629375,
    0.9743975653629375,
    0.9743975653629375,
    0.9743975653629375,
    0.9743975653629375,
    0.9743975653629375,
    0.9743975653629375,
    0.9743975653629375,
    0.9743975653629375,
    0.9743975653629375,
    0.9743975653629375,
    0.9743975653629375,
    0.9743975653629375,
    0.9743975653629375,
    0.9743975653629375,
    0.9743975653629375,
    0.9743975653629375,
    0.9743975653629375,
    0.9743975653629375,
    0.9743975653629375,
    0.9743975653629375,
    0.9743975653629375,
    0.9743975653629375,
    0.9743975653629375,
    0.9743975653629375,
    0.9743975653629375,
    0.9743975653629375,
    0.9743975653629375,
    0.9743975653629375,
    0.9743975653629375,
    0.9743975653629375,
    0.9743975653629375,
    0.9743975653629375,
    0.9743975653629375,
    0.9743975653629375,
    0.9743975653629375,
    0.9743975653629375,
    0.9743975653629375,
    0.9743975653629375,
    0.9743975653629375,
    0.9743975653629375,
    0.9743975653629375,
    0.9743975653629375,
    0.9743975653629375,
    0.9743975653629375,
    0.9743975653629375,
    0.9743975653629375,
    0.9743975653629375,
    0.9743975653629375,
    0.9743975653629375,
    0.9743975653629375,
    0.9743975653629375,
    0.9743975653629375,
    0.9743975653629375,
    0.9743975653629375,
    0.9743975653629375,
    0.9743975653629375,
    0.9743975653629375,
    0.9743975653629375,
    0.9743975653629375,
    0.9743975653629375,
    0.9743975653629375,
    0.9743975653629375,
    0.9743975653629375,
    0.9743975653629375,
    0.9743975653629375,
    0.9743975653629375,
    0.9743975653629375,
    0.9743975653629375,
    0.9743975653629375,
    0.9743975653629375,
    0.9743975653629375,
    0.9743975653629375,
    0.9743975653629375,
    0.9743975653629375,
    0.9743975653629375,
    0.9743975653629375,
    0.9743975653629375,
    0.9743975653629375,
    0.9743975653629375,
    0.9743975653629375,
    0.9743975653629375,
    0.9743975653629375,
    0.9743975653629375,
    0.9743975653629375,
    0.9743975653629375,
    0.9743975653629375,
    0.9743975653629375,
    0.9743975653629375,
    0.9743975653629375,
    0.9743975653629375,
    0.9743975653629375,
    0.9743975653629375,
    0.9743975653629375,
    0.9743975653629375,
    0.9743975653629375,
    0.9743975653629375,
    0.9743975653629375,
    0.9743975653629375,
    0.9743975653629375,
    0.9743975653629375,
    0.9743975653629375,
    0.9743975653629375,
    0.9743975653629375,
    0.9743975653629375,
    0.9743975653629375,
    0.9743975653629375,
    0.9743975653629375,
    0.9867172562409257,
    0.9867172562409257,
    0.9867172562409257,
    0.9867172562409257,
    0.9867172562409257,
    0.9867172562409257,
    0.9867172562409257,
    0.9867172562409257,
    0.9867172562409257,
    0.9867172562409257,
    0.9867172562409257,
    0.9867172562409257,
    0.9867172562409257,
    0.9867172562409257,
    0.9867172562409257,
    0.9867172562409257,
    0.9867172562409257,
    0.9867172562409257,
    0.9867172562409257,
    0.9867172562409257,
    0.9867172562409257,
    0.9867172562409257,
    0.9867172562409257,
    0.9867172562409257,
    0.9867172562409257,
    0.9867172562409257,
    0.9867172562409257,
    0.9867172562409257,
    0.9867172562409257,
    0.9867172562409257,
    0.9867172562409257,
    0.9867172562409257,
    0.9867172562409257,
    0.9867172562409257,
    0.9867172562409257,
    0.9867172562409257,
    0.9867172562409257,
    0.9867172562409257,
    0.9867172562409257,
    0.9867172562409257,
    0.9867172562409257,
    0.9867172562409257,
    0.9867172562409257,
    0.9867172562409257,
    0.9867172562409257,
    0.9867172562409257,
    0.9867172562409257,
    0.9867172562409257,
    0.9867172562409257,
    0.9867172562409257,
    0.9867172562409257,
    0.9867172562409257,
    0.9867172562409257,
    0.9867172562409257,
    0.9867172562409257,
    0.9867172562409257,
    0.9867172562409257,
    0.9867172562409257,
    0.9867172562409257,
    0.9867172562409257,
    0.9867172562409257,
    0.9867172562409257,
    0.9867172562409257,
    0.9867172562409257,
    0.9932307662116342,
    0.9932307662116342,
    0.9932307662116342,
    0.9932307662116342,
    0.9932307662116342,
    0.9932307662116342,
    0.9932307662116342,
    0.9932307662116342,
    0.9932307662116342,
    0.9932307662116342,
    0.9932307662116342,
    0.9932307662116342,
    0.9932307662116342,
    0.9932307662116342,
    0.9932307662116342,
    0.9932307662116342,
    0.9932307662116342,
    0.9932307662116342,
    0.9932307662116342,
    0.9932307662116342,
    0.9932307662116342,
    0.9932307662116342,
    0.9932307662116342,
    0.9932307662116342,
    0.9932307662116342,
    0.9932307662116342,
    0.9932307662116342,
    0.9932307662116342,
    0.9932307662116342,
    0.9932307662116342,
    0.9932307662116342,
    0.9932307662116342,
    0.9965824106913269,
    0.9965824106913269,
    0.9965824106913269,
    0.9965824106913269,
    0.9965824106913269,
    0.9965824106913269,
    0.9965824106913269,
    0.9965824106913269,
    0.9965824106913269,
    0.9965824106913269,
    0.9965824106913269,
    0.9965824106913269,
    0.9965824106913269,
    0.9965824106913269,
    0.9965824106913269,
    0.9965824106913269,
    0.9982828314953928,
    0.9982828314953928,
    0.9982828314953928,
    0.9982828314953928,
    0.9982828314953928,
    0.9982828314953928,
    0.9982828314953928,
    0.9982828314953928,
    0.9991393056236728,
    0.9991393056236728,
    0.9991393056236728,
    0.9991393056236728,
    0.9995691231778356,
    0.9995691231778356,
    0.9997844289162601
  ],