{
  "M": 1,
  "N": 8,
  "physical_error_rate": 0.1,
  "noise_type": "depolarizing",
  "logical_error_evolution": [
    0.04999999999999997,
    0.027559055118110215,
    0.014549190118973637,
    0.007487790810549484
  ],
  "fidelity_evolution": [
    0.9746794344808964,
    0.9861242035777693,
    0.9926987508207242,
    0.9962490698562536
  ],
  "purity_evolution": [
    0.905,
    0.9464008928017857,
    0.9713249776282888,
    0.985136552401346
  ],
  "success_probabilities": [
    0.9525,
    0.9525,
    0.9525,
    0.9525,
    0.9732004464008929,
    0.9732004464008929,
    0.9856624888141444
  ],
  "amplification_iterations": [
    0,
    0,
    0,
    0,
    0,
    0,
    0
  ],
  "final_logical_error": 0.007487790810549484,
  "initial_logical_error": 0.04999999999999997,
  "error_reduction_ratio": 0.14975581621098977,
  "timestamp": "2025-09-09T16:26:19.108985"
}