{
  "M": 5,
  "N": 8,
  "physical_error_rate": 0.1,
  "noise_type": "depolarizing",
  "logical_error_evolution": [
    0.3967128124999999,
    0.2934844113558925,
    0.19725312144225374,
    0.12062547821039141
  ],
  "fidelity_evolution": [
    0.776715641338579,
    0.8405448165589433,
    0.8959614269363085,
    0.9377497116979607
  ],
  "purity_evolution": [
    0.3690322388468752,
    0.5019427640845143,
    0.6456576734186794,
    0.7737689207337829
  ],
  "success_probabilities": [
    0.6845161194234376,
    0.6845161194234376,
    0.6845161194234376,
    0.6845161194234376,
    0.7509713820422572,
    0.7509713820422572,
    0.8228288367093397
  ],
  "amplification_iterations": [
    0,
    0,
    0,
    0,
    0,
    0,
    0
  ],
  "final_logical_error": 0.12062547821039141,
  "initial_logical_error": 0.3967128124999999,
  "error_reduction_ratio": 0.30406247141410747,
  "timestamp": "2025-09-09T16:26:26.226327"
}