{
  "M": 6,
  "N": 128,
  "physical_error_rate": 0.1,
  "noise_type": "depolarizing",
  "logical_error_evolution": [
    0.4612377656249999,
    0.35915249200248145,
    0.25567461171537936,
    0.16508210002079496,
    0.09750378607669175,
    0.05381460523700902,
    0.02841777596724268,
    0.014624905504842495
  ],
  "fidelity_evolution": [
    0.7340042468371692,
    0.8005295172556216,
    0.8627429445000525,
    0.913738419887883,
    0.9499980073259672,
    0.9727206149573427,
    0.9856887054403928,
    0.9926606139538113
  ],
  "purity_evolution": [
    0.29364157497348453,
    0.41273299695919446,
    0.5550578948684767,
    0.6975204727175475,
    0.814650320722085,
    0.895312769703064,
    0.9439848366277235,
    0.9709674718967543
  ],
  "success_probabilities": [
    0.6468207874867422,
    0.6468207874867422,
    0.6468207874867422,
    0.6468207874867422,
    0.6468207874867422,
    0.6468207874867422,
    0.6468207874867422,
    0.6468207874867422,
    0.6468207874867422,
    0.6468207874867422,
    0.6468207874867422,
    0.6468207874867422,
    0.6468207874867422,
    0.6468207874867422,
    0.6468207874867422,
    0.6468207874867422,
    0.6468207874867422,
    0.6468207874867422,
    0.6468207874867422,
    0.6468207874867422,
    0.6468207874867422,
    0.6468207874867422,
    0.6468207874867422,
    0.6468207874867422,
    0.6468207874867422,
    0.6468207874867422,
    0.6468207874867422,
    0.6468207874867422,
    0.6468207874867422,
    0.6468207874867422,
    0.6468207874867422,
    0.6468207874867422,
    0.6468207874867422,
    0.6468207874867422,
    0.6468207874867422,
    0.6468207874867422,
    0.6468207874867422,
    0.6468207874867422,
    0.6468207874867422,
    0.6468207874867422,
    0.6468207874867422,
    0.6468207874867422,
    0.6468207874867422,
    0.6468207874867422,
    0.6468207874867422,
    0.6468207874867422,
    0.6468207874867422,
    0.6468207874867422,
    0.6468207874867422,
    0.6468207874867422,
    0.6468207874867422,
    0.6468207874867422,
    0.6468207874867422,
    0.6468207874867422,
    0.6468207874867422,
    0.6468207874867422,
    0.6468207874867422,
    0.6468207874867422,
    0.6468207874867422,
    0.6468207874867422,
    0.6468207874867422,
    0.6468207874867422,
    0.6468207874867422,
    0.6468207874867422,
    0.7063664984795972,
    0.7063664984795972,
    0.7063664984795972,
    0.7063664984795972,
    0.7063664984795972,
    0.7063664984795972,
    0.7063664984795972,
    0.7063664984795972,
    0.7063664984795972,
    0.7063664984795972,
    0.7063664984795972,
    0.7063664984795972,
    0.7063664984795972,
    0.7063664984795972,
    0.7063664984795972,
    0.7063664984795972,
    0.7063664984795972,
    0.7063664984795972,
    0.7063664984795972,
    0.7063664984795972,
    0.7063664984795972,
    0.7063664984795972,
    0.7063664984795972,
    0.7063664984795972,
    0.7063664984795972,
    0.7063664984795972,
    0.7063664984795972,
    0.7063664984795972,
    0.7063664984795972,
    0.7063664984795972,
    0.7063664984795972,
    0.7063664984795972,
    0.7775289474342384,
    0.7775289474342384,
    0.7775289474342384,
    0.7775289474342384,
    0.7775289474342384,
    0.7775289474342384,
    0.7775289474342384,
    0.7775289474342384,
    0.7775289474342384,
    0.7775289474342384,
    0.7775289474342384,
    0.7775289474342384,
    0.7775289474342384,
    0.7775289474342384,
    0.7775289474342384,
    0.7775289474342384,
    0.8487602363587737,
    0.8487602363587737,
    0.8487602363587737,
    0.8487602363587737,
    0.8487602363587737,
    0.8487602363587737,
    0.8487602363587737,
    0.8487602363587737,
    0.9073251603610425,
    0.9073251603610425,
    0.9073251603610425,
    0.9073251603610425,
    0.947656384851532,
    0.947656384851532,
    0.9719924183138617
  ],
  "amplification_iterations": [
    0,
    0,
    0,
    0,
    0,
    0,
    0,
    0,
    0,
    0,
    0,
    0,
    0,
    0,
    0,
    0,
    0,
    0,
    0,
    0,
    0,
    0,
    0,
    0,
    0,
    0,
    0,
    0,
    0,
    0,
    0,
    0,
    0,
    0,
    0,
    0,
    0,
    0,
    0,
    0,
    0,
    0,
    0,
    0,
    0,
    0,
    0,
    0,
    0,
    0,
    0,
    0,
    0,
    0,
    0,
    0,
    0,
    0,
    0,
    0,
    0,
    0,
    0,
    0,
    0,
    0,
    0,
    0,
    0,
    0,
    0,
    0,
    0,
    0,
    0,
    0,
    0,
    0,
    0,
    0,
    0,
    0,
    0,
    0,
    0,
    0,
    0,
    0,
    0,
    0,
    0,
    0,
    0,
    0,
    0,
    0,
    0,
    0,
    0,
    0,
    0,
    0,
    0,
    0,
    0,
    0,
    0,
    0,
    0,
    0,
    0,
    0,
    0,
    0,
    0,
    0,
    0,
    0,
    0,
    0,
    0,
    0,
    0,
    0,
    0,
    0,
    0
  ],
  "final_logical_error": 0.014624905504842495,
  "initial_logical_error": 0.4612377656249999,
  "error_reduction_ratio": 0.03170795323974616,
  "timestamp": "2025-09-09T16:28:57.151638"
}