{
  "M": 10,
  "N": 64,
  "physical_error_rate": 0.01,
  "noise_type": "depolarizing",
  "logical_error_evolution": [
    0.09552454811132141,
    0.052546212282003464,
    0.027691259874301887,
    0.01423471905669765,
    0.007219493883299326,
    0.0036359271230339938,
    0.0018245920342426605
  ],
  "fidelity_evolution": [
    0.9510391431947891,
    0.9733723787523441,
    0.9860571687917989,
    0.9928571301769971,
    0.9963837142972083,
    0.9981803809317062,
    0.999087287460789
  ],
  "purity_evolution": [
    0.818084762853483,
    0.8976713788879873,
    0.9453850356906812,
    0.971733387184808,
    0.9856131842745907,
    0.9927413786427198,
    0.9963541483218936
  ],
  "success_probabilities": [
    0.9090423814267414,
    0.9090423814267414,
    0.9090423814267414,
    0.9090423814267414,
    0.9090423814267414,
    0.9090423814267414,
    0.9090423814267414,
    0.9090423814267414,
    0.9090423814267414,
    0.9090423814267414,
    0.9090423814267414,
    0.9090423814267414,
    0.9090423814267414,
    0.9090423814267414,
    0.9090423814267414,
    0.9090423814267414,
    0.9090423814267414,
    0.9090423814267414,
    0.9090423814267414,
    0.9090423814267414,
    0.9090423814267414,
    0.9090423814267414,
    0.9090423814267414,
    0.9090423814267414,
    0.9090423814267414,
    0.9090423814267414,
    0.9090423814267414,
    0.9090423814267414,
    0.9090423814267414,
    0.9090423814267414,
    0.9090423814267414,
    0.9090423814267414,
    0.9488356894439937,
    0.9488356894439937,
    0.9488356894439937,
    0.9488356894439937,
    0.9488356894439937,
    0.9488356894439937,
    0.9488356894439937,
    0.9488356894439937,
    0.9488356894439937,
    0.9488356894439937,
    0.9488356894439937,
    0.9488356894439937,
    0.9488356894439937,
    0.9488356894439937,
    0.9488356894439937,
    0.9488356894439937,
    0.9726925178453406,
    0.9726925178453406,
    0.9726925178453406,
    0.9726925178453406,
    0.9726925178453406,
    0.9726925178453406,
    0.9726925178453406,
    0.9726925178453406,
    0.985866693592404,
    0.985866693592404,
    0.985866693592404,
    0.985866693592404,
    0.9928065921372953,
    0.9928065921372953,
    0.99637068932136
  ],
  "amplification_iterations": [
    0,
    0,
    0,
    0,
    0,
    0,
    0,
    0,
    0,
    0,
    0,
    0,
    0,
    0,
    0,
    0,
    0,
    0,
    0,
    0,
    0,
    0,
    0,
    0,
    0,
    0,
    0,
    0,
    0,
    0,
    0,
    0,
    0,
    0,
    0,
    0,
    0,
    0,
    0,
    0,
    0,
    0,
    0,
    0,
    0,
    0,
    0,
    0,
    0,
    0,
    0,
    0,
    0,
    0,
    0,
    0,
    0,
    0,
    0,
    0,
    0,
    0,
    0
  ],
  "final_logical_error": 0.0018245920342426605,
  "initial_logical_error": 0.09552454811132141,
  "error_reduction_ratio": 0.019100765932086233,
  "timestamp": "2025-09-09T16:57:15.260369"
}