{
  "M": 8,
  "N": 256,
  "physical_error_rate": 0.95,
  "noise_type": "depolarizing",
  "logical_error_evolution": [
    0.9960937499610906,
    0.9960937499609384,
    0.9960937499607859,
    0.9960937499606344,
    0.9960937499604811,
    0.9960937499603267,
    0.9960937499601732,
    0.9960937499600182,
    0.9960937499598622
  ],
  "fidelity_evolution": [
    0.06250000031127954,
    0.06250000031249074,
    0.06250000031370666,
    0.0625000003149273,
    0.06250000031615272,
    0.06250000031738287,
    0.06250000031861783,
    0.06250000031985758,
    0.06250000032110217
  ],
  "purity_evolution": [
    0.003906250000000002,
    0.003906249999999999,
    0.003906250000000002,
    0.003906249999999999,
    0.00390625,
    0.003906249999999999,
    0.00390625,
    0.003906250000000002,
    0.003906250000000002
  ],
  "success_probabilities": [
    0.501953125,
    0.501953125,
    0.501953125,
    0.501953125,
    0.501953125,
    0.501953125,
    0.501953125,
    0.501953125,
    0.501953125,
    0.501953125,
    0.501953125,
    0.501953125,
    0.501953125,
    0.501953125,
    0.501953125,
    0.501953125,
    0.501953125,
    0.501953125,
    0.501953125,
    0.501953125,
    0.501953125,
    0.501953125,
    0.501953125,
    0.501953125,
    0.501953125,
    0.501953125,
    0.501953125,
    0.501953125,
    0.501953125,
    0.501953125,
    0.501953125,
    0.501953125,
    0.501953125,
    0.501953125,
    0.501953125,
    0.501953125,
    0.501953125,
    0.501953125,
    0.501953125,
    0.501953125,
    0.501953125,
    0.501953125,
    0.501953125,
    0.501953125,
    0.501953125,
    0.501953125,
    0.501953125,
    0.501953125,
    0.501953125,
    0.501953125,
    0.501953125,
    0.501953125,
    0.501953125,
    0.501953125,
    0.501953125,
    0.501953125,
    0.501953125,
    0.501953125,
    0.501953125,
    0.501953125,
    0.501953125,
    0.501953125,
    0.501953125,
    0.501953125,
    0.501953125,
    0.501953125,
    0.501953125,
    0.501953125,
    0.501953125,
    0.501953125,
    0.501953125,
    0.501953125,
    0.501953125,
    0.501953125,
    0.501953125,
    0.501953125,
    0.501953125,
    0.501953125,
    0.501953125,
    0.501953125,
    0.501953125,
    0.501953125,
    0.501953125,
    0.501953125,
    0.501953125,
    0.501953125,
    0.501953125,
    0.501953125,
    0.501953125,
    0.501953125,
    0.501953125,
    0.501953125,
    0.501953125,
    0.501953125,
    0.501953125,
    0.501953125,
    0.501953125,
    0.501953125,
    0.501953125,
    0.501953125,
    0.501953125,
    0.501953125,
    0.501953125,
    0.501953125,
    0.501953125,
    0.501953125,
    0.501953125,
    0.501953125,
    0.501953125,
    0.501953125,
    0.501953125,
    0.501953125,
    0.501953125,
    0.501953125,
    0.501953125,
    0.501953125,
    0.501953125,
    0.501953125,
    0.501953125,
    0.501953125,
    0.501953125,
    0.501953125,
    0.501953125,
    0.501953125,
    0.501953125,
    0.501953125,
    0.501953125,
    0.501953125,
    0.501953125,
    0.501953125,
    0.501953125,
    0.501953125,
    0.501953125,
    0.501953125,
    0.501953125,
    0.501953125,
    0.501953125,
    0.501953125,
    0.501953125,
    0.501953125,
    0.501953125,
    0.501953125,
    0.501953125,
    0.501953125,
    0.501953125,
    0.501953125,
    0.501953125,
    0.501953125,
    0.501953125,
    0.501953125,
    0.501953125,
    0.501953125,
    0.501953125,
    0.501953125,
    0.501953125,
    0.501953125,
    0.501953125,
    0.501953125,
    0.501953125,
    0.501953125,
    0.501953125,
    0.501953125,
    0.501953125,
    0.501953125,
    0.501953125,
    0.501953125,
    0.501953125,
    0.501953125,
    0.501953125,
    0.501953125,
    0.501953125,
    0.501953125,
    0.501953125,
    0.501953125,
    0.501953125,
    0.501953125,
    0.501953125,
    0.501953125,
    0.501953125,
    0.501953125,
    0.501953125,
    0.501953125,
    0.501953125,
    0.501953125,
    0.501953125,
    0.501953125,
    0.501953125,
    0.501953125,
    0.501953125,
    0.501953125,
    0.501953125,
    0.501953125,
    0.501953125,
    0.501953125,
    0.501953125,
    0.501953125,
    0.501953125,
    0.501953125,
    0.501953125,
    0.501953125,
    0.501953125,
    0.501953125,
    0.501953125,
    0.501953125,
    0.501953125,
    0.501953125,
    0.501953125,
    0.501953125,
    0.501953125,
    0.501953125,
    0.501953125,
    0.501953125,
    0.501953125,
    0.501953125,
    0.501953125,
    0.501953125,
    0.501953125,
    0.501953125,
    0.501953125,
    0.501953125,
    0.501953125,
    0.501953125,
    0.501953125,
    0.501953125,
    0.501953125,
    0.501953125,
    0.501953125,
    0.501953125,
    0.501953125,
    0.501953125,
    0.501953125,
    0.501953125,
    0.501953125,
    0.501953125,
    0.501953125,
    0.501953125,
    0.501953125,
    0.501953125,
    0.501953125,
    0.501953125,
    0.501953125,
    0.501953125,
    0.501953125,
    0.501953125,
    0.501953125,
    0.501953125,
    0.501953125,
    0.501953125,
    0.501953125,
    0.501953125,
    0.501953125,
    0.501953125,
    0.501953125,
    0.501953125,
    0.501953125
  ],
  "amplification_iterations": [
    0,
    0,
    0,
    0,
    0,
    0,
    0,
    0,
    0,
    0,
    0,
    0,
    0,
    0,
    0,
    0,
    0,
    0,
    0,
    0,
    0,
    0,
    0,
    0,
    0,
    0,
    0,
    0,
    0,
    0,
    0,
    0,
    0,
    0,
    0,
    0,
    0,
    0,
    0,
    0,
    0,
    0,
    0,
    0,
    0,
    0,
    0,
    0,
    0,
    0,
    0,
    0,
    0,
    0,
    0,
    0,
    0,
    0,
    0,
    0,
    0,
    0,
    0,
    0,
    0,
    0,
    0,
    0,
    0,
    0,
    0,
    0,
    0,
    0,
    0,
    0,
    0,
    0,
    0,
    0,
    0,
    0,
    0,
    0,
    0,
    0,
    0,
    0,
    0,
    0,
    0,
    0,
    0,
    0,
    0,
    0,
    0,
    0,
    0,
    0,
    0,
    0,
    0,
    0,
    0,
    0,
    0,
    0,
    0,
    0,
    0,
    0,
    0,
    0,
    0,
    0,
    0,
    0,
    0,
    0,
    0,
    0,
    0,
    0,
    0,
    0,
    0,
    0,
    0,
    0,
    0,
    0,
    0,
    0,
    0,
    0,
    0,
    0,
    0,
    0,
    0,
    0,
    0,
    0,
    0,
    0,
    0,
    0,
    0,
    0,
    0,
    0,
    0,
    0,
    0,
    0,
    0,
    0,
    0,
    0,
    0,
    0,
    0,
    0,
    0,
    0,
    0,
    0,
    0,
    0,
    0,
    0,
    0,
    0,
    0,
    0,
    0,
    0,
    0,
    0,
    0,
    0,
    0,
    0,
    0,
    0,
    0,
    0,
    0,
    0,
    0,
    0,
    0,
    0,
    0,
    0,
    0,
    0,
    0,
    0,
    0,
    0,
    0,
    0,
    0,
    0,
    0,
    0,
    0,
    0,
    0,
    0,
    0,
    0,
    0,
    0,
    0,
    0,
    0,
    0,
    0,
    0,
    0,
    0,
    0,
    0,
    0,
    0,
    0,
    0,
    0,
    0,
    0,
    0,
    0,
    0,
    0,
    0,
    0,
    0,
    0,
    0,
    0,
    0,
    0,
    0,
    0,
    0,
    0,
    0,
    0,
    0,
    0,
    0,
    0
  ],
  "final_logical_error": 0.9960937499598622,
  "initial_logical_error": 0.9960937499610906,
  "error_reduction_ratio": 0.9999999999987669,
  "timestamp": "2025-09-09T16:30:02.965913"
}