{
  "M": 3,
  "N": 8,
  "physical_error_rate": 0.7,
  "noise_type": "depolarizing",
  "logical_error_evolution": [
    0.851375,
    0.8483398662958104,
    0.8448578596816385,
    0.8408480267051399
  ],
  "fidelity_evolution": [
    0.3855191305240247,
    0.38943566054508894,
    0.39388087071900496,
    0.39893855829546
  ],
  "purity_evolution": [
    0.125637875,
    0.12581230026185747,
    0.12603834128339633,
    0.1263329797484947
  ],
  "success_probabilities": [
    0.5628189375,
    0.5628189375,
    0.5628189375,
    0.5628189375,
    0.5629061501309287,
    0.5629061501309287,
    0.5630191706416982
  ],
  "amplification_iterations": [
    0,
    0,
    0,
    0,
    0,
    0,
    0
  ],
  "final_logical_error": 0.8408480267051399,
  "initial_logical_error": 0.851375,
  "error_reduction_ratio": 0.9876353272120275,
  "timestamp": "2025-09-09T16:11:11.882523"
}