{
  "M": 8,
  "N": 8,
  "physical_error_rate": 0.01,
  "noise_type": "depolarizing",
  "logical_error_evolution": [
    0.07695352703468905,
    0.04156326671931216,
    0.02166677442584152,
    0.011071584256015923
  ],
  "fidelity_evolution": [
    0.9607530759593284,
    0.9789978208763734,
    0.9891072871909085,
    0.9944487999610558
  ],
  "purity_evolution": [
    0.8520380141765364,
    0.9186077462317193,
    0.9571377412392544,
    0.9779798921717013
  ],
  "success_probabilities": [
    0.9260190070882681,
    0.9260190070882681,
    0.9260190070882681,
    0.9260190070882681,
    0.9593038731158596,
    0.9593038731158596,
    0.9785688706196272
  ],
  "amplification_iterations": [
    0,
    0,
    0,
    0,
    0,
    0,
    0
  ],
  "final_logical_error": 0.011071584256015923,
  "initial_logical_error": 0.07695352703468905,
  "error_reduction_ratio": 0.1438736427379746,
  "timestamp": "2025-09-09T16:27:06.997911"
}