{
  "M": 2,
  "N": 8,
  "physical_error_rate": 0.99,
  "noise_type": "depolarizing",
  "logical_error_evolution": [
    0.7499250000000001,
    0.7499099970005401,
    0.7498919920812933,
    0.7498703842774526
  ],
  "fidelity_evolution": [
    0.5000749943758436,
    0.5000899949003779,
    0.5001079962555155,
    0.5001295989266656
  ],
  "purity_evolution": [
    0.2500000075,
    0.25000001080071993,
    0.25000001555428075,
    0.25000002240031405
  ],
  "success_probabilities": [
    0.62500000375,
    0.62500000375,
    0.62500000375,
    0.62500000375,
    0.6250000054003599,
    0.6250000054003599,
    0.6250000077771404
  ],
  "amplification_iterations": [
    0,
    0,
    0,
    0,
    0,
    0,
    0
  ],
  "final_logical_error": 0.7498703842774526,
  "initial_logical_error": 0.7499250000000001,
  "error_reduction_ratio": 0.9999271717537787,
  "timestamp": "2025-09-09T16:28:48.916710"
}