{
  "M": 3,
  "N": 8,
  "physical_error_rate": 0.1,
  "noise_type": "depolarizing",
  "logical_error_evolution": [
    0.23712499999999992,
    0.15418612113266197,
    0.091681732519838,
    0.0508598969307216
  ],
  "fidelity_evolution": [
    0.8734271578099687,
    0.9196814007401357,
    0.953057326439581,
    0.9742382167977596
  ],
  "purity_evolution": [
    0.5900108750000002,
    0.7187973119631743,
    0.8262428664778543,
    0.9012364679851895
  ],
  "success_probabilities": [
    0.7950054375000001,
    0.7950054375000001,
    0.7950054375000001,
    0.7950054375000001,
    0.8593986559815872,
    0.8593986559815872,
    0.9131214332389271
  ],
  "amplification_iterations": [
    0,
    0,
    0,
    0,
    0,
    0,
    0
  ],
  "final_logical_error": 0.0508598969307216,
  "initial_logical_error": 0.23712499999999992,
  "error_reduction_ratio": 0.2144855959123737,
  "timestamp": "2025-09-09T16:11:11.879924"
}