{
  "M": 5,
  "N": 256,
  "physical_error_rate": 0.01,
  "noise_type": "depolarizing",
  "logical_error_evolution": [
    0.04747838915937508,
    0.02493019279743905,
    0.012789872045604684,
    0.006479904481777003,
    0.0032616942658606376,
    0.0016363470026428551,
    0.0008195566353402158,
    0.0004101251297000954,
    0.00020514939690872218
  ],
  "fidelity_evolution": [
    0.9759721363034013,
    0.987456230524959,
    0.9935844845580044,
    0.9967547820393052,
    0.9983678208627016,
    0.9991814915206131,
    0.9995901376887728,
    0.9997949164055095,
    0.9998974200402215
  ],
  "purity_evolution": [
    0.9073701351647793,
    0.9507811777732947,
    0.9745891135366028,
    0.9870835346876385,
    0.9934875933000041,
    0.9967300700014373,
    0.9983615800692713,
    0.999179923369113,
    0.9995897446500794
  ],
  "success_probabilities": [
    0.9536850675823896,
    0.9536850675823896,
    0.9536850675823896,
    0.9536850675823896,
    0.9536850675823896,
    0.9536850675823896,
    0.9536850675823896,
    0.9536850675823896,
    0.9536850675823896,
    0.9536850675823896,
    0.9536850675823896,
    0.9536850675823896,
    0.9536850675823896,
    0.9536850675823896,
    0.9536850675823896,
    0.9536850675823896,
    0.9536850675823896,
    0.9536850675823896,
    0.9536850675823896,
    0.9536850675823896,
    0.9536850675823896,
    0.9536850675823896,
    0.9536850675823896,
    0.9536850675823896,
    0.9536850675823896,
    0.9536850675823896,
    0.9536850675823896,
    0.9536850675823896,
    0.9536850675823896,
    0.9536850675823896,
    0.9536850675823896,
    0.9536850675823896,
    0.9536850675823896,
    0.9536850675823896,
    0.9536850675823896,
    0.9536850675823896,
    0.9536850675823896,
    0.9536850675823896,
    0.9536850675823896,
    0.9536850675823896,
    0.9536850675823896,
    0.9536850675823896,
    0.9536850675823896,
    0.9536850675823896,
    0.9536850675823896,
    0.9536850675823896,
    0.9536850675823896,
    0.9536850675823896,
    0.9536850675823896,
    0.9536850675823896,
    0.9536850675823896,
    0.9536850675823896,
    0.9536850675823896,
    0.9536850675823896,
    0.9536850675823896,
    0.9536850675823896,
    0.9536850675823896,
    0.9536850675823896,
    0.9536850675823896,
    0.9536850675823896,
    0.9536850675823896,
    0.9536850675823896,
    0.9536850675823896,
    0.9536850675823896,
    0.9536850675823896,
    0.9536850675823896,
    0.9536850675823896,
    0.9536850675823896,
    0.9536850675823896,
    0.9536850675823896,
    0.9536850675823896,
    0.9536850675823896,
    0.9536850675823896,
    0.9536850675823896,
    0.9536850675823896,
    0.9536850675823896,
    0.9536850675823896,
    0.9536850675823896,
    0.9536850675823896,
    0.9536850675823896,
    0.9536850675823896,
    0.9536850675823896,
    0.9536850675823896,
    0.9536850675823896,
    0.9536850675823896,
    0.9536850675823896,
    0.9536850675823896,
    0.9536850675823896,
    0.9536850675823896,
    0.9536850675823896,
    0.9536850675823896,
    0.9536850675823896,
    0.9536850675823896,
    0.9536850675823896,
    0.9536850675823896,
    0.9536850675823896,
    0.9536850675823896,
    0.9536850675823896,
    0.9536850675823896,
    0.9536850675823896,
    0.9536850675823896,
    0.9536850675823896,
    0.9536850675823896,
    0.9536850675823896,
    0.9536850675823896,
    0.9536850675823896,
    0.9536850675823896,
    0.9536850675823896,
    0.9536850675823896,
    0.9536850675823896,
    0.9536850675823896,
    0.9536850675823896,
    0.9536850675823896,
    0.9536850675823896,
    0.9536850675823896,
    0.9536850675823896,
    0.9536850675823896,
    0.9536850675823896,
    0.9536850675823896,
    0.9536850675823896,
    0.9536850675823896,
    0.9536850675823896,
    0.9536850675823896,
    0.9536850675823896,
    0.9536850675823896,
    0.9536850675823896,
    0.9536850675823896,
    0.9536850675823896,
    0.9753905888866474,
    0.9753905888866474,
    0.9753905888866474,
    0.9753905888866474,
    0.9753905888866474,
    0.9753905888866474,
    0.9753905888866474,
    0.9753905888866474,
    0.9753905888866474,
    0.9753905888866474,
    0.9753905888866474,
    0.9753905888866474,
    0.9753905888866474,
    0.9753905888866474,
    0.9753905888866474,
    0.9753905888866474,
    0.9753905888866474,
    0.9753905888866474,
    0.9753905888866474,
    0.9753905888866474,
    0.9753905888866474,
    0.9753905888866474,
    0.9753905888866474,
    0.9753905888866474,
    0.9753905888866474,
    0.9753905888866474,
    0.9753905888866474,
    0.9753905888866474,
    0.9753905888866474,
    0.9753905888866474,
    0.9753905888866474,
    0.9753905888866474,
    0.9753905888866474,
    0.9753905888866474,
    0.9753905888866474,
    0.9753905888866474,
    0.9753905888866474,
    0.9753905888866474,
    0.9753905888866474,
    0.9753905888866474,
    0.9753905888866474,
    0.9753905888866474,
    0.9753905888866474,
    0.9753905888866474,
    0.9753905888866474,
    0.9753905888866474,
    0.9753905888866474,
    0.9753905888866474,
    0.9753905888866474,
    0.9753905888866474,
    0.9753905888866474,
    0.9753905888866474,
    0.9753905888866474,
    0.9753905888866474,
    0.9753905888866474,
    0.9753905888866474,
    0.9753905888866474,
    0.9753905888866474,
    0.9753905888866474,
    0.9753905888866474,
    0.9753905888866474,
    0.9753905888866474,
    0.9753905888866474,
    0.9753905888866474,
    0.9872945567683014,
    0.9872945567683014,
    0.9872945567683014,
    0.9872945567683014,
    0.9872945567683014,
    0.9872945567683014,
    0.9872945567683014,
    0.9872945567683014,
    0.9872945567683014,
    0.9872945567683014,
    0.9872945567683014,
    0.9872945567683014,
    0.9872945567683014,
    0.9872945567683014,
    0.9872945567683014,
    0.9872945567683014,
    0.9872945567683014,
    0.9872945567683014,
    0.9872945567683014,
    0.9872945567683014,
    0.9872945567683014,
    0.9872945567683014,
    0.9872945567683014,
    0.9872945567683014,
    0.9872945567683014,
    0.9872945567683014,
    0.9872945567683014,
    0.9872945567683014,
    0.9872945567683014,
    0.9872945567683014,
    0.9872945567683014,
    0.9872945567683014,
    0.9935417673438193,
    0.9935417673438193,
    0.9935417673438193,
    0.9935417673438193,
    0.9935417673438193,
    0.9935417673438193,
    0.9935417673438193,
    0.9935417673438193,
    0.9935417673438193,
    0.9935417673438193,
    0.9935417673438193,
    0.9935417673438193,
    0.9935417673438193,
    0.9935417673438193,
    0.9935417673438193,
    0.9935417673438193,
    0.9967437966500021,
    0.9967437966500021,
    0.9967437966500021,
    0.9967437966500021,
    0.9967437966500021,
    0.9967437966500021,
    0.9967437966500021,
    0.9967437966500021,
    0.9983650350007187,
    0.9983650350007187,
    0.9983650350007187,
    0.9983650350007187,
    0.9991807900346357,
    0.9991807900346357,
    0.9995899616845565
  ],