{
  "M": 8,
  "N": 32,
  "physical_error_rate": 0.7,
  "noise_type": "depolarizing",
  "logical_error_evolution": [
    0.996028396289063,
    0.996028137756944,
    0.9960278781852716,
    0.9960276175697321,
    0.9960273559059946,
    0.9960270931897072
  ],
  "fidelity_evolution": [
    0.0630206609846132,
    0.06302271212076298,
    0.06302477143733795,
    0.06302683896775531,
    0.063028914745575,
    0.06303099880450044
  ],
  "purity_evolution": [
    0.003906254287856975,
    0.003906254321848662,
    0.003906254356112038,
    0.003906254390649306,
    0.003906254425462682,
    0.0039062544605544
  ],
  "success_probabilities": [
    0.5019531271439285,
    0.5019531271439285,
    0.5019531271439285,
    0.5019531271439285,
    0.5019531271439285,
    0.5019531271439285,
    0.5019531271439285,
    0.5019531271439285,
    0.5019531271439285,
    0.5019531271439285,
    0.5019531271439285,
    0.5019531271439285,
    0.5019531271439285,
    0.5019531271439285,
    0.5019531271439285,
    0.5019531271439285,
    0.5019531271609243,
    0.5019531271609243,
    0.5019531271609243,
    0.5019531271609243,
    0.5019531271609243,
    0.5019531271609243,
    0.5019531271609243,
    0.5019531271609243,
    0.5019531271780561,
    0.5019531271780561,
    0.5019531271780561,
    0.5019531271780561,
    0.5019531271953247,
    0.5019531271953247,
    0.5019531272127313
  ],
  "amplification_iterations": [
    0,
    0,
    0,
    0,
    0,
    0,
    0,
    0,
    0,
    0,
    0,
    0,
    0,
    0,
    0,
    0,
    0,
    0,
    0,
    0,
    0,
    0,
    0,
    0,
    0,
    0,
    0,
    0,
    0,
    0,
    0
  ],
  "final_logical_error": 0.9960270931897072,
  "initial_logical_error": 0.996028396289063,
  "error_reduction_ratio": 0.9999986917046133,
  "timestamp": "2025-09-09T16:29:36.228138"
}