{
  "M": 2,
  "N": 8,
  "physical_error_rate": 0.4,
  "noise_type": "depolarizing",
  "logical_error_evolution": [
    0.48000000000000004,
    0.41330166270783847,
    0.33560976395454656,
    0.2523088171323477
  ],
  "fidelity_evolution": [
    0.7211102550927979,
    0.7659623602319905,
    0.815101365503367,
    0.8646913801279924
  ],
  "purity_evolution": [
    0.34720000000000006,
    0.40115436044707503,
    0.4789590236397421,
    0.5802620180056041
  ],
  "success_probabilities": [
    0.6736,
    0.6736,
    0.6736,
    0.6736,
    0.7005771802235375,
    0.7005771802235375,
    0.739479511819871
  ],
  "amplification_iterations": [
    0,
    0,
    0,
    0,
    0,
    0,
    0
  ],
  "final_logical_error": 0.2523088171323477,
  "initial_logical_error": 0.48000000000000004,
  "error_reduction_ratio": 0.5256433690257244,
  "timestamp": "2025-09-09T15:33:19.862301"
}