{
  "M": 1,
  "N": 128,
  "physical_error_rate": 0.5499999999999999,
  "noise_type": "depolarizing",
  "logical_error_evolution": [
    0.2749999999999999,
    0.2189695550351287,
    0.16099171831349318,
    0.10804965902672506,
    0.06624671661138393,
    0.037646406826203745,
    0.02026605129782419,
    0.010547812452805838
  ],
  "fidelity_evolution": [
    0.8514693182963201,
    0.8837592686726807,
    0.9159739525153032,
    0.944431226174397,
    0.9663091034387579,
    0.9809962248519595,
    0.9898151083420458,
    0.9947121128985985
  ],
  "purity_evolution": [
    0.6012500000000001,
    0.6579562219943073,
    0.729853230104076,
    0.8072501395781331,
    0.8762838217008102,
    0.9275416902414404,
    0.9602893230747636,
    0.9791268877894674
  ],
  "success_probabilities": [
    0.800625,
    0.800625,
    0.800625,
    0.800625,
    0.800625,
    0.800625,
    0.800625,
    0.800625,
    0.800625,
    0.800625,
    0.800625,
    0.800625,
    0.800625,
    0.800625,
    0.800625,
    0.800625,
    0.800625,
    0.800625,
    0.800625,
    0.800625,
    0.800625,
    0.800625,
    0.800625,
    0.800625,
    0.800625,
    0.800625,
    0.800625,
    0.800625,
    0.800625,
    0.800625,
    0.800625,
    0.800625,
    0.800625,
    0.800625,
    0.800625,
    0.800625,
    0.800625,
    0.800625,
    0.800625,
    0.800625,
    0.800625,
    0.800625,
    0.800625,
    0.800625,
    0.800625,
    0.800625,
    0.800625,
    0.800625,
    0.800625,
    0.800625,
    0.800625,
    0.800625,
    0.800625,
    0.800625,
    0.800625,
    0.800625,
    0.800625,
    0.800625,
    0.800625,
    0.800625,
    0.800625,
    0.800625,
    0.800625,
    0.800625,
    0.8289781109971537,
    0.8289781109971537,
    0.8289781109971537,
    0.8289781109971537,
    0.8289781109971537,
    0.8289781109971537,
    0.8289781109971537,
    0.8289781109971537,
    0.8289781109971537,
    0.8289781109971537,
    0.8289781109971537,
    0.8289781109971537,
    0.8289781109971537,
    0.8289781109971537,
    0.8289781109971537,
    0.8289781109971537,
    0.8289781109971537,
    0.8289781109971537,
    0.8289781109971537,
    0.8289781109971537,
    0.8289781109971537,
    0.8289781109971537,
    0.8289781109971537,
    0.8289781109971537,
    0.8289781109971537,
    0.8289781109971537,
    0.8289781109971537,
    0.8289781109971537,
    0.8289781109971537,
    0.8289781109971537,
    0.8289781109971537,
    0.8289781109971537,
    0.864926615052038,
    0.864926615052038,
    0.864926615052038,
    0.864926615052038,
    0.864926615052038,
    0.864926615052038,
    0.864926615052038,
    0.864926615052038,
    0.864926615052038,
    0.864926615052038,
    0.864926615052038,
    0.864926615052038,
    0.864926615052038,
    0.864926615052038,
    0.864926615052038,
    0.864926615052038,
    0.9036250697890665,
    0.9036250697890665,
    0.9036250697890665,
    0.9036250697890665,
    0.9036250697890665,
    0.9036250697890665,
    0.9036250697890665,
    0.9036250697890665,
    0.9381419108504051,
    0.9381419108504051,
    0.9381419108504051,
    0.9381419108504051,
    0.9637708451207202,
    0.9637708451207202,
    0.9801446615373818
  ],
  "amplification_iterations": [
    0,
    0,
    0,
    0,
    0,
    0,
    0,
    0,
    0,
    0,
    0,
    0,
    0,
    0,
    0,
    0,
    0,
    0,
    0,
    0,
    0,
    0,
    0,
    0,
    0,
    0,
    0,
    0,
    0,
    0,
    0,
    0,
    0,
    0,
    0,
    0,
    0,
    0,
    0,
    0,
    0,
    0,
    0,
    0,
    0,
    0,
    0,
    0,
    0,
    0,
    0,
    0,
    0,
    0,
    0,
    0,
    0,
    0,
    0,
    0,
    0,
    0,
    0,
    0,
    0,
    0,
    0,
    0,
    0,
    0,
    0,
    0,
    0,
    0,
    0,
    0,
    0,
    0,
    0,
    0,
    0,
    0,
    0,
    0,
    0,
    0,
    0,
    0,
    0,
    0,
    0,
    0,
    0,
    0,
    0,
    0,
    0,
    0,
    0,
    0,
    0,
    0,
    0,
    0,
    0,
    0,
    0,
    0,
    0,
    0,
    0,
    0,
    0,
    0,
    0,
    0,
    0,
    0,
    0,
    0,
    0,
    0,
    0,
    0,
    0,
    0,
    0
  ],
  "final_logical_error": 0.010547812452805838,
  "initial_logical_error": 0.2749999999999999,
  "error_reduction_ratio": 0.0383556816465667,
  "timestamp": "2025-09-09T15:32:30.604506"
}