{
  "M": 2,
  "N": 256,
  "physical_error_rate": 0.7,
  "noise_type": "depolarizing",
  "logical_error_evolution": [
    0.6825,
    0.6669735087474871,
    0.64744580810981,
    0.6227532302528744,
    0.591407364914515,
    0.5515974609294134,
    0.5013627815720163,
    0.43916167098212744,
    0.36512863701928766
  ],
  "fidelity_evolution": [
    0.5634713834792323,
    0.5770844749709637,
    0.5937627404024187,
    0.6142041759440631,
    0.639212511677834,
    0.6696286575935849,
    0.7061424915893276,
    0.7488914000159652,
    0.7967881543928174
  ],
  "purity_evolution": [
    0.25607500000000005,
    0.25919119766627147,
    0.26402314969899987,
    0.2715889872147707,
    0.28353549853781046,
    0.3024847566795409,
    0.3324272885168065,
    0.3788272890488308,
    0.4475012880568415
  ],
  "success_probabilities": [
    0.6280375,
    0.6280375,
    0.6280375,
    0.6280375,
    0.6280375,
    0.6280375,
    0.6280375,
    0.6280375,
    0.6280375,
    0.6280375,
    0.6280375,
    0.6280375,
    0.6280375,
    0.6280375,
    0.6280375,
    0.6280375,
    0.6280375,
    0.6280375,
    0.6280375,
    0.6280375,
    0.6280375,
    0.6280375,
    0.6280375,
    0.6280375,
    0.6280375,
    0.6280375,
    0.6280375,
    0.6280375,
    0.6280375,
    0.6280375,
    0.6280375,
    0.6280375,
    0.6280375,
    0.6280375,
    0.6280375,
    0.6280375,
    0.6280375,
    0.6280375,
    0.6280375,
    0.6280375,
    0.6280375,
    0.6280375,
    0.6280375,
    0.6280375,
    0.6280375,
    0.6280375,
    0.6280375,
    0.6280375,
    0.6280375,
    0.6280375,
    0.6280375,
    0.6280375,
    0.6280375,
    0.6280375,
    0.6280375,
    0.6280375,
    0.6280375,
    0.6280375,
    0.6280375,
    0.6280375,
    0.6280375,
    0.6280375,
    0.6280375,
    0.6280375,
    0.6280375,
    0.6280375,
    0.6280375,
    0.6280375,
    0.6280375,
    0.6280375,
    0.6280375,
    0.6280375,
    0.6280375,
    0.6280375,
    0.6280375,
    0.6280375,
    0.6280375,
    0.6280375,
    0.6280375,
    0.6280375,
    0.6280375,
    0.6280375,
    0.6280375,
    0.6280375,
    0.6280375,
    0.6280375,
    0.6280375,
    0.6280375,
    0.6280375,
    0.6280375,
    0.6280375,
    0.6280375,
    0.6280375,
    0.6280375,
    0.6280375,
    0.6280375,
    0.6280375,
    0.6280375,
    0.6280375,
    0.6280375,
    0.6280375,
    0.6280375,
    0.6280375,
    0.6280375,
    0.6280375,
    0.6280375,
    0.6280375,
    0.6280375,
    0.6280375,
    0.6280375,
    0.6280375,
    0.6280375,
    0.6280375,
    0.6280375,
    0.6280375,
    0.6280375,
    0.6280375,
    0.6280375,
    0.6280375,
    0.6280375,
    0.6280375,
    0.6280375,
    0.6280375,
    0.6280375,
    0.6280375,
    0.6280375,
    0.6280375,
    0.6280375,
    0.6295955988331358,
    0.6295955988331358,
    0.6295955988331358,
    0.6295955988331358,
    0.6295955988331358,
    0.6295955988331358,
    0.6295955988331358,
    0.6295955988331358,
    0.6295955988331358,
    0.6295955988331358,
    0.6295955988331358,
    0.6295955988331358,
    0.6295955988331358,
    0.6295955988331358,
    0.6295955988331358,
    0.6295955988331358,
    0.6295955988331358,
    0.6295955988331358,
    0.6295955988331358,
    0.6295955988331358,
    0.6295955988331358,
    0.6295955988331358,
    0.6295955988331358,
    0.6295955988331358,
    0.6295955988331358,
    0.6295955988331358,
    0.6295955988331358,
    0.6295955988331358,
    0.6295955988331358,
    0.6295955988331358,
    0.6295955988331358,
    0.6295955988331358,
    0.6295955988331358,
    0.6295955988331358,
    0.6295955988331358,
    0.6295955988331358,
    0.6295955988331358,
    0.6295955988331358,
    0.6295955988331358,
    0.6295955988331358,
    0.6295955988331358,
    0.6295955988331358,
    0.6295955988331358,
    0.6295955988331358,
    0.6295955988331358,
    0.6295955988331358,
    0.6295955988331358,
    0.6295955988331358,
    0.6295955988331358,
    0.6295955988331358,
    0.6295955988331358,
    0.6295955988331358,
    0.6295955988331358,
    0.6295955988331358,
    0.6295955988331358,
    0.6295955988331358,
    0.6295955988331358,
    0.6295955988331358,
    0.6295955988331358,
    0.6295955988331358,
    0.6295955988331358,
    0.6295955988331358,
    0.6295955988331358,
    0.6295955988331358,
    0.6320115748494999,
    0.6320115748494999,
    0.6320115748494999,
    0.6320115748494999,
    0.6320115748494999,
    0.6320115748494999,
    0.6320115748494999,
    0.6320115748494999,
    0.6320115748494999,
    0.6320115748494999,
    0.6320115748494999,
    0.6320115748494999,
    0.6320115748494999,
    0.6320115748494999,
    0.6320115748494999,
    0.6320115748494999,
    0.6320115748494999,
    0.6320115748494999,
    0.6320115748494999,
    0.6320115748494999,
    0.6320115748494999,
    0.6320115748494999,
    0.6320115748494999,
    0.6320115748494999,
    0.6320115748494999,
    0.6320115748494999,
    0.6320115748494999,
    0.6320115748494999,
    0.6320115748494999,
    0.6320115748494999,
    0.6320115748494999,
    0.6320115748494999,
    0.6357944936073854,
    0.6357944936073854,
    0.6357944936073854,
    0.6357944936073854,
    0.6357944936073854,
    0.6357944936073854,
    0.6357944936073854,
    0.6357944936073854,
    0.6357944936073854,
    0.6357944936073854,
    0.6357944936073854,
    0.6357944936073854,
    0.6357944936073854,
    0.6357944936073854,
    0.6357944936073854,
    0.6357944936073854,
    0.6417677492689052,
    0.6417677492689052,
    0.6417677492689052,
    0.6417677492689052,
    0.6417677492689052,
    0.6417677492689052,
    0.6417677492689052,
    0.6417677492689052,
    0.6512423783397705,
    0.6512423783397705,
    0.6512423783397705,
    0.6512423783397705,
    0.6662136442584032,
    0.6662136442584032,
    0.6894136445244154
  ],
  "amplification_iterations": [
    0,
    0,
    0,
    0,
    0,
    0,
    0,
    0,
    0,
    0,
    0,
    0,
    0,
    0,
    0,
    0,
    0,
    0,
    0,
    0,
    0,
    0,
    0,
    0,
    0,
    0,
    0,
    0,
    0,
    0,
    0,
    0,
    0,
    0,
    0,
    0,
    0,
    0,
    0,
    0,
    0,
    0,
    0,
    0,
    0,
    0,
    0,
    0,
    0,
    0,
    0,
    0,
    0,
    0,
    0,
    0,
    0,
    0,
    0,
    0,
    0,
    0,
    0,
    0,
    0,
    0,
    0,
    0,
    0,
    0,
    0,
    0,
    0,
    0,
    0,
    0,
    0,
    0,
    0,
    0,
    0,
    0,
    0,
    0,
    0,
    0,
    0,
    0,
    0,
    0,
    0,
    0,
    0,
    0,
    0,
    0,
    0,
    0,
    0,
    0,
    0,
    0,
    0,
    0,
    0,
    0,
    0,
    0,
    0,
    0,
    0,
    0,
    0,
    0,
    0,
    0,
    0,
    0,
    0,
    0,
    0,
    0,
    0,
    0,
    0,
    0,
    0,
    0,
    0,
    0,
    0,
    0,
    0,
    0,
    0,
    0,
    0,
    0,
    0,
    0,
    0,
    0,
    0,
    0,
    0,
    0,
    0,
    0,
    0,
    0,
    0,
    0,
    0,
    0,
    0,
    0,
    0,
    0,
    0,
    0,
    0,
    0,
    0,
    0,
    0,
    0,
    0,
    0,
    0,
    0,
    0,
    0,
    0,
    0,
    0,
    0,
    0,
    0,
    0,
    0,
    0,
    0,
    0,
    0,
    0,
    0,
    0,
    0,
    0,
    0,
    0,
    0,
    0,
    0,
    0,
    0,
    0,
    0,
    0,
    0,
    0,
    0,
    0,
    0,
    0,
    0,
    0,
    0,
    0,
    0,
    0,
    0,
    0,
    0,
    0,
    0,
    0,
    0,
    0,
    0,
    0,
    0,
    0,
    0,
    0,
    0,
    0,
    0,
    0,
    0,
    0,
    0,
    0,
    0,
    0,
    0,
    0,
    0,
    0,
    0,
    0,
    0,
    0,
    0,
    0,
    0,
    0,
    0,
    0,
    0,
    0,
    0,
    0,
    0,
    0
  ],
  "final_logical_error": 0.36512863701928766,
  "initial_logical_error": 0.6825,
  "error_reduction_ratio": 0.5349870139476742,
  "timestamp": "2025-09-09T16:11:10.623815"
}