{
  "M": 7,
  "N": 256,
  "physical_error_rate": 0.01,
  "noise_type": "depolarizing",
  "logical_error_evolution": [
    0.06740391262353342,
    0.03606841587786133,
    0.01870160650223542,
    0.00952870281748808,
    0.004810324931656786,
    0.002416851222628676,
    0.0012113727499834153,
    0.0006064263121148955,
    0.00030339853653201795
  ],
  "fidelity_evolution": [
    0.9657101466674494,
    0.9818001752506151,
    0.9906050643408627,
    0.9952242446717784,
    0.9975919381532427,
    0.9987908433587942,
    0.9993941300858318,
    0.9996967408608898,
    0.9998482892236541
  ],
  "purity_evolution": [
    0.869771236106721,
    0.9291743424164348,
    0.9629492910189774,
    0.9810341054729391,
    0.9904026715612635,
    0.995172184718039,
    0.997578733478491,
    0.9987875180243346,
    0.9993932957024153
  ],
  "success_probabilities": [
    0.9348856180533605,
    0.9348856180533605,
    0.9348856180533605,
    0.9348856180533605,
    0.9348856180533605,
    0.9348856180533605,
    0.9348856180533605,
    0.9348856180533605,
    0.9348856180533605,
    0.9348856180533605,
    0.9348856180533605,
    0.9348856180533605,
    0.9348856180533605,
    0.9348856180533605,
    0.9348856180533605,
    0.9348856180533605,
    0.9348856180533605,
    0.9348856180533605,
    0.9348856180533605,
    0.9348856180533605,
    0.9348856180533605,
    0.9348856180533605,
    0.9348856180533605,
    0.9348856180533605,
    0.9348856180533605,
    0.9348856180533605,
    0.9348856180533605,
    0.9348856180533605,
    0.9348856180533605,
    0.9348856180533605,
    0.9348856180533605,
    0.9348856180533605,
    0.9348856180533605,
    0.9348856180533605,
    0.9348856180533605,
    0.9348856180533605,
    0.9348856180533605,
    0.9348856180533605,
    0.9348856180533605,
    0.9348856180533605,
    0.9348856180533605,
    0.9348856180533605,
    0.9348856180533605,
    0.9348856180533605,
    0.9348856180533605,
    0.9348856180533605,
    0.9348856180533605,
    0.9348856180533605,
    0.9348856180533605,
    0.9348856180533605,
    0.9348856180533605,
    0.9348856180533605,
    0.9348856180533605,
    0.9348856180533605,
    0.9348856180533605,
    0.9348856180533605,
    0.9348856180533605,
    0.9348856180533605,
    0.9348856180533605,
    0.9348856180533605,
    0.9348856180533605,
    0.9348856180533605,
    0.9348856180533605,
    0.9348856180533605,
    0.9348856180533605,
    0.9348856180533605,
    0.9348856180533605,
    0.9348856180533605,
    0.9348856180533605,
    0.9348856180533605,
    0.9348856180533605,
    0.9348856180533605,
    0.9348856180533605,
    0.9348856180533605,
    0.9348856180533605,
    0.9348856180533605,
    0.9348856180533605,
    0.9348856180533605,
    0.9348856180533605,
    0.9348856180533605,
    0.9348856180533605,
    0.9348856180533605,
    0.9348856180533605,
    0.9348856180533605,
    0.9348856180533605,
    0.9348856180533605,
    0.9348856180533605,
    0.9348856180533605,
    0.9348856180533605,
    0.9348856180533605,
    0.9348856180533605,
    0.9348856180533605,
    0.9348856180533605,
    0.9348856180533605,
    0.9348856180533605,
    0.9348856180533605,
    0.9348856180533605,
    0.9348856180533605,
    0.9348856180533605,
    0.9348856180533605,
    0.9348856180533605,
    0.9348856180533605,
    0.9348856180533605,
    0.9348856180533605,
    0.9348856180533605,
    0.9348856180533605,
    0.9348856180533605,
    0.9348856180533605,
    0.9348856180533605,
    0.9348856180533605,
    0.9348856180533605,
    0.9348856180533605,
    0.9348856180533605,
    0.9348856180533605,
    0.9348856180533605,
    0.9348856180533605,
    0.9348856180533605,
    0.9348856180533605,
    0.9348856180533605,
    0.9348856180533605,
    0.9348856180533605,
    0.9348856180533605,
    0.9348856180533605,
    0.9348856180533605,
    0.9348856180533605,
    0.9348856180533605,
    0.9348856180533605,
    0.9348856180533605,
    0.9645871712082175,
    0.9645871712082175,
    0.9645871712082175,
    0.9645871712082175,
    0.9645871712082175,
    0.9645871712082175,
    0.9645871712082175,
    0.9645871712082175,
    0.9645871712082175,
    0.9645871712082175,
    0.9645871712082175,
    0.9645871712082175,
    0.9645871712082175,
    0.9645871712082175,
    0.9645871712082175,
    0.9645871712082175,
    0.9645871712082175,
    0.9645871712082175,
    0.9645871712082175,
    0.9645871712082175,
    0.9645871712082175,
    0.9645871712082175,
    0.9645871712082175,
    0.9645871712082175,
    0.9645871712082175,
    0.9645871712082175,
    0.9645871712082175,
    0.9645871712082175,
    0.9645871712082175,
    0.9645871712082175,
    0.9645871712082175,
    0.9645871712082175,
    0.9645871712082175,
    0.9645871712082175,
    0.9645871712082175,
    0.9645871712082175,
    0.9645871712082175,
    0.9645871712082175,
    0.9645871712082175,
    0.9645871712082175,
    0.9645871712082175,
    0.9645871712082175,
    0.9645871712082175,
    0.9645871712082175,
    0.9645871712082175,
    0.9645871712082175,
    0.9645871712082175,
    0.9645871712082175,
    0.9645871712082175,
    0.9645871712082175,
    0.9645871712082175,
    0.9645871712082175,
    0.9645871712082175,
    0.9645871712082175,
    0.9645871712082175,
    0.9645871712082175,
    0.9645871712082175,
    0.9645871712082175,
    0.9645871712082175,
    0.9645871712082175,
    0.9645871712082175,
    0.9645871712082175,
    0.9645871712082175,
    0.9645871712082175,
    0.9814746455094887,
    0.9814746455094887,
    0.9814746455094887,
    0.9814746455094887,
    0.9814746455094887,
    0.9814746455094887,
    0.9814746455094887,
    0.9814746455094887,
    0.9814746455094887,
    0.9814746455094887,
    0.9814746455094887,
    0.9814746455094887,
    0.9814746455094887,
    0.9814746455094887,
    0.9814746455094887,
    0.9814746455094887,
    0.9814746455094887,
    0.9814746455094887,
    0.9814746455094887,
    0.9814746455094887,
    0.9814746455094887,
    0.9814746455094887,
    0.9814746455094887,
    0.9814746455094887,
    0.9814746455094887,
    0.9814746455094887,
    0.9814746455094887,
    0.9814746455094887,
    0.9814746455094887,
    0.9814746455094887,
    0.9814746455094887,
    0.9814746455094887,
    0.9905170527364695,
    0.9905170527364695,
    0.9905170527364695,
    0.9905170527364695,
    0.9905170527364695,
    0.9905170527364695,
    0.9905170527364695,
    0.9905170527364695,
    0.9905170527364695,
    0.9905170527364695,
    0.9905170527364695,
    0.9905170527364695,
    0.9905170527364695,
    0.9905170527364695,
    0.9905170527364695,
    0.9905170527364695,
    0.9952013357806317,
    0.9952013357806317,
    0.9952013357806317,
    0.9952013357806317,
    0.9952013357806317,
    0.9952013357806317,
    0.9952013357806317,
    0.9952013357806317,
    0.9975860923590195,
    0.9975860923590195,
    0.9975860923590195,
    0.9975860923590195,
    0.9987893667392456,
    0.9987893667392456,
    0.9993937590121673
  ],