{
  "M": 4,
  "N": 8,
  "physical_error_rate": 0.01,
  "noise_type": "depolarizing",
  "logical_error_evolution": [
    0.036941240625000045,
    0.019211835163063108,
    0.009804656121387603,
    0.004953849241101017
  ],
  "fidelity_evolution": [
    0.9813555723462317,
    0.9903474970114969,
    0.9950855962572327,
    0.9975200001798956
  ],
  "purity_evolution": [
    0.9275731510261751,
    0.9619700305915619,
    0.9804932277909941,
    0.9901184781815885
  ],
  "success_probabilities": [
    0.9637865755130876,
    0.9637865755130876,
    0.9637865755130876,
    0.9637865755130876,
    0.980985015295781,
    0.980985015295781,
    0.9902466138954971
  ],
  "amplification_iterations": [
    0,
    0,
    0,
    0,
    0,
    0,
    0
  ],
  "final_logical_error": 0.004953849241101017,
  "initial_logical_error": 0.036941240625000045,
  "error_reduction_ratio": 0.13410078160040168,
  "timestamp": "2025-09-09T16:28:52.114834"
}