{
  "M": 7,
  "N": 128,
  "physical_error_rate": 0.8,
  "noise_type": "depolarizing",
  "logical_error_evolution": [
    0.9921747999999995,
    0.9921747013916099,
    0.9921746020163396,
    0.9921745018682029,
    0.9921744009411724,
    0.9921742992291674,
    0.9921741967260653,
    0.992174093425691
  ],
  "fidelity_evolution": [
    0.08846016052438542,
    0.08846071788308023,
    0.08846127957282271,
    0.08846184562734964,
    0.08846241608066188,
    0.08846299096702645,
    0.08846357032097861,
    0.088464154177324
  ],
  "purity_evolution": [
    0.00781250016256,
    0.007812500165094178,
    0.007812500167667892,
    0.007812500170281757,
    0.007812500172936413,
    0.007812500175632486,
    0.007812500178370629,
    0.007812500181151488
  ],
  "success_probabilities": [
    0.50390625008128,
    0.50390625008128,
    0.50390625008128,
    0.50390625008128,
    0.50390625008128,
    0.50390625008128,
    0.50390625008128,
    0.50390625008128,
    0.50390625008128,
    0.50390625008128,
    0.50390625008128,
    0.50390625008128,
    0.50390625008128,
    0.50390625008128,
    0.50390625008128,
    0.50390625008128,
    0.50390625008128,
    0.50390625008128,
    0.50390625008128,
    0.50390625008128,
    0.50390625008128,
    0.50390625008128,
    0.50390625008128,
    0.50390625008128,
    0.50390625008128,
    0.50390625008128,
    0.50390625008128,
    0.50390625008128,
    0.50390625008128,
    0.50390625008128,
    0.50390625008128,
    0.50390625008128,
    0.50390625008128,
    0.50390625008128,
    0.50390625008128,
    0.50390625008128,
    0.50390625008128,
    0.50390625008128,
    0.50390625008128,
    0.50390625008128,
    0.50390625008128,
    0.50390625008128,
    0.50390625008128,
    0.50390625008128,
    0.50390625008128,
    0.50390625008128,
    0.50390625008128,
    0.50390625008128,
    0.50390625008128,
    0.50390625008128,
    0.50390625008128,
    0.50390625008128,
    0.50390625008128,
    0.50390625008128,
    0.50390625008128,
    0.50390625008128,
    0.50390625008128,
    0.50390625008128,
    0.50390625008128,
    0.50390625008128,
    0.50390625008128,
    0.50390625008128,
    0.50390625008128,
    0.50390625008128,
    0.5039062500825471,
    0.5039062500825471,
    0.5039062500825471,
    0.5039062500825471,
    0.5039062500825471,
    0.5039062500825471,
    0.5039062500825471,
    0.5039062500825471,
    0.5039062500825471,
    0.5039062500825471,
    0.5039062500825471,
    0.5039062500825471,
    0.5039062500825471,
    0.5039062500825471,
    0.5039062500825471,
    0.5039062500825471,
    0.5039062500825471,
    0.5039062500825471,
    0.5039062500825471,
    0.5039062500825471,
    0.5039062500825471,
    0.5039062500825471,
    0.5039062500825471,
    0.5039062500825471,
    0.5039062500825471,
    0.5039062500825471,
    0.5039062500825471,
    0.5039062500825471,
    0.5039062500825471,
    0.5039062500825471,
    0.5039062500825471,
    0.5039062500825471,
    0.5039062500838339,
    0.5039062500838339,
    0.5039062500838339,
    0.5039062500838339,
    0.5039062500838339,
    0.5039062500838339,
    0.5039062500838339,
    0.5039062500838339,
    0.5039062500838339,
    0.5039062500838339,
    0.5039062500838339,
    0.5039062500838339,
    0.5039062500838339,
    0.5039062500838339,
    0.5039062500838339,
    0.5039062500838339,
    0.5039062500851409,
    0.5039062500851409,
    0.5039062500851409,
    0.5039062500851409,
    0.5039062500851409,
    0.5039062500851409,
    0.5039062500851409,
    0.5039062500851409,
    0.5039062500864682,
    0.5039062500864682,
    0.5039062500864682,
    0.5039062500864682,
    0.5039062500878162,
    0.5039062500878162,
    0.5039062500891853
  ],
  "amplification_iterations": [
    0,
    0,
    0,
    0,
    0,
    0,
    0,
    0,
    0,
    0,
    0,
    0,
    0,
    0,
    0,
    0,
    0,
    0,
    0,
    0,
    0,
    0,
    0,
    0,
    0,
    0,
    0,
    0,
    0,
    0,
    0,
    0,
    0,
    0,
    0,
    0,
    0,
    0,
    0,
    0,
    0,
    0,
    0,
    0,
    0,
    0,
    0,
    0,
    0,
    0,
    0,
    0,
    0,
    0,
    0,
    0,
    0,
    0,
    0,
    0,
    0,
    0,
    0,
    0,
    0,
    0,
    0,
    0,
    0,
    0,
    0,
    0,
    0,
    0,
    0,
    0,
    0,
    0,
    0,
    0,
    0,
    0,
    0,
    0,
    0,
    0,
    0,
    0,
    0,
    0,
    0,
    0,
    0,
    0,
    0,
    0,
    0,
    0,
    0,
    0,
    0,
    0,
    0,
    0,
    0,
    0,
    0,
    0,
    0,
    0,
    0,
    0,
    0,
    0,
    0,
    0,
    0,
    0,
    0,
    0,
    0,
    0,
    0,
    0,
    0,
    0,
    0
  ],
  "final_logical_error": 0.992174093425691,
  "initial_logical_error": 0.9921747999999995,
  "error_reduction_ratio": 0.9999992878529987,
  "timestamp": "2025-09-09T16:29:07.216776"
}