{
  "M": 1,
  "N": 8,
  "physical_error_rate": 0.5,
  "noise_type": "depolarizing",
  "logical_error_evolution": [
    0.25,
    0.1923076923076923,
    0.13572679509632224,
    0.08731700282927327
  ],
  "fidelity_evolution": [
    0.8660254037844386,
    0.8987170342729172,
    0.9296629523131906,
    0.9553444390222443
  ],
  "purity_evolution": [
    0.625,
    0.6893491124260356,
    0.7653899356215936,
    0.8406145123076281
  ],
  "success_probabilities": [
    0.8125,
    0.8125,
    0.8125,
    0.8125,
    0.8446745562130178,
    0.8446745562130178,
    0.8826949678107968
  ],
  "amplification_iterations": [
    0,
    0,
    0,
    0,
    0,
    0,
    0
  ],
  "final_logical_error": 0.08731700282927327,
  "initial_logical_error": 0.25,
  "error_reduction_ratio": 0.34926801131709306,
  "timestamp": "2025-09-09T16:26:19.110348"
}