{
  "M": 5,
  "N": 256,
  "physical_error_rate": 0.8,
  "noise_type": "depolarizing",
  "logical_error_evolution": [
    0.96844,
    0.9684305159095203,
    0.9684207388228427,
    0.9684106595117714,
    0.9684002684464883,
    0.968389555785015,
    0.968378511362265,
    0.9683671246786687,
    0.9683553848883498
  ],
  "fidelity_evolution": [
    0.1776513439296196,
    0.1776780349128155,
    0.17770554627573493,
    0.177733903598128,
    0.17776313327996807,
    0.17779326256915648,
    0.1778243195902489,
    0.17785633337424714,
    0.1778893338895003
  ],
  "purity_evolution": [
    0.031250099200000006,
    0.03125010536266743,
    0.03125011191011384,
    0.031250118866546536,
    0.03125012625771305,
    0.031250134111000895,
    0.03125014245554371,
    0.031250151322334635,
    0.03125016074434719
  ],
  "success_probabilities": [
    0.5156250496,
    0.5156250496,
    0.5156250496,
    0.5156250496,
    0.5156250496,
    0.5156250496,
    0.5156250496,
    0.5156250496,
    0.5156250496,
    0.5156250496,
    0.5156250496,
    0.5156250496,
    0.5156250496,
    0.5156250496,
    0.5156250496,
    0.5156250496,
    0.5156250496,
    0.5156250496,
    0.5156250496,
    0.5156250496,
    0.5156250496,
    0.5156250496,
    0.5156250496,
    0.5156250496,
    0.5156250496,
    0.5156250496,
    0.5156250496,
    0.5156250496,
    0.5156250496,
    0.5156250496,
    0.5156250496,
    0.5156250496,
    0.5156250496,
    0.5156250496,
    0.5156250496,
    0.5156250496,
    0.5156250496,
    0.5156250496,
    0.5156250496,
    0.5156250496,
    0.5156250496,
    0.5156250496,
    0.5156250496,
    0.5156250496,
    0.5156250496,
    0.5156250496,
    0.5156250496,
    0.5156250496,
    0.5156250496,
    0.5156250496,
    0.5156250496,
    0.5156250496,
    0.5156250496,
    0.5156250496,
    0.5156250496,
    0.5156250496,
    0.5156250496,
    0.5156250496,
    0.5156250496,
    0.5156250496,
    0.5156250496,
    0.5156250496,
    0.5156250496,
    0.5156250496,
    0.5156250496,
    0.5156250496,
    0.5156250496,
    0.5156250496,
    0.5156250496,
    0.5156250496,
    0.5156250496,
    0.5156250496,
    0.5156250496,
    0.5156250496,
    0.5156250496,
    0.5156250496,
    0.5156250496,
    0.5156250496,
    0.5156250496,
    0.5156250496,
    0.5156250496,
    0.5156250496,
    0.5156250496,
    0.5156250496,
    0.5156250496,
    0.5156250496,
    0.5156250496,
    0.5156250496,
    0.5156250496,
    0.5156250496,
    0.5156250496,
    0.5156250496,
    0.5156250496,
    0.5156250496,
    0.5156250496,
    0.5156250496,
    0.5156250496,
    0.5156250496,
    0.5156250496,
    0.5156250496,
    0.5156250496,
    0.5156250496,
    0.5156250496,
    0.5156250496,
    0.5156250496,
    0.5156250496,
    0.5156250496,
    0.5156250496,
    0.5156250496,
    0.5156250496,
    0.5156250496,
    0.5156250496,
    0.5156250496,
    0.5156250496,
    0.5156250496,
    0.5156250496,
    0.5156250496,
    0.5156250496,
    0.5156250496,
    0.5156250496,
    0.5156250496,
    0.5156250496,
    0.5156250496,
    0.5156250496,
    0.5156250496,
    0.5156250496,
    0.5156250496,
    0.5156250496,
    0.5156250526813337,
    0.5156250526813337,
    0.5156250526813337,
    0.5156250526813337,
    0.5156250526813337,
    0.5156250526813337,
    0.5156250526813337,
    0.5156250526813337,
    0.5156250526813337,
    0.5156250526813337,
    0.5156250526813337,
    0.5156250526813337,
    0.5156250526813337,
    0.5156250526813337,
    0.5156250526813337,
    0.5156250526813337,
    0.5156250526813337,
    0.5156250526813337,
    0.5156250526813337,
    0.5156250526813337,
    0.5156250526813337,
    0.5156250526813337,
    0.5156250526813337,
    0.5156250526813337,
    0.5156250526813337,
    0.5156250526813337,
    0.5156250526813337,
    0.5156250526813337,
    0.5156250526813337,
    0.5156250526813337,
    0.5156250526813337,
    0.5156250526813337,
    0.5156250526813337,
    0.5156250526813337,
    0.5156250526813337,
    0.5156250526813337,
    0.5156250526813337,
    0.5156250526813337,
    0.5156250526813337,
    0.5156250526813337,
    0.5156250526813337,
    0.5156250526813337,
    0.5156250526813337,
    0.5156250526813337,
    0.5156250526813337,
    0.5156250526813337,
    0.5156250526813337,
    0.5156250526813337,
    0.5156250526813337,
    0.5156250526813337,
    0.5156250526813337,
    0.5156250526813337,
    0.5156250526813337,
    0.5156250526813337,
    0.5156250526813337,
    0.5156250526813337,
    0.5156250526813337,
    0.5156250526813337,
    0.5156250526813337,
    0.5156250526813337,
    0.5156250526813337,
    0.5156250526813337,
    0.5156250526813337,
    0.5156250526813337,
    0.5156250559550569,
    0.5156250559550569,
    0.5156250559550569,
    0.5156250559550569,
    0.5156250559550569,
    0.5156250559550569,
    0.5156250559550569,
    0.5156250559550569,
    0.5156250559550569,
    0.5156250559550569,
    0.5156250559550569,
    0.5156250559550569,
    0.5156250559550569,
    0.5156250559550569,
    0.5156250559550569,
    0.5156250559550569,
    0.5156250559550569,
    0.5156250559550569,
    0.5156250559550569,
    0.5156250559550569,
    0.5156250559550569,
    0.5156250559550569,
    0.5156250559550569,
    0.5156250559550569,
    0.5156250559550569,
    0.5156250559550569,
    0.5156250559550569,
    0.5156250559550569,
    0.5156250559550569,
    0.5156250559550569,
    0.5156250559550569,
    0.5156250559550569,
    0.5156250594332733,
    0.5156250594332733,
    0.5156250594332733,
    0.5156250594332733,
    0.5156250594332733,
    0.5156250594332733,
    0.5156250594332733,
    0.5156250594332733,
    0.5156250594332733,
    0.5156250594332733,
    0.5156250594332733,
    0.5156250594332733,
    0.5156250594332733,
    0.5156250594332733,
    0.5156250594332733,
    0.5156250594332733,
    0.5156250631288565,
    0.5156250631288565,
    0.5156250631288565,
    0.5156250631288565,
    0.5156250631288565,
    0.5156250631288565,
    0.5156250631288565,
    0.5156250631288565,
    0.5156250670555005,
    0.5156250670555005,
    0.5156250670555005,
    0.5156250670555005,
    0.5156250712277719,
    0.5156250712277719,
    0.5156250756611673
  ],