{
  "M": 1,
  "N": 16,
  "physical_error_rate": 0.95,
  "noise_type": "depolarizing",
  "logical_error_evolution": [
    0.475,
    0.4666944213155704,
    0.45565814404318994,
    0.4410321156115472,
    0.42173899422952854
  ],
  "fidelity_evolution": [
    0.724568837309472,
    0.730277740783895,
    0.7377952669655791,
    0.747641548061939,
    0.7604347478715524
  ],
  "purity_evolution": [
    0.50125,
    0.5022185231430094,
    0.5039324003793889,
    0.5069544227784999,
    0.5122495700484115
  ],
  "success_probabilities": [
    0.750625,
    0.750625,
    0.750625,
    0.750625,
    0.750625,
    0.750625,
    0.750625,
    0.750625,
    0.7511092615715047,
    0.7511092615715047,
    0.7511092615715047,
    0.7511092615715047,
    0.7519662001896945,
    0.7519662001896945,
    0.75347721138925
  ],
  "amplification_iterations": [
    0,
    0,
    0,
    0,
    0,
    0,
    0,
    0,
    0,
    0,
    0,
    0,
    0,
    0,
    0
  ],
  "final_logical_error": 0.42173899422952854,
  "initial_logical_error": 0.475,
  "error_reduction_ratio": 0.8878715667990075,
  "timestamp": "2025-09-09T16:11:08.793114"
}