{
  "M": 10,
  "N": 128,
  "physical_error_rate": 0.5,
  "noise_type": "depolarizing",
  "logical_error_evolution": [
    0.9980478286743164,
    0.9980459278367569,
    0.9980440214448595,
    0.9980421094751702,
    0.9980401919041066,
    0.9980382687079483,
    0.9980363398628471,
    0.9980344053448157
  ],
  "fidelity_evolution": [
    0.04418338291352976,
    0.04420488845413972,
    0.044226446331812476,
    0.04424805673506413,
    0.04426971985334626,
    0.04429143587705187,
    0.044313204997521415,
    0.04433502740704877
  ],
  "purity_evolution": [
    0.0009775152429938316,
    0.0009775189591839052,
    0.0009775226934980305,
    0.000977526446045876,
    0.0009775302169379163,
    0.0009775340062854383,
    0.0009775378142005456,
    0.0009775416407961713
  ],
  "success_probabilities": [
    0.5004887576214969,
    0.5004887576214969,
    0.5004887576214969,
    0.5004887576214969,
    0.5004887576214969,
    0.5004887576214969,
    0.5004887576214969,
    0.5004887576214969,
    0.5004887576214969,
    0.5004887576214969,
    0.5004887576214969,
    0.5004887576214969,
    0.5004887576214969,
    0.5004887576214969,
    0.5004887576214969,
    0.5004887576214969,
    0.5004887576214969,
    0.5004887576214969,
    0.5004887576214969,
    0.5004887576214969,
    0.5004887576214969,
    0.5004887576214969,
    0.5004887576214969,
    0.5004887576214969,
    0.5004887576214969,
    0.5004887576214969,
    0.5004887576214969,
    0.5004887576214969,
    0.5004887576214969,
    0.5004887576214969,
    0.5004887576214969,
    0.5004887576214969,
    0.5004887576214969,
    0.5004887576214969,
    0.5004887576214969,
    0.5004887576214969,
    0.5004887576214969,
    0.5004887576214969,
    0.5004887576214969,
    0.5004887576214969,
    0.5004887576214969,
    0.5004887576214969,
    0.5004887576214969,
    0.5004887576214969,
    0.5004887576214969,
    0.5004887576214969,
    0.5004887576214969,
    0.5004887576214969,
    0.5004887576214969,
    0.5004887576214969,
    0.5004887576214969,
    0.5004887576214969,
    0.5004887576214969,
    0.5004887576214969,
    0.5004887576214969,
    0.5004887576214969,
    0.5004887576214969,
    0.5004887576214969,
    0.5004887576214969,
    0.5004887576214969,
    0.5004887576214969,
    0.5004887576214969,
    0.5004887576214969,
    0.5004887576214969,
    0.5004887594795919,
    0.5004887594795919,
    0.5004887594795919,
    0.5004887594795919,
    0.5004887594795919,
    0.5004887594795919,
    0.5004887594795919,
    0.5004887594795919,
    0.5004887594795919,
    0.5004887594795919,
    0.5004887594795919,
    0.5004887594795919,
    0.5004887594795919,
    0.5004887594795919,
    0.5004887594795919,
    0.5004887594795919,
    0.5004887594795919,
    0.5004887594795919,
    0.5004887594795919,
    0.5004887594795919,
    0.5004887594795919,
    0.5004887594795919,
    0.5004887594795919,
    0.5004887594795919,
    0.5004887594795919,
    0.5004887594795919,
    0.5004887594795919,
    0.5004887594795919,
    0.5004887594795919,
    0.5004887594795919,
    0.5004887594795919,
    0.5004887594795919,
    0.500488761346749,
    0.500488761346749,
    0.500488761346749,
    0.500488761346749,
    0.500488761346749,
    0.500488761346749,
    0.500488761346749,
    0.500488761346749,
    0.500488761346749,
    0.500488761346749,
    0.500488761346749,
    0.500488761346749,
    0.500488761346749,
    0.500488761346749,
    0.500488761346749,
    0.500488761346749,
    0.5004887632230229,
    0.5004887632230229,
    0.5004887632230229,
    0.5004887632230229,
    0.5004887632230229,
    0.5004887632230229,
    0.5004887632230229,
    0.5004887632230229,
    0.500488765108469,
    0.500488765108469,
    0.500488765108469,
    0.500488765108469,
    0.5004887670031427,
    0.5004887670031427,
    0.5004887689071003
  ],
  "amplification_iterations": [
    0,
    0,
    0,
    0,
    0,
    0,
    0,
    0,
    0,
    0,
    0,
    0,
    0,
    0,
    0,
    0,
    0,
    0,
    0,
    0,
    0,
    0,
    0,
    0,
    0,
    0,
    0,
    0,
    0,
    0,
    0,
    0,
    0,
    0,
    0,
    0,
    0,
    0,
    0,
    0,
    0,
    0,
    0,
    0,
    0,
    0,
    0,
    0,
    0,
    0,
    0,
    0,
    0,
    0,
    0,
    0,
    0,
    0,
    0,
    0,
    0,
    0,
    0,
    0,
    0,
    0,
    0,
    0,
    0,
    0,
    0,
    0,
    0,
    0,
    0,
    0,
    0,
    0,
    0,
    0,
    0,
    0,
    0,
    0,
    0,
    0,
    0,
    0,
    0,
    0,
    0,
    0,
    0,
    0,
    0,
    0,
    0,
    0,
    0,
    0,
    0,
    0,
    0,
    0,
    0,
    0,
    0,
    0,
    0,
    0,
    0,
    0,
    0,
    0,
    0,
    0,
    0,
    0,
    0,
    0,
    0,
    0,
    0,
    0,
    0,
    0,
    0
  ],
  "final_logical_error": 0.9980344053448157,
  "initial_logical_error": 0.9980478286743164,
  "error_reduction_ratio": 0.9999865504146044,
  "timestamp": "2025-09-09T17:02:56.921557"
}