{
  "M": 4,
  "N": 16,
  "physical_error_rate": 0.8,
  "noise_type": "depolarizing",
  "logical_error_evolution": [
    0.9359999999999999,
    0.9359097918272936,
    0.935814033106301,
    0.9357123667569448,
    0.9356044107977152
  ],
  "fidelity_evolution": [
    0.25298221281347044,
    0.2531604395886259,
    0.2533494955465653,
    0.2535500606252249,
    0.25376286017123306
  ],
  "purity_evolution": [
    0.0625024,
    0.06250269734616803,
    0.06250303198332442,
    0.06250340867478577,
    0.06250383280898539
  ],
  "success_probabilities": [
    0.5312512,
    0.5312512,
    0.5312512,
    0.5312512,
    0.5312512,
    0.5312512,
    0.5312512,
    0.5312512,
    0.531251348673084,
    0.531251348673084,
    0.531251348673084,
    0.531251348673084,
    0.5312515159916622,
    0.5312515159916622,
    0.5312517043373929
  ],
  "amplification_iterations": [
    0,
    0,
    0,
    0,
    0,
    0,
    0,
    0,
    0,
    0,
    0,
    0,
    0,
    0,
    0
  ],
  "final_logical_error": 0.9356044107977152,
  "initial_logical_error": 0.9359999999999999,
  "error_reduction_ratio": 0.999577361963371,
  "timestamp": "2025-09-09T16:28:52.137634"
}