{
  "M": 1,
  "N": 64,
  "physical_error_rate": 0.44999999999999996,
  "noise_type": "depolarizing",
  "logical_error_evolution": [
    0.22499999999999998,
    0.16691900075700225,
    0.1131207085820288,
    0.06997911537982118,
    0.04004425793269326,
    0.021656387281814835,
    0.01130215637014912
  ],
  "fidelity_evolution": [
    0.8803408430829505,
    0.91273270963793,
    0.9417426885396941,
    0.9643759042096494,
    0.9797733115712566,
    0.989112537944083,
    0.9943328635974228
  ],
  "purity_evolution": [
    0.6512500000000001,
    0.7218859041134277,
    0.7993511722561432,
    0.8698359224190424,
    0.9231185693213735,
    0.9576252236565701,
    0.9776511647369324
  ],
  "success_probabilities": [
    0.825625,
    0.825625,
    0.825625,
    0.825625,
    0.825625,
    0.825625,
    0.825625,
    0.825625,
    0.825625,
    0.825625,
    0.825625,
    0.825625,
    0.825625,
    0.825625,
    0.825625,
    0.825625,
    0.825625,
    0.825625,
    0.825625,
    0.825625,
    0.825625,
    0.825625,
    0.825625,
    0.825625,
    0.825625,
    0.825625,
    0.825625,
    0.825625,
    0.825625,
    0.825625,
    0.825625,
    0.825625,
    0.8609429520567138,
    0.8609429520567138,
    0.8609429520567138,
    0.8609429520567138,
    0.8609429520567138,
    0.8609429520567138,
    0.8609429520567138,
    0.8609429520567138,
    0.8609429520567138,
    0.8609429520567138,
    0.8609429520567138,
    0.8609429520567138,
    0.8609429520567138,
    0.8609429520567138,
    0.8609429520567138,
    0.8609429520567138,
    0.8996755861280716,
    0.8996755861280716,
    0.8996755861280716,
    0.8996755861280716,
    0.8996755861280716,
    0.8996755861280716,
    0.8996755861280716,
    0.8996755861280716,
    0.9349179612095212,
    0.9349179612095212,
    0.9349179612095212,
    0.9349179612095212,
    0.9615592846606867,
    0.9615592846606867,
    0.978812611828285
  ],
  "amplification_iterations": [
    0,
    0,
    0,
    0,
    0,
    0,
    0,
    0,
    0,
    0,
    0,
    0,
    0,
    0,
    0,
    0,
    0,
    0,
    0,
    0,
    0,
    0,
    0,
    0,
    0,
    0,
    0,
    0,
    0,
    0,
    0,
    0,
    0,
    0,
    0,
    0,
    0,
    0,
    0,
    0,
    0,
    0,
    0,
    0,
    0,
    0,
    0,
    0,
    0,
    0,
    0,
    0,
    0,
    0,
    0,
    0,
    0,
    0,
    0,
    0,
    0,
    0,
    0
  ],
  "final_logical_error": 0.01130215637014912,
  "initial_logical_error": 0.22499999999999998,
  "error_reduction_ratio": 0.05023180608955165,
  "timestamp": "2025-09-09T15:32:30.400078"
}