{
  "M": 3,
  "N": 16,
  "physical_error_rate": 0.99,
  "noise_type": "depolarizing",
  "logical_error_evolution": [
    0.874999125,
    0.8749990277771944,
    0.8749989197517181,
    0.8749987997232421,
    0.8749986663580602
  ],
  "fidelity_evolution": [
    0.3535546280279753,
    0.3535547655212775,
    0.3535549182917441,
    0.3535550880368685,
    0.3535552766427616
  ],
  "purity_evolution": [
    0.125000000000875,
    0.12500000000108025,
    0.1250000000013336,
    0.12500000000164643,
    0.12500000000203265
  ],
  "success_probabilities": [
    0.5625000000004375,
    0.5625000000004375,
    0.5625000000004375,
    0.5625000000004375,
    0.5625000000004375,
    0.5625000000004375,
    0.5625000000004375,
    0.5625000000004375,
    0.5625000000005401,
    0.5625000000005401,
    0.5625000000005401,
    0.5625000000005401,
    0.5625000000006668,
    0.5625000000006668,
    0.5625000000008232
  ],
  "amplification_iterations": [
    0,
    0,
    0,
    0,
    0,
    0,
    0,
    0,
    0,
    0,
    0,
    0,
    0,
    0,
    0
  ],
  "final_logical_error": 0.8749986663580602,
  "initial_logical_error": 0.874999125,
  "error_reduction_ratio": 0.999999475837259,
  "timestamp": "2025-09-09T16:26:22.516385"
}