{
  "M": 1,
  "N": 8,
  "physical_error_rate": 0.8,
  "noise_type": "depolarizing",
  "logical_error_evolution": [
    0.4,
    0.368421052631579,
    0.3285198555956679,
    0.27998595388191233
  ],
  "fidelity_evolution": [
    0.7745966692414834,
    0.7947194142390263,
    0.8194389204842129,
    0.8485364141379483
  ],
  "purity_evolution": [
    0.52,
    0.5346260387811634,
    0.5588108798498612,
    0.5968123609785041
  ],
  "success_probabilities": [
    0.76,
    0.76,
    0.76,
    0.76,
    0.7673130193905817,
    0.7673130193905817,
    0.7794054399249306
  ],
  "amplification_iterations": [
    0,
    0,
    0,
    0,
    0,
    0,
    0
  ],
  "final_logical_error": 0.27998595388191233,
  "initial_logical_error": 0.4,
  "error_reduction_ratio": 0.6999648847047808,
  "timestamp": "2025-09-09T16:26:17.427388"
}