{
  "M": 2,
  "N": 256,
  "physical_error_rate": 0.1,
  "noise_type": "depolarizing",
  "logical_error_evolution": [
    0.14249999999999996,
    0.085684456754158,
    0.04793884048160976,
    0.02553755741038894,
    0.013209057229550836,
    0.006721612793944267,
    0.0033910274456028324,
    0.0017031927506014832,
    0.000853531931635826
  ],
  "fidelity_evolution": [
    0.9260129588726067,
    0.9561984852769022,
    0.9757362141062462,
    0.9871486426013112,
    0.9933735162417253,
    0.9966335270329089,
    0.9983030464515258,
    0.9991480407073812,
    0.9995731429307033
  ],
  "purity_evolution": [
    0.7420749999999999,
    0.8384201879973576,
    0.9071864956057422,
    0.9497944409638741,
    0.9738145244647566,
    0.986617014516847,
    0.99323327719831,
    0.9965974823195246,
    0.998293907492406
  ],
  "success_probabilities": [
    0.8710374999999999,
    0.8710374999999999,
    0.8710374999999999,
    0.8710374999999999,
    0.8710374999999999,
    0.8710374999999999,
    0.8710374999999999,
    0.8710374999999999,
    0.8710374999999999,
    0.8710374999999999,
    0.8710374999999999,
    0.8710374999999999,
    0.8710374999999999,
    0.8710374999999999,
    0.8710374999999999,
    0.8710374999999999,
    0.8710374999999999,
    0.8710374999999999,
    0.8710374999999999,
    0.8710374999999999,
    0.8710374999999999,
    0.8710374999999999,
    0.8710374999999999,
    0.8710374999999999,
    0.8710374999999999,
    0.8710374999999999,
    0.8710374999999999,
    0.8710374999999999,
    0.8710374999999999,
    0.8710374999999999,
    0.8710374999999999,
    0.8710374999999999,
    0.8710374999999999,
    0.8710374999999999,
    0.8710374999999999,
    0.8710374999999999,
    0.8710374999999999,
    0.8710374999999999,
    0.8710374999999999,
    0.8710374999999999,
    0.8710374999999999,
    0.8710374999999999,
    0.8710374999999999,
    0.8710374999999999,
    0.8710374999999999,
    0.8710374999999999,
    0.8710374999999999,
    0.8710374999999999,
    0.8710374999999999,
    0.8710374999999999,
    0.8710374999999999,
    0.8710374999999999,
    0.8710374999999999,
    0.8710374999999999,
    0.8710374999999999,
    0.8710374999999999,
    0.8710374999999999,
    0.8710374999999999,
    0.8710374999999999,
    0.8710374999999999,
    0.8710374999999999,
    0.8710374999999999,
    0.8710374999999999,
    0.8710374999999999,
    0.8710374999999999,
    0.8710374999999999,
    0.8710374999999999,
    0.8710374999999999,
    0.8710374999999999,
    0.8710374999999999,
    0.8710374999999999,
    0.8710374999999999,
    0.8710374999999999,
    0.8710374999999999,
    0.8710374999999999,
    0.8710374999999999,
    0.8710374999999999,
    0.8710374999999999,
    0.8710374999999999,
    0.8710374999999999,
    0.8710374999999999,
    0.8710374999999999,
    0.8710374999999999,
    0.8710374999999999,
    0.8710374999999999,
    0.8710374999999999,
    0.8710374999999999,
    0.8710374999999999,
    0.8710374999999999,
    0.8710374999999999,
    0.8710374999999999,
    0.8710374999999999,
    0.8710374999999999,
    0.8710374999999999,
    0.8710374999999999,
    0.8710374999999999,
    0.8710374999999999,
    0.8710374999999999,
    0.8710374999999999,
    0.8710374999999999,
    0.8710374999999999,
    0.8710374999999999,
    0.8710374999999999,
    0.8710374999999999,
    0.8710374999999999,
    0.8710374999999999,
    0.8710374999999999,
    0.8710374999999999,
    0.8710374999999999,
    0.8710374999999999,
    0.8710374999999999,
    0.8710374999999999,
    0.8710374999999999,
    0.8710374999999999,
    0.8710374999999999,
    0.8710374999999999,
    0.8710374999999999,
    0.8710374999999999,
    0.8710374999999999,
    0.8710374999999999,
    0.8710374999999999,
    0.8710374999999999,
    0.8710374999999999,
    0.8710374999999999,
    0.8710374999999999,
    0.8710374999999999,
    0.8710374999999999,
    0.8710374999999999,
    0.9192100939986788,
    0.9192100939986788,
    0.9192100939986788,
    0.9192100939986788,
    0.9192100939986788,
    0.9192100939986788,
    0.9192100939986788,
    0.9192100939986788,
    0.9192100939986788,
    0.9192100939986788,
    0.9192100939986788,
    0.9192100939986788,
    0.9192100939986788,
    0.9192100939986788,
    0.9192100939986788,
    0.9192100939986788,
    0.9192100939986788,
    0.9192100939986788,
    0.9192100939986788,
    0.9192100939986788,
    0.9192100939986788,
    0.9192100939986788,
    0.9192100939986788,
    0.9192100939986788,
    0.9192100939986788,
    0.9192100939986788,
    0.9192100939986788,
    0.9192100939986788,
    0.9192100939986788,
    0.9192100939986788,
    0.9192100939986788,
    0.9192100939986788,
    0.9192100939986788,
    0.9192100939986788,
    0.9192100939986788,
    0.9192100939986788,
    0.9192100939986788,
    0.9192100939986788,
    0.9192100939986788,
    0.9192100939986788,
    0.9192100939986788,
    0.9192100939986788,
    0.9192100939986788,
    0.9192100939986788,
    0.9192100939986788,
    0.9192100939986788,
    0.9192100939986788,
    0.9192100939986788,
    0.9192100939986788,
    0.9192100939986788,
    0.9192100939986788,
    0.9192100939986788,
    0.9192100939986788,
    0.9192100939986788,
    0.9192100939986788,
    0.9192100939986788,
    0.9192100939986788,
    0.9192100939986788,
    0.9192100939986788,
    0.9192100939986788,
    0.9192100939986788,
    0.9192100939986788,
    0.9192100939986788,
    0.9192100939986788,
    0.953593247802871,
    0.953593247802871,
    0.953593247802871,
    0.953593247802871,
    0.953593247802871,
    0.953593247802871,
    0.953593247802871,
    0.953593247802871,
    0.953593247802871,
    0.953593247802871,
    0.953593247802871,
    0.953593247802871,
    0.953593247802871,
    0.953593247802871,
    0.953593247802871,
    0.953593247802871,
    0.953593247802871,
    0.953593247802871,
    0.953593247802871,
    0.953593247802871,
    0.953593247802871,
    0.953593247802871,
    0.953593247802871,
    0.953593247802871,
    0.953593247802871,
    0.953593247802871,
    0.953593247802871,
    0.953593247802871,
    0.953593247802871,
    0.953593247802871,
    0.953593247802871,
    0.953593247802871,
    0.974897220481937,
    0.974897220481937,
    0.974897220481937,
    0.974897220481937,
    0.974897220481937,
    0.974897220481937,
    0.974897220481937,
    0.974897220481937,
    0.974897220481937,
    0.974897220481937,
    0.974897220481937,
    0.974897220481937,
    0.974897220481937,
    0.974897220481937,
    0.974897220481937,
    0.974897220481937,
    0.9869072622323782,
    0.9869072622323782,
    0.9869072622323782,
    0.9869072622323782,
    0.9869072622323782,
    0.9869072622323782,
    0.9869072622323782,
    0.9869072622323782,
    0.9933085072584236,
    0.9933085072584236,
    0.9933085072584236,
    0.9933085072584236,
    0.9966166385991551,
    0.9966166385991551,
    0.9982987411597624
  ],