{
  "M": 4,
  "N": 8,
  "physical_error_rate": 0.7,
  "noise_type": "depolarizing",
  "logical_error_evolution": [
    0.9299062499999999,
    0.9294093724200666,
    0.9288765192578307,
    0.9283046181359801
  ],
  "fidelity_evolution": [
    0.26475224267227654,
    0.26568896774223305,
    0.26668985871639234,
    0.26775993326862735
  ],
  "purity_evolution": [
    0.062561509375,
    0.06256982213827963,
    0.06257932204811792,
    0.06259019205080013
  ],
  "success_probabilities": [
    0.5312807546875,
    0.5312807546875,
    0.5312807546875,
    0.5312807546875,
    0.5312849110691398,
    0.5312849110691398,
    0.531289661024059
  ],
  "amplification_iterations": [
    0,
    0,
    0,
    0,
    0,
    0,
    0
  ],
  "final_logical_error": 0.9283046181359801,
  "initial_logical_error": 0.9299062499999999,
  "error_reduction_ratio": 0.9982776415751374,
  "timestamp": "2025-09-09T16:26:24.249456"
}