{
  "M": 1,
  "N": 32,
  "physical_error_rate": 0.15,
  "noise_type": "depolarizing",
  "logical_error_evolution": [
    0.07500000000000004,
    0.043317662860980564,
    0.02357397626598303,
    0.012349109117204674,
    0.006327984760076337,
    0.0032041616562310618
  ],
  "fidelity_evolution": [
    0.9617692030835672,
    0.9781013940993128,
    0.9881427142543818,
    0.9938062642601904,
    0.9968309862960338,
    0.9983966337802672
  ],
  "purity_evolution": [
    0.8612499999999998,
    0.917117514109514,
    0.9539635121820123,
    0.9756067827575678,
    0.9874241172620948,
    0.9936122099913764
  ],
  "success_probabilities": [
    0.9306249999999999,
    0.9306249999999999,
    0.9306249999999999,
    0.9306249999999999,
    0.9306249999999999,
    0.9306249999999999,
    0.9306249999999999,
    0.9306249999999999,
    0.9306249999999999,
    0.9306249999999999,
    0.9306249999999999,
    0.9306249999999999,
    0.9306249999999999,
    0.9306249999999999,
    0.9306249999999999,
    0.9306249999999999,
    0.958558757054757,
    0.958558757054757,
    0.958558757054757,
    0.958558757054757,
    0.958558757054757,
    0.958558757054757,
    0.958558757054757,
    0.958558757054757,
    0.9769817560910061,
    0.9769817560910061,
    0.9769817560910061,
    0.9769817560910061,
    0.9878033913787839,
    0.9878033913787839,
    0.9937120586310474
  ],
  "amplification_iterations": [
    0,
    0,
    0,
    0,
    0,
    0,
    0,
    0,
    0,
    0,
    0,
    0,
    0,
    0,
    0,
    0,
    0,
    0,
    0,
    0,
    0,
    0,
    0,
    0,
    0,
    0,
    0,
    0,
    0,
    0,
    0
  ],
  "final_logical_error": 0.0032041616562310618,
  "initial_logical_error": 0.07500000000000004,
  "error_reduction_ratio": 0.04272215541641414,
  "timestamp": "2025-09-09T15:32:30.274349"
}