{
  "M": 1,
  "N": 256,
  "physical_error_rate": 0.99,
  "noise_type": "depolarizing",
  "logical_error_evolution": [
    0.495,
    0.4933335555481484,
    0.4911119340626233,
    0.48815049352876205,
    0.48420361534910006,
    0.4789451587660398,
    0.47194346187633507,
    0.4626305039966959,
    0.45026660752852854
  ],
  "fidelity_evolution": [
    0.7106335201775947,
    0.7118050607096381,
    0.7133639084908744,
    0.7154365845211146,
    0.7181896578557088,
    0.7218412853487671,
    0.726674987957935,
    0.7330549065406384,
    0.7414400801625655
  ],
  "purity_evolution": [
    0.50005,
    0.5000888829632593,
    0.5001579954322143,
    0.5002808216072239,
    0.5004990515360783,
    0.5008866126787745,
    0.5015743386629694,
    0.5027929584630819,
    0.5049468206534428
  ],
  "success_probabilities": [
    0.7500249999999999,
    0.7500249999999999,
    0.7500249999999999,
    0.7500249999999999,
    0.7500249999999999,
    0.7500249999999999,
    0.7500249999999999,
    0.7500249999999999,
    0.7500249999999999,
    0.7500249999999999,
    0.7500249999999999,
    0.7500249999999999,
    0.7500249999999999,
    0.7500249999999999,
    0.7500249999999999,
    0.7500249999999999,
    0.7500249999999999,
    0.7500249999999999,
    0.7500249999999999,
    0.7500249999999999,
    0.7500249999999999,
    0.7500249999999999,
    0.7500249999999999,
    0.7500249999999999,
    0.7500249999999999,
    0.7500249999999999,
    0.7500249999999999,
    0.7500249999999999,
    0.7500249999999999,
    0.7500249999999999,
    0.7500249999999999,
    0.7500249999999999,
    0.7500249999999999,
    0.7500249999999999,
    0.7500249999999999,
    0.7500249999999999,
    0.7500249999999999,
    0.7500249999999999,
    0.7500249999999999,
    0.7500249999999999,
    0.7500249999999999,
    0.7500249999999999,
    0.7500249999999999,
    0.7500249999999999,
    0.7500249999999999,
    0.7500249999999999,
    0.7500249999999999,
    0.7500249999999999,
    0.7500249999999999,
    0.7500249999999999,
    0.7500249999999999,
    0.7500249999999999,
    0.7500249999999999,
    0.7500249999999999,
    0.7500249999999999,
    0.7500249999999999,
    0.7500249999999999,
    0.7500249999999999,
    0.7500249999999999,
    0.7500249999999999,
    0.7500249999999999,
    0.7500249999999999,
    0.7500249999999999,
    0.7500249999999999,
    0.7500249999999999,
    0.7500249999999999,
    0.7500249999999999,
    0.7500249999999999,
    0.7500249999999999,
    0.7500249999999999,
    0.7500249999999999,
    0.7500249999999999,
    0.7500249999999999,
    0.7500249999999999,
    0.7500249999999999,
    0.7500249999999999,
    0.7500249999999999,
    0.7500249999999999,
    0.7500249999999999,
    0.7500249999999999,
    0.7500249999999999,
    0.7500249999999999,
    0.7500249999999999,
    0.7500249999999999,
    0.7500249999999999,
    0.7500249999999999,
    0.7500249999999999,
    0.7500249999999999,
    0.7500249999999999,
    0.7500249999999999,
    0.7500249999999999,
    0.7500249999999999,
    0.7500249999999999,
    0.7500249999999999,
    0.7500249999999999,
    0.7500249999999999,
    0.7500249999999999,
    0.7500249999999999,
    0.7500249999999999,
    0.7500249999999999,
    0.7500249999999999,
    0.7500249999999999,
    0.7500249999999999,
    0.7500249999999999,
    0.7500249999999999,
    0.7500249999999999,
    0.7500249999999999,
    0.7500249999999999,
    0.7500249999999999,
    0.7500249999999999,
    0.7500249999999999,
    0.7500249999999999,
    0.7500249999999999,
    0.7500249999999999,
    0.7500249999999999,
    0.7500249999999999,
    0.7500249999999999,
    0.7500249999999999,
    0.7500249999999999,
    0.7500249999999999,
    0.7500249999999999,
    0.7500249999999999,
    0.7500249999999999,
    0.7500249999999999,
    0.7500249999999999,
    0.7500249999999999,
    0.7500249999999999,
    0.7500249999999999,
    0.7500444414816296,
    0.7500444414816296,
    0.7500444414816296,
    0.7500444414816296,
    0.7500444414816296,
    0.7500444414816296,
    0.7500444414816296,
    0.7500444414816296,
    0.7500444414816296,
    0.7500444414816296,
    0.7500444414816296,
    0.7500444414816296,
    0.7500444414816296,
    0.7500444414816296,
    0.7500444414816296,
    0.7500444414816296,
    0.7500444414816296,
    0.7500444414816296,
    0.7500444414816296,
    0.7500444414816296,
    0.7500444414816296,
    0.7500444414816296,
    0.7500444414816296,
    0.7500444414816296,
    0.7500444414816296,
    0.7500444414816296,
    0.7500444414816296,
    0.7500444414816296,
    0.7500444414816296,
    0.7500444414816296,
    0.7500444414816296,
    0.7500444414816296,
    0.7500444414816296,
    0.7500444414816296,
    0.7500444414816296,
    0.7500444414816296,
    0.7500444414816296,
    0.7500444414816296,
    0.7500444414816296,
    0.7500444414816296,
    0.7500444414816296,
    0.7500444414816296,
    0.7500444414816296,
    0.7500444414816296,
    0.7500444414816296,
    0.7500444414816296,
    0.7500444414816296,
    0.7500444414816296,
    0.7500444414816296,
    0.7500444414816296,
    0.7500444414816296,
    0.7500444414816296,
    0.7500444414816296,
    0.7500444414816296,
    0.7500444414816296,
    0.7500444414816296,
    0.7500444414816296,
    0.7500444414816296,
    0.7500444414816296,
    0.7500444414816296,
    0.7500444414816296,
    0.7500444414816296,
    0.7500444414816296,
    0.7500444414816296,
    0.7500789977161071,
    0.7500789977161071,
    0.7500789977161071,
    0.7500789977161071,
    0.7500789977161071,
    0.7500789977161071,
    0.7500789977161071,
    0.7500789977161071,
    0.7500789977161071,
    0.7500789977161071,
    0.7500789977161071,
    0.7500789977161071,
    0.7500789977161071,
    0.7500789977161071,
    0.7500789977161071,
    0.7500789977161071,
    0.7500789977161071,
    0.7500789977161071,
    0.7500789977161071,
    0.7500789977161071,
    0.7500789977161071,
    0.7500789977161071,
    0.7500789977161071,
    0.7500789977161071,
    0.7500789977161071,
    0.7500789977161071,
    0.7500789977161071,
    0.7500789977161071,
    0.7500789977161071,
    0.7500789977161071,
    0.7500789977161071,
    0.7500789977161071,
    0.7501404108036119,
    0.7501404108036119,
    0.7501404108036119,
    0.7501404108036119,
    0.7501404108036119,
    0.7501404108036119,
    0.7501404108036119,
    0.7501404108036119,
    0.7501404108036119,
    0.7501404108036119,
    0.7501404108036119,
    0.7501404108036119,
    0.7501404108036119,
    0.7501404108036119,
    0.7501404108036119,
    0.7501404108036119,
    0.7502495257680392,
    0.7502495257680392,
    0.7502495257680392,
    0.7502495257680392,
    0.7502495257680392,
    0.7502495257680392,
    0.7502495257680392,
    0.7502495257680392,
    0.7504433063393873,
    0.7504433063393873,
    0.7504433063393873,
    0.7504433063393873,
    0.7507871693314847,
    0.7507871693314847,
    0.751396479231541
  ],