{
  "M": 10,
  "N": 8,
  "physical_error_rate": 0.1,
  "noise_type": "depolarizing",
  "logical_error_evolution": [
    0.6506855036891599,
    0.5800778416115648,
    0.49326485003517057,
    0.39259784004236603
  ],
  "fidelity_evolution": [
    0.591028337993061,
    0.6480140109507162,
    0.711853320540706,
    0.779360096462241
  ],
  "purity_evolution": [
    0.12243448988882068,
    0.17666354413231627,
    0.25701835210458024,
    0.3690880516279497
  ],
  "success_probabilities": [
    0.5612172449444104,
    0.5612172449444104,
    0.5612172449444104,
    0.5612172449444104,
    0.5883317720661582,
    0.5883317720661582,
    0.6285091760522901
  ],
  "amplification_iterations": [
    0,
    0,
    0,
    0,
    0,
    0,
    0
  ],
  "final_logical_error": 0.39259784004236603,
  "initial_logical_error": 0.6506855036891599,
  "error_reduction_ratio": 0.6033603604452124,
  "timestamp": "2025-09-09T16:53:27.517039"
}