{
  "M": 4,
  "N": 64,
  "physical_error_rate": 0.1,
  "noise_type": "depolarizing",
  "logical_error_evolution": [
    0.32240625,
    0.22463971004652608,
    0.14209854823809182,
    0.08256564404092007,
    0.0450672067543994,
    0.023641136380432026,
    0.012122166700410473
  ],
  "fidelity_evolution": [
    0.823160828757054,
    0.8805454502485797,
    0.9262296970848583,
    0.9578279365100394,
    0.9772066277126863,
    0.9881087306666043,
    0.993920436101195
  ],
  "purity_evolution": [
    0.466063009375,
    0.6045477791920543,
    0.7373410340959481,
    0.842140269865778,
    0.912032043157488,
    0.9533138907904515,
    0.9759124099863925
  ],
  "success_probabilities": [
    0.7330315046875,
    0.7330315046875,
    0.7330315046875,
    0.7330315046875,
    0.7330315046875,
    0.7330315046875,
    0.7330315046875,
    0.7330315046875,
    0.7330315046875,
    0.7330315046875,
    0.7330315046875,
    0.7330315046875,
    0.7330315046875,
    0.7330315046875,
    0.7330315046875,
    0.7330315046875,
    0.7330315046875,
    0.7330315046875,
    0.7330315046875,
    0.7330315046875,
    0.7330315046875,
    0.7330315046875,
    0.7330315046875,
    0.7330315046875,
    0.7330315046875,
    0.7330315046875,
    0.7330315046875,
    0.7330315046875,
    0.7330315046875,
    0.7330315046875,
    0.7330315046875,
    0.7330315046875,
    0.8022738895960271,
    0.8022738895960271,
    0.8022738895960271,
    0.8022738895960271,
    0.8022738895960271,
    0.8022738895960271,
    0.8022738895960271,
    0.8022738895960271,
    0.8022738895960271,
    0.8022738895960271,
    0.8022738895960271,
    0.8022738895960271,
    0.8022738895960271,
    0.8022738895960271,
    0.8022738895960271,
    0.8022738895960271,
    0.868670517047974,
    0.868670517047974,
    0.868670517047974,
    0.868670517047974,
    0.868670517047974,
    0.868670517047974,
    0.868670517047974,
    0.868670517047974,
    0.9210701349328889,
    0.9210701349328889,
    0.9210701349328889,
    0.9210701349328889,
    0.956016021578744,
    0.956016021578744,
    0.9766569453952257
  ],
  "amplification_iterations": [
    0,
    0,
    0,
    0,
    0,
    0,
    0,
    0,
    0,
    0,
    0,
    0,
    0,
    0,
    0,
    0,
    0,
    0,
    0,
    0,
    0,
    0,
    0,
    0,
    0,
    0,
    0,
    0,
    0,
    0,
    0,
    0,
    0,
    0,
    0,
    0,
    0,
    0,
    0,
    0,
    0,
    0,
    0,
    0,
    0,
    0,
    0,
    0,
    0,
    0,
    0,
    0,
    0,
    0,
    0,
    0,
    0,
    0,
    0,
    0,
    0,
    0,
    0
  ],
  "final_logical_error": 0.012122166700410473,
  "initial_logical_error": 0.32240625,
  "error_reduction_ratio": 0.03759904375430213,
  "timestamp": "2025-09-09T16:26:24.330421"
}