{
  "M": 2,
  "N": 512,
  "physical_error_rate": 0.99,
  "noise_type": "depolarizing",
  "logical_error_evolution": [
    0.7499250000000001,
    0.7499099970005401,
    0.7498919920812933,
    0.7498703842774526,
    0.749844452175605,
    0.7498133297114765,
    0.7497759770776735,
    0.74973114574159,
    0.7496773363640594,
    0.7496127481535716
  ],
  "fidelity_evolution": [
    0.5000749943758436,
    0.5000899949003779,
    0.5001079962555155,
    0.5001295989266656,
    0.5001555236367935,
    0.5001866354557302,
    0.5002239727585298,
    0.5002687820146385,
    0.5003225595912507,
    0.5003871019984711
  ],
  "purity_evolution": [
    0.2500000075,
    0.25000001080071993,
    0.25000001555428075,
    0.25000002240031405,
    0.2500000322601676,
    0.2500000464610621,
    0.25000006691502624,
    0.25000009637681636,
    0.2500001388157626,
    0.2500001999519901
  ],
  "success_probabilities": [
    0.62500000375,
    0.62500000375,
    0.62500000375,
    0.62500000375,
    0.62500000375,
    0.62500000375,
    0.62500000375,
    0.62500000375,
    0.62500000375,
    0.62500000375,
    0.62500000375,
    0.62500000375,
    0.62500000375,
    0.62500000375,
    0.62500000375,
    0.62500000375,
    0.62500000375,
    0.62500000375,
    0.62500000375,
    0.62500000375,
    0.62500000375,
    0.62500000375,
    0.62500000375,
    0.62500000375,
    0.62500000375,
    0.62500000375,
    0.62500000375,
    0.62500000375,
    0.62500000375,
    0.62500000375,
    0.62500000375,
    0.62500000375,
    0.62500000375,
    0.62500000375,
    0.62500000375,
    0.62500000375,
    0.62500000375,
    0.62500000375,
    0.62500000375,
    0.62500000375,
    0.62500000375,
    0.62500000375,
    0.62500000375,
    0.62500000375,
    0.62500000375,
    0.62500000375,
    0.62500000375,
    0.62500000375,
    0.62500000375,
    0.62500000375,
    0.62500000375,
    0.62500000375,
    0.62500000375,
    0.62500000375,
    0.62500000375,
    0.62500000375,
    0.62500000375,
    0.62500000375,
    0.62500000375,
    0.62500000375,
    0.62500000375,
    0.62500000375,
    0.62500000375,
    0.62500000375,
    0.62500000375,
    0.62500000375,
    0.62500000375,
    0.62500000375,
    0.62500000375,
    0.62500000375,
    0.62500000375,
    0.62500000375,
    0.62500000375,
    0.62500000375,
    0.62500000375,
    0.62500000375,
    0.62500000375,
    0.62500000375,
    0.62500000375,
    0.62500000375,
    0.62500000375,
    0.62500000375,
    0.62500000375,
    0.62500000375,
    0.62500000375,
    0.62500000375,
    0.62500000375,
    0.62500000375,
    0.62500000375,
    0.62500000375,
    0.62500000375,
    0.62500000375,
    0.62500000375,
    0.62500000375,
    0.62500000375,
    0.62500000375,
    0.62500000375,
    0.62500000375,
    0.62500000375,
    0.62500000375,
    0.62500000375,
    0.62500000375,
    0.62500000375,
    0.62500000375,
    0.62500000375,
    0.62500000375,
    0.62500000375,
    0.62500000375,
    0.62500000375,
    0.62500000375,
    0.62500000375,
    0.62500000375,
    0.62500000375,
    0.62500000375,
    0.62500000375,
    0.62500000375,
    0.62500000375,
    0.62500000375,
    0.62500000375,
    0.62500000375,
    0.62500000375,
    0.62500000375,
    0.62500000375,
    0.62500000375,
    0.62500000375,
    0.62500000375,
    0.62500000375,
    0.62500000375,
    0.62500000375,
    0.62500000375,
    0.62500000375,
    0.62500000375,
    0.62500000375,
    0.62500000375,
    0.62500000375,
    0.62500000375,
    0.62500000375,
    0.62500000375,
    0.62500000375,
    0.62500000375,
    0.62500000375,
    0.62500000375,
    0.62500000375,
    0.62500000375,
    0.62500000375,
    0.62500000375,
    0.62500000375,
    0.62500000375,
    0.62500000375,
    0.62500000375,
    0.62500000375,
    0.62500000375,
    0.62500000375,
    0.62500000375,
    0.62500000375,
    0.62500000375,
    0.62500000375,
    0.62500000375,
    0.62500000375,
    0.62500000375,
    0.62500000375,
    0.62500000375,
    0.62500000375,
    0.62500000375,
    0.62500000375,
    0.62500000375,
    0.62500000375,
    0.62500000375,
    0.62500000375,
    0.62500000375,
    0.62500000375,
    0.62500000375,
    0.62500000375,
    0.62500000375,
    0.62500000375,
    0.62500000375,
    0.62500000375,
    0.62500000375,
    0.62500000375,
    0.62500000375,
    0.62500000375,
    0.62500000375,
    0.62500000375,
    0.62500000375,
    0.62500000375,
    0.62500000375,
    0.62500000375,
    0.62500000375,
    0.62500000375,
    0.62500000375,
    0.62500000375,
    0.62500000375,
    0.62500000375,
    0.62500000375,
    0.62500000375,
    0.62500000375,
    0.62500000375,
    0.62500000375,
    0.62500000375,
    0.62500000375,
    0.62500000375,
    0.62500000375,
    0.62500000375,
    0.62500000375,
    0.62500000375,
    0.62500000375,
    0.62500000375,
    0.62500000375,
    0.62500000375,
    0.62500000375,
    0.62500000375,
    0.62500000375,
    0.62500000375,
    0.62500000375,
    0.62500000375,
    0.62500000375,
    0.62500000375,
    0.62500000375,
    0.62500000375,
    0.62500000375,
    0.62500000375,
    0.62500000375,
    0.62500000375,
    0.62500000375,
    0.62500000375,
    0.62500000375,
    0.62500000375,
    0.62500000375,
    0.62500000375,
    0.62500000375,
    0.62500000375,
    0.62500000375,
    0.62500000375,
    0.62500000375,
    0.62500000375,
    0.62500000375,
    0.62500000375,
    0.62500000375,
    0.62500000375,
    0.62500000375,
    0.62500000375,
    0.62500000375,
    0.62500000375,
    0.62500000375,
    0.62500000375,
    0.62500000375,
    0.62500000375,
    0.62500000375,
    0.62500000375,
    0.62500000375,
    0.62500000375,
    0.62500000375,
    0.62500000375,
    0.62500000375,
    0.62500000375,
    0.62500000375,
    0.6250000054003599,
    0.6250000054003599,
    0.6250000054003599,
    0.6250000054003599,
    0.6250000054003599,
    0.6250000054003599,
    0.6250000054003599,
    0.6250000054003599,
    0.6250000054003599,
    0.6250000054003599,
    0.6250000054003599,
    0.6250000054003599,
    0.6250000054003599,
    0.6250000054003599,
    0.6250000054003599,
    0.6250000054003599,
    0.6250000054003599,
    0.6250000054003599,
    0.6250000054003599,
    0.6250000054003599,
    0.6250000054003599,
    0.6250000054003599,
    0.6250000054003599,
    0.6250000054003599,
    0.6250000054003599,
    0.6250000054003599,
    0.6250000054003599,
    0.6250000054003599,
    0.6250000054003599,
    0.6250000054003599,
    0.6250000054003599,
    0.6250000054003599,
    0.6250000054003599,
    0.6250000054003599,
    0.6250000054003599,
    0.6250000054003599,
    0.6250000054003599,
    0.6250000054003599,
    0.6250000054003599,
    0.6250000054003599,
    0.6250000054003599,
    0.6250000054003599,
    0.6250000054003599,
    0.6250000054003599,
    0.6250000054003599,
    0.6250000054003599,
    0.6250000054003599,
    0.6250000054003599,
    0.6250000054003599,
    0.6250000054003599,
    0.6250000054003599,
    0.6250000054003599,
    0.6250000054003599,
    0.6250000054003599,
    0.6250000054003599,
    0.6250000054003599,
    0.6250000054003599,
    0.6250000054003599,
    0.6250000054003599,
    0.6250000054003599,
    0.6250000054003599,
    0.6250000054003599,
    0.6250000054003599,
    0.6250000054003599,
    0.6250000054003599,
    0.6250000054003599,
    0.6250000054003599,
    0.6250000054003599,
    0.6250000054003599,
    0.6250000054003599,
    0.6250000054003599,
    0.6250000054003599,
    0.6250000054003599,
    0.6250000054003599,
    0.6250000054003599,
    0.6250000054003599,
    0.6250000054003599,
    0.6250000054003599,
    0.6250000054003599,
    0.6250000054003599,
    0.6250000054003599,
    0.6250000054003599,
    0.6250000054003599,
    0.6250000054003599,
    0.6250000054003599,
    0.6250000054003599,
    0.6250000054003599,
    0.6250000054003599,
    0.6250000054003599,
    0.6250000054003599,
    0.6250000054003599,
    0.6250000054003599,
