{
  "M": 1,
  "N": 8,
  "physical_error_rate": 0.7000000000000001,
  "noise_type": "depolarizing",
  "logical_error_evolution": [
    0.3500000000000001,
    0.3058252427184467,
    0.2534926855535945,
    0.19595745479515322
  ],
  "fidelity_evolution": [
    0.8062257748298549,
    0.8331715053226156,
    0.86400654768723,
    0.8966841948004028
  ],
  "purity_evolution": [
    0.5449999999999999,
    0.5754076727307003,
    0.6215317121511581,
    0.6848837385892825
  ],
  "success_probabilities": [
    0.7725,
    0.7725,
    0.7725,
    0.7725,
    0.7877038363653501,
    0.7877038363653501,
    0.810765856075579
  ],
  "amplification_iterations": [
    0,
    0,
    0,
    0,
    0,
    0,
    0
  ],
  "final_logical_error": 0.19595745479515322,
  "initial_logical_error": 0.3500000000000001,
  "error_reduction_ratio": 0.5598784422718662,
  "timestamp": "2025-09-09T15:33:19.801611"
}