{
  "M": 9,
  "N": 128,
  "physical_error_rate": 0.5,
  "noise_type": "depolarizing",
  "logical_error_evolution": [
    0.9960975646972656,
    0.9960899873258601,
    0.9960823657876535,
    0.9960746997105022,
    0.996066988718087,
    0.9960592324298443,
    0.996051430460915,
    0.9960435824220811
  ],
  "fidelity_evolution": [
    0.062469474967654204,
    0.06253009414785357,
    0.06259100743994024,
    0.06265221695596598,
    0.0627137248288885,
    0.06277553321283678,
    0.06283764428338083,
    0.06290006023780538
  ],
  "purity_evolution": [
    0.001956932246685028,
    0.001956961903320997,
    0.0019569918488846223,
    0.0019570220868702975,
    0.0019570526208237305,
    0.001957083454342834,
    0.0019571145910786394,
    0.001957146034736218
  ],
  "success_probabilities": [
    0.5009784661233425,
    0.5009784661233425,
    0.5009784661233425,
    0.5009784661233425,
    0.5009784661233425,
    0.5009784661233425,
    0.5009784661233425,
    0.5009784661233425,
    0.5009784661233425,
    0.5009784661233425,
    0.5009784661233425,
    0.5009784661233425,
    0.5009784661233425,
    0.5009784661233425,
    0.5009784661233425,
    0.5009784661233425,
    0.5009784661233425,
    0.5009784661233425,
    0.5009784661233425,
    0.5009784661233425,
    0.5009784661233425,
    0.5009784661233425,
    0.5009784661233425,
    0.5009784661233425,
    0.5009784661233425,
    0.5009784661233425,
    0.5009784661233425,
    0.5009784661233425,
    0.5009784661233425,
    0.5009784661233425,
    0.5009784661233425,
    0.5009784661233425,
    0.5009784661233425,
    0.5009784661233425,
    0.5009784661233425,
    0.5009784661233425,
    0.5009784661233425,
    0.5009784661233425,
    0.5009784661233425,
    0.5009784661233425,
    0.5009784661233425,
    0.5009784661233425,
    0.5009784661233425,
    0.5009784661233425,
    0.5009784661233425,
    0.5009784661233425,
    0.5009784661233425,
    0.5009784661233425,
    0.5009784661233425,
    0.5009784661233425,
    0.5009784661233425,
    0.5009784661233425,
    0.5009784661233425,
    0.5009784661233425,
    0.5009784661233425,
    0.5009784661233425,
    0.5009784661233425,
    0.5009784661233425,
    0.5009784661233425,
    0.5009784661233425,
    0.5009784661233425,
    0.5009784661233425,
    0.5009784661233425,
    0.5009784661233425,
    0.5009784809516605,
    0.5009784809516605,
    0.5009784809516605,
    0.5009784809516605,
    0.5009784809516605,
    0.5009784809516605,
    0.5009784809516605,
    0.5009784809516605,
    0.5009784809516605,
    0.5009784809516605,
    0.5009784809516605,
    0.5009784809516605,
    0.5009784809516605,
    0.5009784809516605,
    0.5009784809516605,
    0.5009784809516605,
    0.5009784809516605,
    0.5009784809516605,
    0.5009784809516605,
    0.5009784809516605,
    0.5009784809516605,
    0.5009784809516605,
    0.5009784809516605,
    0.5009784809516605,
    0.5009784809516605,
    0.5009784809516605,
    0.5009784809516605,
    0.5009784809516605,
    0.5009784809516605,
    0.5009784809516605,
    0.5009784809516605,
    0.5009784809516605,
    0.5009784959244423,
    0.5009784959244423,
    0.5009784959244423,
    0.5009784959244423,
    0.5009784959244423,
    0.5009784959244423,
    0.5009784959244423,
    0.5009784959244423,
    0.5009784959244423,
    0.5009784959244423,
    0.5009784959244423,
    0.5009784959244423,
    0.5009784959244423,
    0.5009784959244423,
    0.5009784959244423,
    0.5009784959244423,
    0.5009785110434352,
    0.5009785110434352,
    0.5009785110434352,
    0.5009785110434352,
    0.5009785110434352,
    0.5009785110434352,
    0.5009785110434352,
    0.5009785110434352,
    0.5009785263104118,
    0.5009785263104118,
    0.5009785263104118,
    0.5009785263104118,
    0.5009785417271714,
    0.5009785417271714,
    0.5009785572955393
  ],
  "amplification_iterations": [
    0,
    0,
    0,
    0,
    0,
    0,
    0,
    0,
    0,
    0,
    0,
    0,
    0,
    0,
    0,
    0,
    0,
    0,
    0,
    0,
    0,
    0,
    0,
    0,
    0,
    0,
    0,
    0,
    0,
    0,
    0,
    0,
    0,
    0,
    0,
    0,
    0,
    0,
    0,
    0,
    0,
    0,
    0,
    0,
    0,
    0,
    0,
    0,
    0,
    0,
    0,
    0,
    0,
    0,
    0,
    0,
    0,
    0,
    0,
    0,
    0,
    0,
    0,
    0,
    0,
    0,
    0,
    0,
    0,
    0,
    0,
    0,
    0,
    0,
    0,
    0,
    0,
    0,
    0,
    0,
    0,
    0,
    0,
    0,
    0,
    0,
    0,
    0,
    0,
    0,
    0,
    0,
    0,
    0,
    0,
    0,
    0,
    0,
    0,
    0,
    0,
    0,
    0,
    0,
    0,
    0,
    0,
    0,
    0,
    0,
    0,
    0,
    0,
    0,
    0,
    0,
    0,
    0,
    0,
    0,
    0,
    0,
    0,
    0,
    0,
    0,
    0
  ],
  "final_logical_error": 0.9960435824220811,
  "initial_logical_error": 0.9960975646972656,
  "error_reduction_ratio": 0.9999458062371622,
  "timestamp": "2025-09-09T16:33:35.795750"
}