{
  "M": 6,
  "N": 32,
  "physical_error_rate": 0.5,
  "noise_type": "depolarizing",
  "logical_error_evolution": [
    0.968994140625,
    0.9685320269580142,
    0.9680491722613171,
    0.9675442261676085,
    0.9670157202157429,
    0.9664620547954734
  ],
  "fidelity_evolution": [
    0.17608480733726006,
    0.17739214481477472,
    0.17874794471177274,
    0.18015486069598988,
    0.1816157476218875,
    0.18313368124003448
  ],
  "purity_evolution": [
    0.015865325927734375,
    0.015879983918536227,
    0.015895763328358754,
    0.015912771375539925,
    0.015931127842161892,
    0.015950966837740062
  ],
  "success_probabilities": [
    0.5079326629638672,
    0.5079326629638672,
    0.5079326629638672,
    0.5079326629638672,
    0.5079326629638672,
    0.5079326629638672,
    0.5079326629638672,
    0.5079326629638672,
    0.5079326629638672,
    0.5079326629638672,
    0.5079326629638672,
    0.5079326629638672,
    0.5079326629638672,
    0.5079326629638672,
    0.5079326629638672,
    0.5079326629638672,
    0.5079399919592681,
    0.5079399919592681,
    0.5079399919592681,
    0.5079399919592681,
    0.5079399919592681,
    0.5079399919592681,
    0.5079399919592681,
    0.5079399919592681,
    0.5079478816641794,
    0.5079478816641794,
    0.5079478816641794,
    0.5079478816641794,
    0.50795638568777,
    0.50795638568777,
    0.5079655639210809
  ],
  "amplification_iterations": [
    0,
    0,
    0,
    0,
    0,
    0,
    0,
    0,
    0,
    0,
    0,
    0,
    0,
    0,
    0,
    0,
    0,
    0,
    0,
    0,
    0,
    0,
    0,
    0,
    0,
    0,
    0,
    0,
    0,
    0,
    0
  ],
  "final_logical_error": 0.9664620547954734,
  "initial_logical_error": 0.968994140625,
  "error_reduction_ratio": 0.9973868925276541,
  "timestamp": "2025-09-09T16:26:29.192410"
}