{
  "M": 9,
  "N": 8,
  "physical_error_rate": 0.01,
  "noise_type": "depolarizing",
  "logical_error_evolution": [
    0.08631384089035068,
    0.047049640592056956,
    0.024659876842636295,
    0.012638343157699048
  ],
  "fidelity_evolution": [
    0.9558693211468027,
    0.9761917636447989,
    0.9875930959445613,
    0.9936607352825716
  ],
  "purity_evolution": [
    0.8348369767597561,
    0.908118719528369,
    0.9512895458788323,
    0.974883353981078
  ],
  "success_probabilities": [
    0.917418488379878,
    0.917418488379878,
    0.917418488379878,
    0.917418488379878,
    0.9540593597641844,
    0.9540593597641844,
    0.9756447729394162
  ],
  "amplification_iterations": [
    0,
    0,
    0,
    0,
    0,
    0,
    0
  ],
  "final_logical_error": 0.012638343157699048,
  "initial_logical_error": 0.08631384089035068,
  "error_reduction_ratio": 0.14642313477573365,
  "timestamp": "2025-09-09T16:31:37.279437"
}