{
  "M": 1,
  "N": 128,
  "physical_error_rate": 0.95,
  "noise_type": "depolarizing",
  "logical_error_evolution": [
    0.475,
    0.4666944213155704,
    0.45565814404318994,
    0.4410321156115472,
    0.42173899422952854,
    0.3964972352176419,
    0.36393976577517656,
    0.32295635507420367
  ],
  "fidelity_evolution": [
    0.724568837309472,
    0.730277740783895,
    0.7377952669655791,
    0.747641548061939,
    0.7604347478715524,
    0.7768544038507847,
    0.7975338451908004,
    0.8228266189944249
  ],
  "purity_evolution": [
    0.50125,
    0.5022185231430094,
    0.5039324003793889,
    0.5069544227784999,
    0.5122495700484115,
    0.5214256446351843,
    0.5370247746746277,
    0.562688904417223
  ],
  "success_probabilities": [
    0.750625,
    0.750625,
    0.750625,
    0.750625,
    0.750625,
    0.750625,
    0.750625,
    0.750625,
    0.750625,
    0.750625,
    0.750625,
    0.750625,
    0.750625,
    0.750625,
    0.750625,
    0.750625,
    0.750625,
    0.750625,
    0.750625,
    0.750625,
    0.750625,
    0.750625,
    0.750625,
    0.750625,
    0.750625,
    0.750625,
    0.750625,
    0.750625,
    0.750625,
    0.750625,
    0.750625,
    0.750625,
    0.750625,
    0.750625,
    0.750625,
    0.750625,
    0.750625,
    0.750625,
    0.750625,
    0.750625,
    0.750625,
    0.750625,
    0.750625,
    0.750625,
    0.750625,
    0.750625,
    0.750625,
    0.750625,
    0.750625,
    0.750625,
    0.750625,
    0.750625,
    0.750625,
    0.750625,
    0.750625,
    0.750625,
    0.750625,
    0.750625,
    0.750625,
    0.750625,
    0.750625,
    0.750625,
    0.750625,
    0.750625,
    0.7511092615715047,
    0.7511092615715047,
    0.7511092615715047,
    0.7511092615715047,
    0.7511092615715047,
    0.7511092615715047,
    0.7511092615715047,
    0.7511092615715047,
    0.7511092615715047,
    0.7511092615715047,
    0.7511092615715047,
    0.7511092615715047,
    0.7511092615715047,
    0.7511092615715047,
    0.7511092615715047,
    0.7511092615715047,
    0.7511092615715047,
    0.7511092615715047,
    0.7511092615715047,
    0.7511092615715047,
    0.7511092615715047,
    0.7511092615715047,
    0.7511092615715047,
    0.7511092615715047,
    0.7511092615715047,
    0.7511092615715047,
    0.7511092615715047,
    0.7511092615715047,
    0.7511092615715047,
    0.7511092615715047,
    0.7511092615715047,
    0.7511092615715047,
    0.7519662001896945,
    0.7519662001896945,
    0.7519662001896945,
    0.7519662001896945,
    0.7519662001896945,
    0.7519662001896945,
    0.7519662001896945,
    0.7519662001896945,
    0.7519662001896945,
    0.7519662001896945,
    0.7519662001896945,
    0.7519662001896945,
    0.7519662001896945,
    0.7519662001896945,
    0.7519662001896945,
    0.7519662001896945,
    0.75347721138925,
    0.75347721138925,
    0.75347721138925,
    0.75347721138925,
    0.75347721138925,
    0.75347721138925,
    0.75347721138925,
    0.75347721138925,
    0.7561247850242058,
    0.7561247850242058,
    0.7561247850242058,
    0.7561247850242058,
    0.7607128223175921,
    0.7607128223175921,
    0.7685123873373139
  ],
  "amplification_iterations": [
    0,
    0,
    0,
    0,
    0,
    0,
    0,
    0,
    0,
    0,
    0,
    0,
    0,
    0,
    0,
    0,
    0,
    0,
    0,
    0,
    0,
    0,
    0,
    0,
    0,
    0,
    0,
    0,
    0,
    0,
    0,
    0,
    0,
    0,
    0,
    0,
    0,
    0,
    0,
    0,
    0,
    0,
    0,
    0,
    0,
    0,
    0,
    0,
    0,
    0,
    0,
    0,
    0,
    0,
    0,
    0,
    0,
    0,
    0,
    0,
    0,
    0,
    0,
    0,
    0,
    0,
    0,
    0,
    0,
    0,
    0,
    0,
    0,
    0,
    0,
    0,
    0,
    0,
    0,
    0,
    0,
    0,
    0,
    0,
    0,
    0,
    0,
    0,
    0,
    0,
    0,
    0,
    0,
    0,
    0,
    0,
    0,
    0,
    0,
    0,
    0,
    0,
    0,
    0,
    0,
    0,
    0,
    0,
    0,
    0,
    0,
    0,
    0,
    0,
    0,
    0,
    0,
    0,
    0,
    0,
    0,
    0,
    0,
    0,
    0,
    0,
    0
  ],
  "final_logical_error": 0.32295635507420367,
  "initial_logical_error": 0.475,
  "error_reduction_ratio": 0.679908115945692,
  "timestamp": "2025-09-09T16:11:07.421143"
}