{
  "M": 3,
  "N": 8,
  "physical_error_rate": 0.8,
  "noise_type": "depolarizing",
  "logical_error_evolution": [
    0.868,
    0.8671852778883895,
    0.8662709875392234,
    0.8652437986106006
  ],
  "fidelity_evolution": [
    0.363318042491699,
    0.364437542127057,
    0.3656897762595731,
    0.36709154360921936
  ],
  "purity_evolution": [
    0.125056,
    0.12506979415049335,
    0.1250870807526176,
    0.12510878110348628
  ],
  "success_probabilities": [
    0.562528,
    0.562528,
    0.562528,
    0.562528,
    0.5625348970752466,
    0.5625348970752466,
    0.5625435403763088
  ],
  "amplification_iterations": [
    0,
    0,
    0,
    0,
    0,
    0,
    0
  ],
  "final_logical_error": 0.8652437986106006,
  "initial_logical_error": 0.868,
  "error_reduction_ratio": 0.9968246527771897,
  "timestamp": "2025-09-09T16:26:22.491423"
}