{
  "M": 1,
  "N": 128,
  "physical_error_rate": 0.05,
  "noise_type": "depolarizing",
  "logical_error_evolution": [
    0.025000000000000012,
    0.013132607303010902,
    0.0067398862207959645,
    0.0034155212142080883,
    0.0017194462461262647,
    0.0008626821558384059,
    0.00043208561915671154,
    0.0002162295478779819
  ],
  "fidelity_evolution": [
    0.9874208829065749,
    0.993411995446496,
    0.9966243594149222,
    0.9982907786741255,
    0.9991399069969499,
    0.9995685658543698,
    0.9997839338481306,
    0.9998918793810269
  ],
  "purity_evolution": [
    0.9512499999999999,
    0.9740797161431283,
    0.9866110796909466,
    0.9931922891419134,
    0.996567020498534,
    0.9982761241293272,
    0.9991362021576511,
    0.9995676344146787
  ],
  "success_probabilities": [
    0.975625,
    0.975625,
    0.975625,
    0.975625,
    0.975625,
    0.975625,
    0.975625,
    0.975625,
    0.975625,
    0.975625,
    0.975625,
    0.975625,
    0.975625,
    0.975625,
    0.975625,
    0.975625,
    0.975625,
    0.975625,
    0.975625,
    0.975625,
    0.975625,
    0.975625,
    0.975625,
    0.975625,
    0.975625,
    0.975625,
    0.975625,
    0.975625,
    0.975625,
    0.975625,
    0.975625,
    0.975625,
    0.975625,
    0.975625,
    0.975625,
    0.975625,
    0.975625,
    0.975625,
    0.975625,
    0.975625,
    0.975625,
    0.975625,
    0.975625,
    0.975625,
    0.975625,
    0.975625,
    0.975625,
    0.975625,
    0.975625,
    0.975625,
    0.975625,
    0.975625,
    0.975625,
    0.975625,
    0.975625,
    0.975625,
    0.975625,
    0.975625,
    0.975625,
    0.975625,
    0.975625,
    0.975625,
    0.975625,
    0.975625,
    0.9870398580715641,
    0.9870398580715641,
    0.9870398580715641,
    0.9870398580715641,
    0.9870398580715641,
    0.9870398580715641,
    0.9870398580715641,
    0.9870398580715641,
    0.9870398580715641,
    0.9870398580715641,
    0.9870398580715641,
    0.9870398580715641,
    0.9870398580715641,
    0.9870398580715641,
    0.9870398580715641,
    0.9870398580715641,
    0.9870398580715641,
    0.9870398580715641,
    0.9870398580715641,
    0.9870398580715641,
    0.9870398580715641,
    0.9870398580715641,
    0.9870398580715641,
    0.9870398580715641,
    0.9870398580715641,
    0.9870398580715641,
    0.9870398580715641,
    0.9870398580715641,
    0.9870398580715641,
    0.9870398580715641,
    0.9870398580715641,
    0.9870398580715641,
    0.9933055398454733,
    0.9933055398454733,
    0.9933055398454733,
    0.9933055398454733,
    0.9933055398454733,
    0.9933055398454733,
    0.9933055398454733,
    0.9933055398454733,
    0.9933055398454733,
    0.9933055398454733,
    0.9933055398454733,
    0.9933055398454733,
    0.9933055398454733,
    0.9933055398454733,
    0.9933055398454733,
    0.9933055398454733,
    0.9965961445709567,
    0.9965961445709567,
    0.9965961445709567,
    0.9965961445709567,
    0.9965961445709567,
    0.9965961445709567,
    0.9965961445709567,
    0.9965961445709567,
    0.998283510249267,
    0.998283510249267,
    0.998283510249267,
    0.998283510249267,
    0.9991380620646636,
    0.9991380620646636,
    0.9995681010788255
  ],
  "amplification_iterations": [
    0,
    0,
    0,
    0,
    0,
    0,
    0,
    0,
    0,
    0,
    0,
    0,
    0,
    0,
    0,
    0,
    0,
    0,
    0,
    0,
    0,
    0,
    0,
    0,
    0,
    0,
    0,
    0,
    0,
    0,
    0,
    0,
    0,
    0,
    0,
    0,
    0,
    0,
    0,
    0,
    0,
    0,
    0,
    0,
    0,
    0,
    0,
    0,
    0,
    0,
    0,
    0,
    0,
    0,
    0,
    0,
    0,
    0,
    0,
    0,
    0,
    0,
    0,
    0,
    0,
    0,
    0,
    0,
    0,
    0,
    0,
    0,
    0,
    0,
    0,
    0,
    0,
    0,
    0,
    0,
    0,
    0,
    0,
    0,
    0,
    0,
    0,
    0,
    0,
    0,
    0,
    0,
    0,
    0,
    0,
    0,
    0,
    0,
    0,
    0,
    0,
    0,
    0,
    0,
    0,
    0,
    0,
    0,
    0,
    0,
    0,
    0,
    0,
    0,
    0,
    0,
    0,
    0,
    0,
    0,
    0,
    0,
    0,
    0,
    0,
    0,
    0
  ],
  "final_logical_error": 0.0002162295478779819,
  "initial_logical_error": 0.025000000000000012,
  "error_reduction_ratio": 0.008649181915119273,
  "timestamp": "2025-09-09T15:33:19.550862"
}