{
  "M": 7,
  "N": 128,
  "physical_error_rate": 0.9,
  "noise_type": "depolarizing",
  "logical_error_evolution": [
    0.9921874007812505,
    0.9921874000121033,
    0.9921873992369925,
    0.9921873984558749,
    0.9921873976686998,
    0.9921873968754247,
    0.9921873960759987,
    0.9921873952703748
  ],
  "fidelity_evolution": [
    0.08838890891254371,
    0.08838891326347006,
    0.08838891764812519,
    0.08838892206677053,
    0.08838892651966958,
    0.0883889310070879,
    0.08838893552929308,
    0.08838894008655482
  ],
  "purity_evolution": [
    0.007812500000009923,
    0.007812500000010072,
    0.007812500000010235,
    0.007812500000010394,
    0.007812500000010552,
    0.007812500000010717,
    0.007812500000010882,
    0.00781250000001105
  ],
  "success_probabilities": [
    0.503906250000005,
    0.503906250000005,
    0.503906250000005,
    0.503906250000005,
    0.503906250000005,
    0.503906250000005,
    0.503906250000005,
    0.503906250000005,
    0.503906250000005,
    0.503906250000005,
    0.503906250000005,
    0.503906250000005,
    0.503906250000005,
    0.503906250000005,
    0.503906250000005,
    0.503906250000005,
    0.503906250000005,
    0.503906250000005,
    0.503906250000005,
    0.503906250000005,
    0.503906250000005,
    0.503906250000005,
    0.503906250000005,
    0.503906250000005,
    0.503906250000005,
    0.503906250000005,
    0.503906250000005,
    0.503906250000005,
    0.503906250000005,
    0.503906250000005,
    0.503906250000005,
    0.503906250000005,
    0.503906250000005,
    0.503906250000005,
    0.503906250000005,
    0.503906250000005,
    0.503906250000005,
    0.503906250000005,
    0.503906250000005,
    0.503906250000005,
    0.503906250000005,
    0.503906250000005,
    0.503906250000005,
    0.503906250000005,
    0.503906250000005,
    0.503906250000005,
    0.503906250000005,
    0.503906250000005,
    0.503906250000005,
    0.503906250000005,
    0.503906250000005,
    0.503906250000005,
    0.503906250000005,
    0.503906250000005,
    0.503906250000005,
    0.503906250000005,
    0.503906250000005,
    0.503906250000005,
    0.503906250000005,
    0.503906250000005,
    0.503906250000005,
    0.503906250000005,
    0.503906250000005,
    0.503906250000005,
    0.503906250000005,
    0.503906250000005,
    0.503906250000005,
    0.503906250000005,
    0.503906250000005,
    0.503906250000005,
    0.503906250000005,
    0.503906250000005,
    0.503906250000005,
    0.503906250000005,
    0.503906250000005,
    0.503906250000005,
    0.503906250000005,
    0.503906250000005,
    0.503906250000005,
    0.503906250000005,
    0.503906250000005,
    0.503906250000005,
    0.503906250000005,
    0.503906250000005,
    0.503906250000005,
    0.503906250000005,
    0.503906250000005,
    0.503906250000005,
    0.503906250000005,
    0.503906250000005,
    0.503906250000005,
    0.503906250000005,
    0.503906250000005,
    0.503906250000005,
    0.503906250000005,
    0.503906250000005,
    0.5039062500000051,
    0.5039062500000051,
    0.5039062500000051,
    0.5039062500000051,
    0.5039062500000051,
    0.5039062500000051,
    0.5039062500000051,
    0.5039062500000051,
    0.5039062500000051,
    0.5039062500000051,
    0.5039062500000051,
    0.5039062500000051,
    0.5039062500000051,
    0.5039062500000051,
    0.5039062500000051,
    0.5039062500000051,
    0.5039062500000052,
    0.5039062500000052,
    0.5039062500000052,
    0.5039062500000052,
    0.5039062500000052,
    0.5039062500000052,
    0.5039062500000052,
    0.5039062500000052,
    0.5039062500000053,
    0.5039062500000053,
    0.5039062500000053,
    0.5039062500000053,
    0.5039062500000053,
    0.5039062500000053,
    0.5039062500000054
  ],
  "amplification_iterations": [
    0,
    0,
    0,
    0,
    0,
    0,
    0,
    0,
    0,
    0,
    0,
    0,
    0,
    0,
    0,
    0,
    0,
    0,
    0,
    0,
    0,
    0,
    0,
    0,
    0,
    0,
    0,
    0,
    0,
    0,
    0,
    0,
    0,
    0,
    0,
    0,
    0,
    0,
    0,
    0,
    0,
    0,
    0,
    0,
    0,
    0,
    0,
    0,
    0,
    0,
    0,
    0,
    0,
    0,
    0,
    0,
    0,
    0,
    0,
    0,
    0,
    0,
    0,
    0,
    0,
    0,
    0,
    0,
    0,
    0,
    0,
    0,
    0,
    0,
    0,
    0,
    0,
    0,
    0,
    0,
    0,
    0,
    0,
    0,
    0,
    0,
    0,
    0,
    0,
    0,
    0,
    0,
    0,
    0,
    0,
    0,
    0,
    0,
    0,
    0,
    0,
    0,
    0,
    0,
    0,
    0,
    0,
    0,
    0,
    0,
    0,
    0,
    0,
    0,
    0,
    0,
    0,
    0,
    0,
    0,
    0,
    0,
    0,
    0,
    0,
    0,
    0
  ],
  "final_logical_error": 0.9921873952703748,
  "initial_logical_error": 0.9921874007812505,
  "error_reduction_ratio": 0.9999999944457311,
  "timestamp": "2025-09-09T16:29:07.473533"
}