{
  "M": 1,
  "N": 8,
  "physical_error_rate": 0.5499999999999999,
  "noise_type": "depolarizing",
  "logical_error_evolution": [
    0.2749999999999999,
    0.2189695550351287,
    0.16099171831349318,
    0.10804965902672506
  ],
  "fidelity_evolution": [
    0.8514693182963201,
    0.8837592686726807,
    0.9159739525153032,
    0.944431226174397
  ],
  "purity_evolution": [
    0.6012500000000001,
    0.6579562219943073,
    0.729853230104076,
    0.8072501395781331
  ],
  "success_probabilities": [
    0.800625,
    0.800625,
    0.800625,
    0.800625,
    0.8289781109971537,
    0.8289781109971537,
    0.864926615052038
  ],
  "amplification_iterations": [
    0,
    0,
    0,
    0,
    0,
    0,
    0
  ],
  "final_logical_error": 0.10804965902672506,
  "initial_logical_error": 0.2749999999999999,
  "error_reduction_ratio": 0.39290785100627307,
  "timestamp": "2025-09-09T15:32:30.209891"
}