{
  "M": 6,
  "N": 8,
  "physical_error_rate": 0.99,
  "noise_type": "depolarizing",
  "logical_error_evolution": [
    0.9843749999990158,
    0.9843749999990008,
    0.9843749999989848,
    0.9843749999989693
  ],
  "fidelity_evolution": [
    0.1250000000039374,
    0.12500000000399797,
    0.12500000000405947,
    0.12500000000412193
  ],
  "purity_evolution": [
    0.015624999999999997,
    0.015625000000000003,
    0.015625000000000007,
    0.015625000000000003
  ],
  "success_probabilities": [
    0.5078125,
    0.5078125,
    0.5078125,
    0.5078125,
    0.5078125,
    0.5078125,
    0.5078125
  ],
  "amplification_iterations": [
    0,
    0,
    0,
    0,
    0,
    0,
    0
  ],
  "final_logical_error": 0.9843749999989693,
  "initial_logical_error": 0.9843749999990158,
  "error_reduction_ratio": 0.9999999999999527,
  "timestamp": "2025-09-09T16:28:56.597992"
}