{
  "M": 7,
  "N": 16,
  "physical_error_rate": 0.9,
  "noise_type": "depolarizing",
  "logical_error_evolution": [
    0.9921874007812505,
    0.9921874000121033,
    0.9921873992369925,
    0.9921873984558749,
    0.9921873976686998
  ],
  "fidelity_evolution": [
    0.08838890891254371,
    0.08838891326347006,
    0.08838891764812519,
    0.08838892206677053,
    0.08838892651966958
  ],
  "purity_evolution": [
    0.007812500000009923,
    0.007812500000010072,
    0.007812500000010235,
    0.007812500000010394,
    0.007812500000010552
  ],
  "success_probabilities": [
    0.503906250000005,
    0.503906250000005,
    0.503906250000005,
    0.503906250000005,
    0.503906250000005,
    0.503906250000005,
    0.503906250000005,
    0.503906250000005,
    0.503906250000005,
    0.503906250000005,
    0.503906250000005,
    0.503906250000005,
    0.5039062500000051,
    0.5039062500000051,
    0.5039062500000052
  ],
  "amplification_iterations": [
    0,
    0,
    0,
    0,
    0,
    0,
    0,
    0,
    0,
    0,
    0,
    0,
    0,
    0,
    0
  ],
  "final_logical_error": 0.9921873976686998,
  "initial_logical_error": 0.9921874007812505,
  "error_reduction_ratio": 0.9999999968629407,
  "timestamp": "2025-09-09T16:29:04.224374"
}