{
  "M": 1,
  "N": 32,
  "physical_error_rate": 0.25,
  "noise_type": "depolarizing",
  "logical_error_evolution": [
    0.125,
    0.07894736842105264,
    0.045929798356982784,
    0.025120457128257723,
    0.013198982674439946,
    0.006774838620682819
  ],
  "fidelity_evolution": [
    0.9354143466934853,
    0.9597148699373931,
    0.9767651722103001,
    0.9873598851845978,
    0.9933785871084397,
    0.9966068238675255
  ],
  "purity_evolution": [
    0.78125,
    0.8545706371191135,
    0.9123594960402608,
    0.9510211604761498,
    0.9739504609384004,
    0.9865421196353068
  ],
  "success_probabilities": [
    0.890625,
    0.890625,
    0.890625,
    0.890625,
    0.890625,
    0.890625,
    0.890625,
    0.890625,
    0.890625,
    0.890625,
    0.890625,
    0.890625,
    0.890625,
    0.890625,
    0.890625,
    0.890625,
    0.9272853185595568,
    0.9272853185595568,
    0.9272853185595568,
    0.9272853185595568,
    0.9272853185595568,
    0.9272853185595568,
    0.9272853185595568,
    0.9272853185595568,
    0.9561797480201304,
    0.9561797480201304,
    0.9561797480201304,
    0.9561797480201304,
    0.9755105802380749,
    0.9755105802380749,
    0.9869752304692002
  ],
  "amplification_iterations": [
    0,
    0,
    0,
    0,
    0,
    0,
    0,
    0,
    0,
    0,
    0,
    0,
    0,
    0,
    0,
    0,
    0,
    0,
    0,
    0,
    0,
    0,
    0,
    0,
    0,
    0,
    0,
    0,
    0,
    0,
    0
  ],
  "final_logical_error": 0.006774838620682819,
  "initial_logical_error": 0.125,
  "error_reduction_ratio": 0.054198708965462555,
  "timestamp": "2025-09-09T15:33:19.355220"
}