{
  "M": 6,
  "N": 16,
  "physical_error_rate": 0.9,
  "noise_type": "depolarizing",
  "logical_error_evolution": [
    0.984374015625,
    0.9843740004798305,
    0.9843739851016288,
    0.98437396948681,
    0.9843739536317315
  ],
  "fidelity_evolution": [
    0.12500393743798643,
    0.1250039980167424,
    0.12500405952756563,
    0.12500412198479835,
    0.1250041854030034
  ],
  "purity_evolution": [
    0.015625000000984376,
    0.015625000001014907,
    0.015625000001046368,
    0.015625000001078825,
    0.01562500000111227
  ],
  "success_probabilities": [
    0.5078125000004922,
    0.5078125000004922,
    0.5078125000004922,
    0.5078125000004922,
    0.5078125000004922,
    0.5078125000004922,
    0.5078125000004922,
    0.5078125000004922,
    0.5078125000005075,
    0.5078125000005075,
    0.5078125000005075,
    0.5078125000005075,
    0.5078125000005231,
    0.5078125000005231,
    0.5078125000005395
  ],
  "amplification_iterations": [
    0,
    0,
    0,
    0,
    0,
    0,
    0,
    0,
    0,
    0,
    0,
    0,
    0,
    0,
    0
  ],
  "final_logical_error": 0.9843739536317315,
  "initial_logical_error": 0.984374015625,
  "error_reduction_ratio": 0.9999999370226483,
  "timestamp": "2025-09-09T16:11:18.013744"
}