{
  "M": 5,
  "N": 32,
  "physical_error_rate": 0.7,
  "noise_type": "depolarizing",
  "logical_error_evolution": [
    0.9663959375,
    0.9663194154171779,
    0.9662402322589014,
    0.9661582840087799,
    0.9660734618210263,
    0.9659856517455317
  ],
  "fidelity_evolution": [
    0.18331410884053645,
    0.18352270862980957,
    0.18373831320957137,
    0.1839611806638022,
    0.18419158009793432,
    0.18442979220957798
  ],
  "purity_evolution": [
    0.031255720371875,
    0.03125609831371794,
    0.0312565021255373,
    0.03125693366893331,
    0.03125739494877265,
    0.03125788812518398
  ],
  "success_probabilities": [
    0.5156278601859375,
    0.5156278601859375,
    0.5156278601859375,
    0.5156278601859375,
    0.5156278601859375,
    0.5156278601859375,
    0.5156278601859375,
    0.5156278601859375,
    0.5156278601859375,
    0.5156278601859375,
    0.5156278601859375,
    0.5156278601859375,
    0.5156278601859375,
    0.5156278601859375,
    0.5156278601859375,
    0.5156278601859375,
    0.515628049156859,
    0.515628049156859,
    0.515628049156859,
    0.515628049156859,
    0.515628049156859,
    0.515628049156859,
    0.515628049156859,
    0.515628049156859,
    0.5156282510627687,
    0.5156282510627687,
    0.5156282510627687,
    0.5156282510627687,
    0.5156284668344666,
    0.5156284668344666,
    0.5156286974743863
  ],
  "amplification_iterations": [
    0,
    0,
    0,
    0,
    0,
    0,
    0,
    0,
    0,
    0,
    0,
    0,
    0,
    0,
    0,
    0,
    0,
    0,
    0,
    0,
    0,
    0,
    0,
    0,
    0,
    0,
    0,
    0,
    0,
    0,
    0
  ],
  "final_logical_error": 0.9659856517455317,
  "initial_logical_error": 0.9663959375,
  "error_reduction_ratio": 0.9995754475587619,
  "timestamp": "2025-09-09T16:11:15.383898"
}