{
  "M": 8,
  "N": 256,
  "physical_error_rate": 0.01,
  "noise_type": "depolarizing",
  "logical_error_evolution": [
    0.07695352703468905,
    0.04156326671931216,
    0.02166677442584152,
    0.011071584256015923,
    0.0055976630529114895,
    0.0028146039005154328,
    0.001411284077235247,
    0.0007066425108022934,
    0.00035357199488554884
  ],
  "fidelity_evolution": [
    0.9607530759593284,
    0.9789978208763734,
    0.9891072871909085,
    0.9944487999610558,
    0.9971972407438203,
    0.9985917064043165,
    0.9992941088202035,
    0.9996466163045808,
    0.9998231983731496
  ],
  "purity_evolution": [
    0.8520380141765364,
    0.9186077462317193,
    0.9571377412392544,
    0.9779798921717013,
    0.988836130603603,
    0.9943787452607334,
    0.9971794313789528,
    0.9985872162802449,
    0.9992929815136325
  ],
  "success_probabilities": [
    0.9260190070882681,
    0.9260190070882681,
    0.9260190070882681,
    0.9260190070882681,
    0.9260190070882681,
    0.9260190070882681,
    0.9260190070882681,
    0.9260190070882681,
    0.9260190070882681,
    0.9260190070882681,
    0.9260190070882681,
    0.9260190070882681,
    0.9260190070882681,
    0.9260190070882681,
    0.9260190070882681,
    0.9260190070882681,
    0.9260190070882681,
    0.9260190070882681,
    0.9260190070882681,
    0.9260190070882681,
    0.9260190070882681,
    0.9260190070882681,
    0.9260190070882681,
    0.9260190070882681,
    0.9260190070882681,
    0.9260190070882681,
    0.9260190070882681,
    0.9260190070882681,
    0.9260190070882681,
    0.9260190070882681,
    0.9260190070882681,
    0.9260190070882681,
    0.9260190070882681,
    0.9260190070882681,
    0.9260190070882681,
    0.9260190070882681,
    0.9260190070882681,
    0.9260190070882681,
    0.9260190070882681,
    0.9260190070882681,
    0.9260190070882681,
    0.9260190070882681,
    0.9260190070882681,
    0.9260190070882681,
    0.9260190070882681,
    0.9260190070882681,
    0.9260190070882681,
    0.9260190070882681,
    0.9260190070882681,
    0.9260190070882681,
    0.9260190070882681,
    0.9260190070882681,
    0.9260190070882681,
    0.9260190070882681,
    0.9260190070882681,
    0.9260190070882681,
    0.9260190070882681,
    0.9260190070882681,
    0.9260190070882681,
    0.9260190070882681,
    0.9260190070882681,
    0.9260190070882681,
    0.9260190070882681,
    0.9260190070882681,
    0.9260190070882681,
    0.9260190070882681,
    0.9260190070882681,
    0.9260190070882681,
    0.9260190070882681,
    0.9260190070882681,
    0.9260190070882681,
    0.9260190070882681,
    0.9260190070882681,
    0.9260190070882681,
    0.9260190070882681,
    0.9260190070882681,
    0.9260190070882681,
    0.9260190070882681,
    0.9260190070882681,
    0.9260190070882681,
    0.9260190070882681,
    0.9260190070882681,
    0.9260190070882681,
    0.9260190070882681,
    0.9260190070882681,
    0.9260190070882681,
    0.9260190070882681,
    0.9260190070882681,
    0.9260190070882681,
    0.9260190070882681,
    0.9260190070882681,
    0.9260190070882681,
    0.9260190070882681,
    0.9260190070882681,
    0.9260190070882681,
    0.9260190070882681,
    0.9260190070882681,
    0.9260190070882681,
    0.9260190070882681,
    0.9260190070882681,
    0.9260190070882681,
    0.9260190070882681,
    0.9260190070882681,
    0.9260190070882681,
    0.9260190070882681,
    0.9260190070882681,
    0.9260190070882681,
    0.9260190070882681,
    0.9260190070882681,
    0.9260190070882681,
    0.9260190070882681,
    0.9260190070882681,
    0.9260190070882681,
    0.9260190070882681,
    0.9260190070882681,
    0.9260190070882681,
    0.9260190070882681,
    0.9260190070882681,
    0.9260190070882681,
    0.9260190070882681,
    0.9260190070882681,
    0.9260190070882681,
    0.9260190070882681,
    0.9260190070882681,
    0.9260190070882681,
    0.9260190070882681,
    0.9260190070882681,
    0.9260190070882681,
    0.9593038731158596,
    0.9593038731158596,
    0.9593038731158596,
    0.9593038731158596,
    0.9593038731158596,
    0.9593038731158596,
    0.9593038731158596,
    0.9593038731158596,
    0.9593038731158596,
    0.9593038731158596,
    0.9593038731158596,
    0.9593038731158596,
    0.9593038731158596,
    0.9593038731158596,
    0.9593038731158596,
    0.9593038731158596,
    0.9593038731158596,
    0.9593038731158596,
    0.9593038731158596,
    0.9593038731158596,
    0.9593038731158596,
    0.9593038731158596,
    0.9593038731158596,
    0.9593038731158596,
    0.9593038731158596,
    0.9593038731158596,
    0.9593038731158596,
    0.9593038731158596,
    0.9593038731158596,
    0.9593038731158596,
    0.9593038731158596,
    0.9593038731158596,
    0.9593038731158596,
    0.9593038731158596,
    0.9593038731158596,
    0.9593038731158596,
    0.9593038731158596,
    0.9593038731158596,
    0.9593038731158596,
    0.9593038731158596,
    0.9593038731158596,
    0.9593038731158596,
    0.9593038731158596,
    0.9593038731158596,
    0.9593038731158596,
    0.9593038731158596,
    0.9593038731158596,
    0.9593038731158596,
    0.9593038731158596,
    0.9593038731158596,
    0.9593038731158596,
    0.9593038731158596,
    0.9593038731158596,
    0.9593038731158596,
    0.9593038731158596,
    0.9593038731158596,
    0.9593038731158596,
    0.9593038731158596,
    0.9593038731158596,
    0.9593038731158596,
    0.9593038731158596,
    0.9593038731158596,
    0.9593038731158596,
    0.9593038731158596,
    0.9785688706196272,
    0.9785688706196272,
    0.9785688706196272,
    0.9785688706196272,
    0.9785688706196272,
    0.9785688706196272,
    0.9785688706196272,
    0.9785688706196272,
    0.9785688706196272,
    0.9785688706196272,
    0.9785688706196272,
    0.9785688706196272,
    0.9785688706196272,
    0.9785688706196272,
    0.9785688706196272,
    0.9785688706196272,
    0.9785688706196272,
    0.9785688706196272,
    0.9785688706196272,
    0.9785688706196272,
    0.9785688706196272,
    0.9785688706196272,
    0.9785688706196272,
    0.9785688706196272,
    0.9785688706196272,
    0.9785688706196272,
    0.9785688706196272,
    0.9785688706196272,
    0.9785688706196272,
    0.9785688706196272,
    0.9785688706196272,
    0.9785688706196272,
    0.9889899460858507,
    0.9889899460858507,
    0.9889899460858507,
    0.9889899460858507,
    0.9889899460858507,
    0.9889899460858507,
    0.9889899460858507,
    0.9889899460858507,
    0.9889899460858507,
    0.9889899460858507,
    0.9889899460858507,
    0.9889899460858507,
    0.9889899460858507,
    0.9889899460858507,
    0.9889899460858507,
    0.9889899460858507,
    0.9944180653018015,
    0.9944180653018015,
    0.9944180653018015,
    0.9944180653018015,
    0.9944180653018015,
    0.9944180653018015,
    0.9944180653018015,
    0.9944180653018015,
    0.9971893726303667,
    0.9971893726303667,
    0.9971893726303667,
    0.9971893726303667,
    0.9985897156894764,
    0.9985897156894764,
    0.9992936081401225
  ],