{
  "M": 3,
  "N": 16,
  "physical_error_rate": 0.95,
  "noise_type": "depolarizing",
  "logical_error_evolution": [
    0.8748906249999999,
    0.8748784631091159,
    0.8748649477578956,
    0.8748499280595345,
    0.8748332362439937
  ],
  "fidelity_evolution": [
    0.35370803638028925,
    0.3537252279536818,
    0.35374433174554815,
    0.35376556070435317,
    0.35378915155217283
  ],
  "purity_evolution": [
    0.125000013671875,
    0.12500001688138954,
    0.12500002084469497,
    0.12500002573895694,
    0.12500003178302896
  ],
  "success_probabilities": [
    0.5625000068359375,
    0.5625000068359375,
    0.5625000068359375,
    0.5625000068359375,
    0.5625000068359375,
    0.5625000068359375,
    0.5625000068359375,
    0.5625000068359375,
    0.5625000084406948,
    0.5625000084406948,
    0.5625000084406948,
    0.5625000084406948,
    0.5625000104223474,
    0.5625000104223474,
    0.5625000128694785
  ],
  "amplification_iterations": [
    0,
    0,
    0,
    0,
    0,
    0,
    0,
    0,
    0,
    0,
    0,
    0,
    0,
    0,
    0
  ],
  "final_logical_error": 0.8748332362439937,
  "initial_logical_error": 0.8748906249999999,
  "error_reduction_ratio": 0.9999344046508599,
  "timestamp": "2025-09-09T16:11:11.902716"
}