{
  "M": 6,
  "N": 32,
  "physical_error_rate": 0.01,
  "noise_type": "depolarizing",
  "logical_error_evolution": [
    0.057605477933390645,
    0.030536685189243608,
    0.015749212506236072,
    0.008001585375778596,
    0.0040334435981418644,
    0.0020250019129777123
  ],
  "fidelity_evolution": [
    0.9707700665279133,
    0.9846132818577842,
    0.9920941424551221,
    0.9959911719609876,
    0.9979812405059818,
    0.9989869859447732
  ],
  "purity_evolution": [
    0.888160108095565,
    0.9398739201788173,
    0.9687535497883571,
    0.9840618708926596,
    0.9919496397037894,
    0.9959541618962011
  ],
  "success_probabilities": [
    0.9440800540477825,
    0.9440800540477825,
    0.9440800540477825,
    0.9440800540477825,
    0.9440800540477825,
    0.9440800540477825,
    0.9440800540477825,
    0.9440800540477825,
    0.9440800540477825,
    0.9440800540477825,
    0.9440800540477825,
    0.9440800540477825,
    0.9440800540477825,
    0.9440800540477825,
    0.9440800540477825,
    0.9440800540477825,
    0.9699369600894087,
    0.9699369600894087,
    0.9699369600894087,
    0.9699369600894087,
    0.9699369600894087,
    0.9699369600894087,
    0.9699369600894087,
    0.9699369600894087,
    0.9843767748941785,
    0.9843767748941785,
    0.9843767748941785,
    0.9843767748941785,
    0.9920309354463298,
    0.9920309354463298,
    0.9959748198518947
  ],
  "amplification_iterations": [
    0,
    0,
    0,
    0,
    0,
    0,
    0,
    0,
    0,
    0,
    0,
    0,
    0,
    0,
    0,
    0,
    0,
    0,
    0,
    0,
    0,
    0,
    0,
    0,
    0,
    0,
    0,
    0,
    0,
    0,
    0
  ],
  "final_logical_error": 0.0020250019129777123,
  "initial_logical_error": 0.057605477933390645,
  "error_reduction_ratio": 0.035152940060999525,
  "timestamp": "2025-09-09T16:11:18.046706"
}