{
  "M": 3,
  "N": 32,
  "physical_error_rate": 0.9,
  "noise_type": "depolarizing",
  "logical_error_evolution": [
    0.874125,
    0.8740271952010703,
    0.8739183857908549,
    0.8737973165193965,
    0.8736625849314792,
    0.8735126231567707
  ],
  "fidelity_evolution": [
    0.35478866949213583,
    0.3549264780189407,
    0.35507972936953897,
    0.355250170275263,
    0.35543974885839746,
    0.3556506387499244
  ],
  "purity_evolution": [
    0.125000875,
    0.12500108154191636,
    0.12500133701633986,
    0.1250016530829194,
    0.12500204420464625,
    0.12500252833128428
  ],
  "success_probabilities": [
    0.5625004375,
    0.5625004375,
    0.5625004375,
    0.5625004375,
    0.5625004375,
    0.5625004375,
    0.5625004375,
    0.5625004375,
    0.5625004375,
    0.5625004375,
    0.5625004375,
    0.5625004375,
    0.5625004375,
    0.5625004375,
    0.5625004375,
    0.5625004375,
    0.5625005407709582,
    0.5625005407709582,
    0.5625005407709582,
    0.5625005407709582,
    0.5625005407709582,
    0.5625005407709582,
    0.5625005407709582,
    0.5625005407709582,
    0.5625006685081699,
    0.5625006685081699,
    0.5625006685081699,
    0.5625006685081699,
    0.5625008265414597,
    0.5625008265414597,
    0.5625010221023231
  ],
  "amplification_iterations": [
    0,
    0,
    0,
    0,
    0,
    0,
    0,
    0,
    0,
    0,
    0,
    0,
    0,
    0,
    0,
    0,
    0,
    0,
    0,
    0,
    0,
    0,
    0,
    0,
    0,
    0,
    0,
    0,
    0,
    0,
    0
  ],
  "final_logical_error": 0.8735126231567707,
  "initial_logical_error": 0.874125,
  "error_reduction_ratio": 0.9992994401907859,
  "timestamp": "2025-09-09T16:28:50.532486"
}