{
  "M": 1,
  "N": 8,
  "physical_error_rate": 0.25,
  "noise_type": "depolarizing",
  "logical_error_evolution": [
    0.125,
    0.07894736842105264,
    0.045929798356982784,
    0.025120457128257723
  ],
  "fidelity_evolution": [
    0.9354143466934853,
    0.9597148699373931,
    0.9767651722103001,
    0.9873598851845978
  ],
  "purity_evolution": [
    0.78125,
    0.8545706371191135,
    0.9123594960402608,
    0.9510211604761498
  ],
  "success_probabilities": [
    0.890625,
    0.890625,
    0.890625,
    0.890625,
    0.9272853185595568,
    0.9272853185595568,
    0.9561797480201304
  ],
  "amplification_iterations": [
    0,
    0,
    0,
    0,
    0,
    0,
    0
  ],
  "final_logical_error": 0.025120457128257723,
  "initial_logical_error": 0.125,
  "error_reduction_ratio": 0.20096365702606178,
  "timestamp": "2025-09-09T15:33:19.273265"
}