{
  "M": 2,
  "N": 256,
  "physical_error_rate": 0.5,
  "noise_type": "depolarizing",
  "logical_error_evolution": [
    0.5625,
    0.5150602409638554,
    0.4559468648041016,
    0.38471155781647304,
    0.3039719662519453,
    0.2209342255635595,
    0.14613282741465122,
    0.08826773445206613,
    0.049548578459567
  ],
  "fidelity_evolution": [
    0.6614378277661477,
    0.6963761620246234,
    0.7375995764613061,
    0.7844032395289599,
    0.8342829458571323,
    0.8826470270931865,
    0.9240493344975412,
    0.954846723588626,
    0.9749109813415956
  ],
  "purity_evolution": [
    0.296875,
    0.3235955871679489,
    0.3652896617580496,
    0.4279141946571569,
    0.5152546758522076,
    0.6232141249067072,
    0.736207416168298,
    0.8338527883562685,
    0.9041762585840181
  ],
  "success_probabilities": [
    0.6484375,
    0.6484375,
    0.6484375,
    0.6484375,
    0.6484375,
    0.6484375,
    0.6484375,
    0.6484375,
    0.6484375,
    0.6484375,
    0.6484375,
    0.6484375,
    0.6484375,
    0.6484375,
    0.6484375,
    0.6484375,
    0.6484375,
    0.6484375,
    0.6484375,
    0.6484375,
    0.6484375,
    0.6484375,
    0.6484375,
    0.6484375,
    0.6484375,
    0.6484375,
    0.6484375,
    0.6484375,
    0.6484375,
    0.6484375,
    0.6484375,
    0.6484375,
    0.6484375,
    0.6484375,
    0.6484375,
    0.6484375,
    0.6484375,
    0.6484375,
    0.6484375,
    0.6484375,
    0.6484375,
    0.6484375,
    0.6484375,
    0.6484375,
    0.6484375,
    0.6484375,
    0.6484375,
    0.6484375,
    0.6484375,
    0.6484375,
    0.6484375,
    0.6484375,
    0.6484375,
    0.6484375,
    0.6484375,
    0.6484375,
    0.6484375,
    0.6484375,
    0.6484375,
    0.6484375,
    0.6484375,
    0.6484375,
    0.6484375,
    0.6484375,
    0.6484375,
    0.6484375,
    0.6484375,
    0.6484375,
    0.6484375,
    0.6484375,
    0.6484375,
    0.6484375,
    0.6484375,
    0.6484375,
    0.6484375,
    0.6484375,
    0.6484375,
    0.6484375,
    0.6484375,
    0.6484375,
    0.6484375,
    0.6484375,
    0.6484375,
    0.6484375,
    0.6484375,
    0.6484375,
    0.6484375,
    0.6484375,
    0.6484375,
    0.6484375,
    0.6484375,
    0.6484375,
    0.6484375,
    0.6484375,
    0.6484375,
    0.6484375,
    0.6484375,
    0.6484375,
    0.6484375,
    0.6484375,
    0.6484375,
    0.6484375,
    0.6484375,
    0.6484375,
    0.6484375,
    0.6484375,
    0.6484375,
    0.6484375,
    0.6484375,
    0.6484375,
    0.6484375,
    0.6484375,
    0.6484375,
    0.6484375,
    0.6484375,
    0.6484375,
    0.6484375,
    0.6484375,
    0.6484375,
    0.6484375,
    0.6484375,
    0.6484375,
    0.6484375,
    0.6484375,
    0.6484375,
    0.6484375,
    0.6484375,
    0.6484375,
    0.6617977935839745,
    0.6617977935839745,
    0.6617977935839745,
    0.6617977935839745,
    0.6617977935839745,
    0.6617977935839745,
    0.6617977935839745,
    0.6617977935839745,
    0.6617977935839745,
    0.6617977935839745,
    0.6617977935839745,
    0.6617977935839745,
    0.6617977935839745,
    0.6617977935839745,
    0.6617977935839745,
    0.6617977935839745,
    0.6617977935839745,
    0.6617977935839745,
    0.6617977935839745,
    0.6617977935839745,
    0.6617977935839745,
    0.6617977935839745,
    0.6617977935839745,
    0.6617977935839745,
    0.6617977935839745,
    0.6617977935839745,
    0.6617977935839745,
    0.6617977935839745,
    0.6617977935839745,
    0.6617977935839745,
    0.6617977935839745,
    0.6617977935839745,
    0.6617977935839745,
    0.6617977935839745,
    0.6617977935839745,
    0.6617977935839745,
    0.6617977935839745,
    0.6617977935839745,
    0.6617977935839745,
    0.6617977935839745,
    0.6617977935839745,
    0.6617977935839745,
    0.6617977935839745,
    0.6617977935839745,
    0.6617977935839745,
    0.6617977935839745,
    0.6617977935839745,
    0.6617977935839745,
    0.6617977935839745,
    0.6617977935839745,
    0.6617977935839745,
    0.6617977935839745,
    0.6617977935839745,
    0.6617977935839745,
    0.6617977935839745,
    0.6617977935839745,
    0.6617977935839745,
    0.6617977935839745,
    0.6617977935839745,
    0.6617977935839745,
    0.6617977935839745,
    0.6617977935839745,
    0.6617977935839745,
    0.6617977935839745,
    0.6826448308790248,
    0.6826448308790248,
    0.6826448308790248,
    0.6826448308790248,
    0.6826448308790248,
    0.6826448308790248,
    0.6826448308790248,
    0.6826448308790248,
    0.6826448308790248,
    0.6826448308790248,
    0.6826448308790248,
    0.6826448308790248,
    0.6826448308790248,
    0.6826448308790248,
    0.6826448308790248,
    0.6826448308790248,
    0.6826448308790248,
    0.6826448308790248,
    0.6826448308790248,
    0.6826448308790248,
    0.6826448308790248,
    0.6826448308790248,
    0.6826448308790248,
    0.6826448308790248,
    0.6826448308790248,
    0.6826448308790248,
    0.6826448308790248,
    0.6826448308790248,
    0.6826448308790248,
    0.6826448308790248,
    0.6826448308790248,
    0.6826448308790248,
    0.7139570973285785,
    0.7139570973285785,
    0.7139570973285785,
    0.7139570973285785,
    0.7139570973285785,
    0.7139570973285785,
    0.7139570973285785,
    0.7139570973285785,
    0.7139570973285785,
    0.7139570973285785,
    0.7139570973285785,
    0.7139570973285785,
    0.7139570973285785,
    0.7139570973285785,
    0.7139570973285785,
    0.7139570973285785,
    0.7576273379261038,
    0.7576273379261038,
    0.7576273379261038,
    0.7576273379261038,
    0.7576273379261038,
    0.7576273379261038,
    0.7576273379261038,
    0.7576273379261038,
    0.8116070624533536,
    0.8116070624533536,
    0.8116070624533536,
    0.8116070624533536,
    0.8681037080841489,
    0.8681037080841489,
    0.9169263941781343
  ],
  "amplification_iterations": [
    0,
    0,
    0,
    0,
    0,
    0,
    0,
    0,
    0,
    0,
    0,
    0,
    0,
    0,
    0,
    0,
    0,
    0,
    0,
    0,
    0,
    0,
    0,
    0,
    0,
    0,
    0,
    0,
    0,
    0,
    0,
    0,
    0,
    0,
    0,
    0,
    0,
    0,
    0,
    0,
    0,
    0,
    0,
    0,
    0,
    0,
    0,
    0,
    0,
    0,
    0,
    0,
    0,
    0,
    0,
    0,
    0,
    0,
    0,
    0,
    0,
    0,
    0,
    0,
    0,
    0,
    0,
    0,
    0,
    0,
    0,
    0,
    0,
    0,
    0,
    0,
    0,
    0,
    0,
    0,
    0,
    0,
    0,
    0,
    0,
    0,
    0,
    0,
    0,
    0,
    0,
    0,
    0,
    0,
    0,
    0,
    0,
    0,
    0,
    0,
    0,
    0,
    0,
    0,
    0,
    0,
    0,
    0,
    0,
    0,
    0,
    0,
    0,
    0,
    0,
    0,
    0,
    0,
    0,
    0,
    0,
    0,
    0,
    0,
    0,
    0,
    0,
    0,
    0,
    0,
    0,
    0,
    0,
    0,
    0,
    0,
    0,
    0,
    0,
    0,
    0,
    0,
    0,
    0,
    0,
    0,
    0,
    0,
    0,
    0,
    0,
    0,
    0,
    0,
    0,
    0,
    0,
    0,
    0,
    0,
    0,
    0,
    0,
    0,
    0,
    0,
    0,
    0,
    0,
    0,
    0,
    0,
    0,
    0,
    0,
    0,
    0,
    0,
    0,
    0,
    0,
    0,
    0,
    0,
    0,
    0,
    0,
    0,
    0,
    0,
    0,
    0,
    0,
    0,
    0,
    0,
    0,
    0,
    0,
    0,
    0,
    0,
    0,
    0,
    0,
    0,
    0,
    0,
    0,
    0,
    0,
    0,
    0,
    0,
    0,
    0,
    0,
    0,
    0,
    0,
    0,
    0,
    0,
    0,
    0,
    0,
    0,
    0,
    0,
    0,
    0,
    0,
    0,
    0,
    0,
    0,
    0,
    0,
    0,
    0,
    0,
    0,
    0,
    0,
    0,
    0,
    0,
    0,
    0,
    0,
    0,
    0,
    0,
    0,
    0
  ],
  "final_logical_error": 0.049548578459567,
  "initial_logical_error": 0.5625,
  "error_reduction_ratio": 0.08808636170589688,
  "timestamp": "2025-09-09T16:26:21.099846"
}