{
  "M": 3,
  "N": 32,
  "physical_error_rate": 0.8,
  "noise_type": "depolarizing",
  "logical_error_evolution": [
    0.868,
    0.8671852778883895,
    0.8662709875392234,
    0.8652437986106006,
    0.8640883105966669,
    0.8627866617616008
  ],
  "fidelity_evolution": [
    0.363318042491699,
    0.364437542127057,
    0.3656897762595731,
    0.36709154360921936,
    0.368662025984957,
    0.3704231880409204
  ],
  "purity_evolution": [
    0.125056,
    0.12506979415049335,
    0.1250870807526176,
    0.12510878110348628,
    0.12513607424643977,
    0.125170475006772
  ],
  "success_probabilities": [
    0.562528,
    0.562528,
    0.562528,
    0.562528,
    0.562528,
    0.562528,
    0.562528,
    0.562528,
    0.562528,
    0.562528,
    0.562528,
    0.562528,
    0.562528,
    0.562528,
    0.562528,
    0.562528,
    0.5625348970752466,
    0.5625348970752466,
    0.5625348970752466,
    0.5625348970752466,
    0.5625348970752466,
    0.5625348970752466,
    0.5625348970752466,
    0.5625348970752466,
    0.5625435403763088,
    0.5625435403763088,
    0.5625435403763088,
    0.5625435403763088,
    0.5625543905517432,
    0.5625543905517432,
    0.5625680371232199
  ],
  "amplification_iterations": [
    0,
    0,
    0,
    0,
    0,
    0,
    0,
    0,
    0,
    0,
    0,
    0,
    0,
    0,
    0,
    0,
    0,
    0,
    0,
    0,
    0,
    0,
    0,
    0,
    0,
    0,
    0,
    0,
    0,
    0,
    0
  ],
  "final_logical_error": 0.8627866617616008,
  "initial_logical_error": 0.868,
  "error_reduction_ratio": 0.9939938499557613,
  "timestamp": "2025-09-09T16:26:22.537555"
}