{
  "M": 7,
  "N": 32,
  "physical_error_rate": 0.5,
  "noise_type": "depolarizing",
  "logical_error_evolution": [
    0.98443603515625,
    0.9843172692087147,
    0.9841957782758216,
    0.9840714718055298,
    0.9839442552191945,
    0.9838140296863095
  ],
  "fidelity_evolution": [
    0.12475562048961962,
    0.12523071025625096,
    0.12571484289525114,
    0.12620827308251334,
    0.12671126540606195,
    0.12722409486292205
  ],
  "purity_evolution": [
    0.007873058319091797,
    0.00787492825343808,
    0.007876870510731788,
    0.007878888574390869,
    0.00788098613242586,
    0.00788316709174853
  ],
  "success_probabilities": [
    0.5039365291595459,
    0.5039365291595459,
    0.5039365291595459,
    0.5039365291595459,
    0.5039365291595459,
    0.5039365291595459,
    0.5039365291595459,
    0.5039365291595459,
    0.5039365291595459,
    0.5039365291595459,
    0.5039365291595459,
    0.5039365291595459,
    0.5039365291595459,
    0.5039365291595459,
    0.5039365291595459,
    0.5039365291595459,
    0.503937464126719,
    0.503937464126719,
    0.503937464126719,
    0.503937464126719,
    0.503937464126719,
    0.503937464126719,
    0.503937464126719,
    0.503937464126719,
    0.5039384352553659,
    0.5039384352553659,
    0.5039384352553659,
    0.5039384352553659,
    0.5039394442871954,
    0.5039394442871954,
    0.5039404930662129
  ],
  "amplification_iterations": [
    0,
    0,
    0,
    0,
    0,
    0,
    0,
    0,
    0,
    0,
    0,
    0,
    0,
    0,
    0,
    0,
    0,
    0,
    0,
    0,
    0,
    0,
    0,
    0,
    0,
    0,
    0,
    0,
    0,
    0,
    0
  ],
  "final_logical_error": 0.9838140296863095,
  "initial_logical_error": 0.98443603515625,
  "error_reduction_ratio": 0.9993681606039119,
  "timestamp": "2025-09-09T16:26:37.344004"
}