{
  "M": 1,
  "N": 8,
  "physical_error_rate": 0.05,
  "noise_type": "depolarizing",
  "logical_error_evolution": [
    0.025000000000000012,
    0.013132607303010902,
    0.0067398862207959645,
    0.0034155212142080883
  ],
  "fidelity_evolution": [
    0.9874208829065749,
    0.993411995446496,
    0.9966243594149222,
    0.9982907786741255
  ],
  "purity_evolution": [
    0.9512499999999999,
    0.9740797161431283,
    0.9866110796909466,
    0.9931922891419134
  ],
  "success_probabilities": [
    0.975625,
    0.975625,
    0.975625,
    0.975625,
    0.9870398580715641,
    0.9870398580715641,
    0.9933055398454733
  ],
  "amplification_iterations": [
    0,
    0,
    0,
    0,
    0,
    0,
    0
  ],
  "final_logical_error": 0.0034155212142080883,
  "initial_logical_error": 0.025000000000000012,
  "error_reduction_ratio": 0.13662084856832346,
  "timestamp": "2025-09-09T15:32:30.195764"
}