{
  "M": 2,
  "N": 256,
  "physical_error_rate": 0.8,
  "noise_type": "depolarizing",
  "logical_error_evolution": [
    0.72,
    0.7135549872122762,
    0.7056204669439625,
    0.6958079864887582,
    0.683611270774758,
    0.6683666601520325,
    0.6492023544668911,
    0.6249789869513801,
    0.5942355953400453
  ],
  "fidelity_evolution": [
    0.5291502622129182,
    0.535205579929548,
    0.5425675377831202,
    0.5515360491493206,
    0.5624844257623869,
    0.5758761497474674,
    0.5922817281776545,
    0.6123895925378058,
    0.6369963929724834
  ],
  "purity_evolution": [
    0.2512,
    0.25177098527612984,
    0.25262605727236265,
    0.2539156991045368,
    0.2558766178241901,
    0.2588853362329784,
    0.26354688712669105,
    0.27084033827160414,
    0.28235006634542675
  ],
  "success_probabilities": [
    0.6255999999999999,
    0.6255999999999999,
    0.6255999999999999,
    0.6255999999999999,
    0.6255999999999999,
    0.6255999999999999,
    0.6255999999999999,
    0.6255999999999999,
    0.6255999999999999,
    0.6255999999999999,
    0.6255999999999999,
    0.6255999999999999,
    0.6255999999999999,
    0.6255999999999999,
    0.6255999999999999,
    0.6255999999999999,
    0.6255999999999999,
    0.6255999999999999,
    0.6255999999999999,
    0.6255999999999999,
    0.6255999999999999,
    0.6255999999999999,
    0.6255999999999999,
    0.6255999999999999,
    0.6255999999999999,
    0.6255999999999999,
    0.6255999999999999,
    0.6255999999999999,
    0.6255999999999999,
    0.6255999999999999,
    0.6255999999999999,
    0.6255999999999999,
    0.6255999999999999,
    0.6255999999999999,
    0.6255999999999999,
    0.6255999999999999,
    0.6255999999999999,
    0.6255999999999999,
    0.6255999999999999,
    0.6255999999999999,
    0.6255999999999999,
    0.6255999999999999,
    0.6255999999999999,
    0.6255999999999999,
    0.6255999999999999,
    0.6255999999999999,
    0.6255999999999999,
    0.6255999999999999,
    0.6255999999999999,
    0.6255999999999999,
    0.6255999999999999,
    0.6255999999999999,
    0.6255999999999999,
    0.6255999999999999,
    0.6255999999999999,
    0.6255999999999999,
    0.6255999999999999,
    0.6255999999999999,
    0.6255999999999999,
    0.6255999999999999,
    0.6255999999999999,
    0.6255999999999999,
    0.6255999999999999,
    0.6255999999999999,
    0.6255999999999999,
    0.6255999999999999,
    0.6255999999999999,
    0.6255999999999999,
    0.6255999999999999,
    0.6255999999999999,
    0.6255999999999999,
    0.6255999999999999,
    0.6255999999999999,
    0.6255999999999999,
    0.6255999999999999,
    0.6255999999999999,
    0.6255999999999999,
    0.6255999999999999,
    0.6255999999999999,
    0.6255999999999999,
    0.6255999999999999,
    0.6255999999999999,
    0.6255999999999999,
    0.6255999999999999,
    0.6255999999999999,
    0.6255999999999999,
    0.6255999999999999,
    0.6255999999999999,
    0.6255999999999999,
    0.6255999999999999,
    0.6255999999999999,
    0.6255999999999999,
    0.6255999999999999,
    0.6255999999999999,
    0.6255999999999999,
    0.6255999999999999,
    0.6255999999999999,
    0.6255999999999999,
    0.6255999999999999,
    0.6255999999999999,
    0.6255999999999999,
    0.6255999999999999,
    0.6255999999999999,
    0.6255999999999999,
    0.6255999999999999,
    0.6255999999999999,
    0.6255999999999999,
    0.6255999999999999,
    0.6255999999999999,
    0.6255999999999999,
    0.6255999999999999,
    0.6255999999999999,
    0.6255999999999999,
    0.6255999999999999,
    0.6255999999999999,
    0.6255999999999999,
    0.6255999999999999,
    0.6255999999999999,
    0.6255999999999999,
    0.6255999999999999,
    0.6255999999999999,
    0.6255999999999999,
    0.6255999999999999,
    0.6255999999999999,
    0.6255999999999999,
    0.6255999999999999,
    0.6255999999999999,
    0.6255999999999999,
    0.6258854926380649,
    0.6258854926380649,
    0.6258854926380649,
    0.6258854926380649,
    0.6258854926380649,
    0.6258854926380649,
    0.6258854926380649,
    0.6258854926380649,
    0.6258854926380649,
    0.6258854926380649,
    0.6258854926380649,
    0.6258854926380649,
    0.6258854926380649,
    0.6258854926380649,
    0.6258854926380649,
    0.6258854926380649,
    0.6258854926380649,
    0.6258854926380649,
    0.6258854926380649,
    0.6258854926380649,
    0.6258854926380649,
    0.6258854926380649,
    0.6258854926380649,
    0.6258854926380649,
    0.6258854926380649,
    0.6258854926380649,
    0.6258854926380649,
    0.6258854926380649,
    0.6258854926380649,
    0.6258854926380649,
    0.6258854926380649,
    0.6258854926380649,
    0.6258854926380649,
    0.6258854926380649,
    0.6258854926380649,
    0.6258854926380649,
    0.6258854926380649,
    0.6258854926380649,
    0.6258854926380649,
    0.6258854926380649,
    0.6258854926380649,
    0.6258854926380649,
    0.6258854926380649,
    0.6258854926380649,
    0.6258854926380649,
    0.6258854926380649,
    0.6258854926380649,
    0.6258854926380649,
    0.6258854926380649,
    0.6258854926380649,
    0.6258854926380649,
    0.6258854926380649,
    0.6258854926380649,
    0.6258854926380649,
    0.6258854926380649,
    0.6258854926380649,
    0.6258854926380649,
    0.6258854926380649,
    0.6258854926380649,
    0.6258854926380649,
    0.6258854926380649,
    0.6258854926380649,
    0.6258854926380649,
    0.6258854926380649,
    0.6263130286361813,
    0.6263130286361813,
    0.6263130286361813,
    0.6263130286361813,
    0.6263130286361813,
    0.6263130286361813,
    0.6263130286361813,
    0.6263130286361813,
    0.6263130286361813,
    0.6263130286361813,
    0.6263130286361813,
    0.6263130286361813,
    0.6263130286361813,
    0.6263130286361813,
    0.6263130286361813,
    0.6263130286361813,
    0.6263130286361813,
    0.6263130286361813,
    0.6263130286361813,
    0.6263130286361813,
    0.6263130286361813,
    0.6263130286361813,
    0.6263130286361813,
    0.6263130286361813,
    0.6263130286361813,
    0.6263130286361813,
    0.6263130286361813,
    0.6263130286361813,
    0.6263130286361813,
    0.6263130286361813,
    0.6263130286361813,
    0.6263130286361813,
    0.6269578495522684,
    0.6269578495522684,
    0.6269578495522684,
    0.6269578495522684,
    0.6269578495522684,
    0.6269578495522684,
    0.6269578495522684,
    0.6269578495522684,
    0.6269578495522684,
    0.6269578495522684,
    0.6269578495522684,
    0.6269578495522684,
    0.6269578495522684,
    0.6269578495522684,
    0.6269578495522684,
    0.6269578495522684,
    0.627938308912095,
    0.627938308912095,
    0.627938308912095,
    0.627938308912095,
    0.627938308912095,
    0.627938308912095,
    0.627938308912095,
    0.627938308912095,
    0.6294426681164892,
    0.6294426681164892,
    0.6294426681164892,
    0.6294426681164892,
    0.6317734435633455,
    0.6317734435633455,
    0.6354201691358021
  ],