{
  "M": 5,
  "N": 16,
  "physical_error_rate": 0.99,
  "noise_type": "depolarizing",
  "logical_error_evolution": [
    0.9687499999031249,
    0.9687499999001894,
    0.9687499998971647,
    0.9687499998940486,
    0.968749999890838
  ],
  "fidelity_evolution": [
    0.17677669557064077,
    0.17677669557894393,
    0.1767766955874987,
    0.17677669559631268,
    0.17677669560539375
  ],
  "purity_evolution": [
    0.03125,
    0.03124999999999999,
    0.031249999999999997,
    0.031249999999999993,
    0.03125
  ],
  "success_probabilities": [
    0.515625,
    0.515625,
    0.515625,
    0.515625,
    0.515625,
    0.515625,
    0.515625,
    0.515625,
    0.515625,
    0.515625,
    0.515625,
    0.515625,
    0.515625,
    0.515625,
    0.515625
  ],
  "amplification_iterations": [
    0,
    0,
    0,
    0,
    0,
    0,
    0,
    0,
    0,
    0,
    0,
    0,
    0,
    0,
    0
  ],
  "final_logical_error": 0.968749999890838,
  "initial_logical_error": 0.9687499999031249,
  "error_reduction_ratio": 0.9999999999873167,
  "timestamp": "2025-09-09T16:28:54.000106"
}