{
  "M": 8,
  "N": 8,
  "physical_error_rate": 0.1,
  "noise_type": "depolarizing",
  "logical_error_evolution": [
    0.5673080525390628,
    0.4783993364057442,
    0.3765201227515826,
    0.2714177342240534
  ],
  "fidelity_evolution": [
    0.6577932406622445,
    0.7222192628241481,
    0.789607419701979,
    0.8535703051160732
  ],
  "purity_evolution": [
    0.18848443287391392,
    0.27296476569362865,
    0.3892831079330615,
    0.5311210104990985
  ],
  "success_probabilities": [
    0.594242216436957,
    0.594242216436957,
    0.594242216436957,
    0.594242216436957,
    0.6364823828468144,
    0.6364823828468144,
    0.6946415539665307
  ],
  "amplification_iterations": [
    0,
    0,
    0,
    0,
    0,
    0,
    0
  ],
  "final_logical_error": 0.2714177342240534,
  "initial_logical_error": 0.5673080525390628,
  "error_reduction_ratio": 0.4784309565310895,
  "timestamp": "2025-09-09T16:27:07.079160"
}