{
  "M": 10,
  "N": 8,
  "physical_error_rate": 0.01,
  "noise_type": "depolarizing",
  "logical_error_evolution": [
    0.09552454811132141,
    0.052546212282003464,
    0.027691259874301887,
    0.01423471905669765
  ],
  "fidelity_evolution": [
    0.9510391431947891,
    0.9733723787523441,
    0.9860571687917989,
    0.9928571301769971
  ],
  "purity_evolution": [
    0.818084762853483,
    0.8976713788879873,
    0.9453850356906812,
    0.971733387184808
  ],
  "success_probabilities": [
    0.9090423814267414,
    0.9090423814267414,
    0.9090423814267414,
    0.9090423814267414,
    0.9488356894439937,
    0.9488356894439937,
    0.9726925178453406
  ],
  "amplification_iterations": [
    0,
    0,
    0,
    0,
    0,
    0,
    0
  ],
  "final_logical_error": 0.01423471905669765,
  "initial_logical_error": 0.09552454811132141,
  "error_reduction_ratio": 0.14901634541216505,
  "timestamp": "2025-09-09T16:53:23.267536"
}