{
  "M": 9,
  "N": 32,
  "physical_error_rate": 0.8,
  "noise_type": "depolarizing",
  "logical_error_evolution": [
    0.9980463639999996,
    0.9980463630036386,
    0.9980463620053341,
    0.9980463610050819,
    0.9980463600028805,
    0.998046358998723
  ],
  "fidelity_evolution": [
    0.04419995475110752,
    0.044199966022174936,
    0.04419997731522184,
    0.044199988630291114,
    0.044199999967425734,
    0.04420001132666873
  ],
  "purity_evolution": [
    0.0019531250002616314,
    0.001953125000262653,
    0.0019531250002636784,
    0.001953125000264709,
    0.001953125000265741,
    0.0019531250002667792
  ],
  "success_probabilities": [
    0.5009765625001308,
    0.5009765625001308,
    0.5009765625001308,
    0.5009765625001308,
    0.5009765625001308,
    0.5009765625001308,
    0.5009765625001308,
    0.5009765625001308,
    0.5009765625001308,
    0.5009765625001308,
    0.5009765625001308,
    0.5009765625001308,
    0.5009765625001308,
    0.5009765625001308,
    0.5009765625001308,
    0.5009765625001308,
    0.5009765625001313,
    0.5009765625001313,
    0.5009765625001313,
    0.5009765625001313,
    0.5009765625001313,
    0.5009765625001313,
    0.5009765625001313,
    0.5009765625001313,
    0.5009765625001319,
    0.5009765625001319,
    0.5009765625001319,
    0.5009765625001319,
    0.5009765625001323,
    0.5009765625001323,
    0.5009765625001329
  ],
  "amplification_iterations": [
    0,
    0,
    0,
    0,
    0,
    0,
    0,
    0,
    0,
    0,
    0,
    0,
    0,
    0,
    0,
    0,
    0,
    0,
    0,
    0,
    0,
    0,
    0,
    0,
    0,
    0,
    0,
    0,
    0,
    0,
    0
  ],
  "final_logical_error": 0.998046358998723,
  "initial_logical_error": 0.9980463639999996,
  "error_reduction_ratio": 0.9999999949889335,
  "timestamp": "2025-09-09T16:32:10.089794"
}