{
  "M": 1,
  "N": 8,
  "physical_error_rate": 0.4,
  "noise_type": "depolarizing",
  "logical_error_evolution": [
    0.19999999999999998,
    0.14285714285714282,
    0.09302325581395346,
    0.05552274069698753
  ],
  "fidelity_evolution": [
    0.8944271909999159,
    0.9258200997725515,
    0.9523532664857335,
    0.9718421987663494
  ],
  "purity_evolution": [
    0.6800000000000002,
    0.7551020408163267,
    0.8312601406165496,
    0.8951200680750349
  ],
  "success_probabilities": [
    0.8400000000000001,
    0.8400000000000001,
    0.8400000000000001,
    0.8400000000000001,
    0.8775510204081634,
    0.8775510204081634,
    0.9156300703082748
  ],
  "amplification_iterations": [
    0,
    0,
    0,
    0,
    0,
    0,
    0
  ],
  "final_logical_error": 0.05552274069698753,
  "initial_logical_error": 0.19999999999999998,
  "error_reduction_ratio": 0.2776137034849377,
  "timestamp": "2025-09-09T15:33:19.797750"
}