{
  "M": 1,
  "N": 128,
  "physical_error_rate": 0.25,
  "noise_type": "depolarizing",
  "logical_error_evolution": [
    0.125,
    0.07894736842105264,
    0.045929798356982784,
    0.025120457128257723,
    0.013198982674439946,
    0.006774838620682819,
    0.003433472158280374,
    0.0017285449783767258
  ],
  "fidelity_evolution": [
    0.9354143466934853,
    0.9597148699373931,
    0.9767651722103001,
    0.9873598851845978,
    0.9933785871084397,
    0.9966068238675255,
    0.9982817877942678,
    0.9991353537042033
  ],
  "purity_evolution": [
    0.78125,
    0.8545706371191135,
    0.9123594960402608,
    0.9510211604761498,
    0.9739504609384004,
    0.9865421196353068,
    0.9931566331455626,
    0.996548885778731
  ],
  "success_probabilities": [
    0.890625,
    0.890625,
    0.890625,
    0.890625,
    0.890625,
    0.890625,
    0.890625,
    0.890625,
    0.890625,
    0.890625,
    0.890625,
    0.890625,
    0.890625,
    0.890625,
    0.890625,
    0.890625,
    0.890625,
    0.890625,
    0.890625,
    0.890625,
    0.890625,
    0.890625,
    0.890625,
    0.890625,
    0.890625,
    0.890625,
    0.890625,
    0.890625,
    0.890625,
    0.890625,
    0.890625,
    0.890625,
    0.890625,
    0.890625,
    0.890625,
    0.890625,
    0.890625,
    0.890625,
    0.890625,
    0.890625,
    0.890625,
    0.890625,
    0.890625,
    0.890625,
    0.890625,
    0.890625,
    0.890625,
    0.890625,
    0.890625,
    0.890625,
    0.890625,
    0.890625,
    0.890625,
    0.890625,
    0.890625,
    0.890625,
    0.890625,
    0.890625,
    0.890625,
    0.890625,
    0.890625,
    0.890625,
    0.890625,
    0.890625,
    0.9272853185595568,
    0.9272853185595568,
    0.9272853185595568,
    0.9272853185595568,
    0.9272853185595568,
    0.9272853185595568,
    0.9272853185595568,
    0.9272853185595568,
    0.9272853185595568,
    0.9272853185595568,
    0.9272853185595568,
    0.9272853185595568,
    0.9272853185595568,
    0.9272853185595568,
    0.9272853185595568,
    0.9272853185595568,
    0.9272853185595568,
    0.9272853185595568,
    0.9272853185595568,
    0.9272853185595568,
    0.9272853185595568,
    0.9272853185595568,
    0.9272853185595568,
    0.9272853185595568,
    0.9272853185595568,
    0.9272853185595568,
    0.9272853185595568,
    0.9272853185595568,
    0.9272853185595568,
    0.9272853185595568,
    0.9272853185595568,
    0.9272853185595568,
    0.9561797480201304,
    0.9561797480201304,
    0.9561797480201304,
    0.9561797480201304,
    0.9561797480201304,
    0.9561797480201304,
    0.9561797480201304,
    0.9561797480201304,
    0.9561797480201304,
    0.9561797480201304,
    0.9561797480201304,
    0.9561797480201304,
    0.9561797480201304,
    0.9561797480201304,
    0.9561797480201304,
    0.9561797480201304,
    0.9755105802380749,
    0.9755105802380749,
    0.9755105802380749,
    0.9755105802380749,
    0.9755105802380749,
    0.9755105802380749,
    0.9755105802380749,
    0.9755105802380749,
    0.9869752304692002,
    0.9869752304692002,
    0.9869752304692002,
    0.9869752304692002,
    0.9932710598176534,
    0.9932710598176534,
    0.9965783165727813
  ],
  "amplification_iterations": [
    0,
    0,
    0,
    0,
    0,
    0,
    0,
    0,
    0,
    0,
    0,
    0,
    0,
    0,
    0,
    0,
    0,
    0,
    0,
    0,
    0,
    0,
    0,
    0,
    0,
    0,
    0,
    0,
    0,
    0,
    0,
    0,
    0,
    0,
    0,
    0,
    0,
    0,
    0,
    0,
    0,
    0,
    0,
    0,
    0,
    0,
    0,
    0,
    0,
    0,
    0,
    0,
    0,
    0,
    0,
    0,
    0,
    0,
    0,
    0,
    0,
    0,
    0,
    0,
    0,
    0,
    0,
    0,
    0,
    0,
    0,
    0,
    0,
    0,
    0,
    0,
    0,
    0,
    0,
    0,
    0,
    0,
    0,
    0,
    0,
    0,
    0,
    0,
    0,
    0,
    0,
    0,
    0,
    0,
    0,
    0,
    0,
    0,
    0,
    0,
    0,
    0,
    0,
    0,
    0,
    0,
    0,
    0,
    0,
    0,
    0,
    0,
    0,
    0,
    0,
    0,
    0,
    0,
    0,
    0,
    0,
    0,
    0,
    0,
    0,
    0,
    0
  ],
  "final_logical_error": 0.0017285449783767258,
  "initial_logical_error": 0.125,
  "error_reduction_ratio": 0.013828359827013807,
  "timestamp": "2025-09-09T15:33:19.602328"
}