{
  "M": 1,
  "N": 128,
  "physical_error_rate": 0.6,
  "noise_type": "depolarizing",
  "logical_error_evolution": [
    0.30000000000000004,
    0.24683544303797472,
    0.18902229001623777,
    0.13272104754700323,
    0.08494574100110652,
    0.04996449853443864,
    0.027537632467959584,
    0.014537275048431702
  ],
  "fidelity_evolution": [
    0.8366600265340756,
    0.8678505383774473,
    0.9005430084031314,
    0.9312781284090145,
    0.9565846846980635,
    0.974697646178322,
    0.9861350655625427,
    0.9927047521552258
  ],
  "purity_evolution": [
    0.58,
    0.628184585803557,
    0.69341427221349,
    0.7697876578299414,
    0.8445400758262411,
    0.9050639051587186,
    0.9464413774679616,
    0.971348114634804
  ],
  "success_probabilities": [
    0.79,
    0.79,
    0.79,
    0.79,
    0.79,
    0.79,
    0.79,
    0.79,
    0.79,
    0.79,
    0.79,
    0.79,
    0.79,
    0.79,
    0.79,
    0.79,
    0.79,
    0.79,
    0.79,
    0.79,
    0.79,
    0.79,
    0.79,
    0.79,
    0.79,
    0.79,
    0.79,
    0.79,
    0.79,
    0.79,
    0.79,
    0.79,
    0.79,
    0.79,
    0.79,
    0.79,
    0.79,
    0.79,
    0.79,
    0.79,
    0.79,
    0.79,
    0.79,
    0.79,
    0.79,
    0.79,
    0.79,
    0.79,
    0.79,
    0.79,
    0.79,
    0.79,
    0.79,
    0.79,
    0.79,
    0.79,
    0.79,
    0.79,
    0.79,
    0.79,
    0.79,
    0.79,
    0.79,
    0.79,
    0.8140922929017784,
    0.8140922929017784,
    0.8140922929017784,
    0.8140922929017784,
    0.8140922929017784,
    0.8140922929017784,
    0.8140922929017784,
    0.8140922929017784,
    0.8140922929017784,
    0.8140922929017784,
    0.8140922929017784,
    0.8140922929017784,
    0.8140922929017784,
    0.8140922929017784,
    0.8140922929017784,
    0.8140922929017784,
    0.8140922929017784,
    0.8140922929017784,
    0.8140922929017784,
    0.8140922929017784,
    0.8140922929017784,
    0.8140922929017784,
    0.8140922929017784,
    0.8140922929017784,
    0.8140922929017784,
    0.8140922929017784,
    0.8140922929017784,
    0.8140922929017784,
    0.8140922929017784,
    0.8140922929017784,
    0.8140922929017784,
    0.8140922929017784,
    0.846707136106745,
    0.846707136106745,
    0.846707136106745,
    0.846707136106745,
    0.846707136106745,
    0.846707136106745,
    0.846707136106745,
    0.846707136106745,
    0.846707136106745,
    0.846707136106745,
    0.846707136106745,
    0.846707136106745,
    0.846707136106745,
    0.846707136106745,
    0.846707136106745,
    0.846707136106745,
    0.8848938289149707,
    0.8848938289149707,
    0.8848938289149707,
    0.8848938289149707,
    0.8848938289149707,
    0.8848938289149707,
    0.8848938289149707,
    0.8848938289149707,
    0.9222700379131206,
    0.9222700379131206,
    0.9222700379131206,
    0.9222700379131206,
    0.9525319525793593,
    0.9525319525793593,
    0.9732206887339808
  ],
  "amplification_iterations": [
    0,
    0,
    0,
    0,
    0,
    0,
    0,
    0,
    0,
    0,
    0,
    0,
    0,
    0,
    0,
    0,
    0,
    0,
    0,
    0,
    0,
    0,
    0,
    0,
    0,
    0,
    0,
    0,
    0,
    0,
    0,
    0,
    0,
    0,
    0,
    0,
    0,
    0,
    0,
    0,
    0,
    0,
    0,
    0,
    0,
    0,
    0,
    0,
    0,
    0,
    0,
    0,
    0,
    0,
    0,
    0,
    0,
    0,
    0,
    0,
    0,
    0,
    0,
    0,
    0,
    0,
    0,
    0,
    0,
    0,
    0,
    0,
    0,
    0,
    0,
    0,
    0,
    0,
    0,
    0,
    0,
    0,
    0,
    0,
    0,
    0,
    0,
    0,
    0,
    0,
    0,
    0,
    0,
    0,
    0,
    0,
    0,
    0,
    0,
    0,
    0,
    0,
    0,
    0,
    0,
    0,
    0,
    0,
    0,
    0,
    0,
    0,
    0,
    0,
    0,
    0,
    0,
    0,
    0,
    0,
    0,
    0,
    0,
    0,
    0,
    0,
    0
  ],
  "final_logical_error": 0.014537275048431702,
  "initial_logical_error": 0.30000000000000004,
  "error_reduction_ratio": 0.04845758349477233,
  "timestamp": "2025-09-09T15:33:19.691795"
}