{
  "M": 8,
  "N": 8,
  "physical_error_rate": 0.5,
  "noise_type": "depolarizing",
  "logical_error_evolution": [
    0.9922027587890625,
    0.9921726563489379,
    0.9921422048398351,
    0.9921113984063031
  ],
  "fidelity_evolution": [
    0.08830198871451027,
    0.088472276172044,
    0.08864420545170647,
    0.0888177999823049
  ],
  "purity_evolution": [
    0.003921449184417725,
    0.003921685269441658,
    0.003921925943306357,
    0.003922171316859802
  ],
  "success_probabilities": [
    0.5019607245922089,
    0.5019607245922089,
    0.5019607245922089,
    0.5019607245922089,
    0.5019608426347208,
    0.5019608426347208,
    0.5019609629716532
  ],
  "amplification_iterations": [
    0,
    0,
    0,
    0,
    0,
    0,
    0
  ],
  "final_logical_error": 0.9921113984063031,
  "initial_logical_error": 0.9922027587890625,
  "error_reduction_ratio": 0.999907921660215,
  "timestamp": "2025-09-09T16:27:07.173102"
}