{
  "M": 1,
  "N": 64,
  "physical_error_rate": 0.7999999999999999,
  "noise_type": "depolarizing",
  "logical_error_evolution": [
    0.3999999999999999,
    0.36842105263157887,
    0.32851985559566776,
    0.27998595388191216,
    0.22443343814890526,
    0.16635883220815204,
    0.1126381006814717
  ],
  "fidelity_evolution": [
    0.7745966692414834,
    0.7947194142390264,
    0.819438920484213,
    0.8485364141379483,
    0.8806625698024725,
    0.9130395214840636,
    0.9419988849879433
  ],
  "purity_evolution": [
    0.52,
    0.5346260387811634,
    0.5588108798498613,
    0.5968123609785042,
    0.6518738600208664,
    0.722632857691016,
    0.8000984820873155
  ],
  "success_probabilities": [
    0.76,
    0.76,
    0.76,
    0.76,
    0.76,
    0.76,
    0.76,
    0.76,
    0.76,
    0.76,
    0.76,
    0.76,
    0.76,
    0.76,
    0.76,
    0.76,
    0.76,
    0.76,
    0.76,
    0.76,
    0.76,
    0.76,
    0.76,
    0.76,
    0.76,
    0.76,
    0.76,
    0.76,
    0.76,
    0.76,
    0.76,
    0.76,
    0.7673130193905817,
    0.7673130193905817,
    0.7673130193905817,
    0.7673130193905817,
    0.7673130193905817,
    0.7673130193905817,
    0.7673130193905817,
    0.7673130193905817,
    0.7673130193905817,
    0.7673130193905817,
    0.7673130193905817,
    0.7673130193905817,
    0.7673130193905817,
    0.7673130193905817,
    0.7673130193905817,
    0.7673130193905817,
    0.7794054399249306,
    0.7794054399249306,
    0.7794054399249306,
    0.7794054399249306,
    0.7794054399249306,
    0.7794054399249306,
    0.7794054399249306,
    0.7794054399249306,
    0.7984061804892522,
    0.7984061804892522,
    0.7984061804892522,
    0.7984061804892522,
    0.8259369300104332,
    0.8259369300104332,
    0.861316428845508
  ],
  "amplification_iterations": [
    0,
    0,
    0,
    0,
    0,
    0,
    0,
    0,
    0,
    0,
    0,
    0,
    0,
    0,
    0,
    0,
    0,
    0,
    0,
    0,
    0,
    0,
    0,
    0,
    0,
    0,
    0,
    0,
    0,
    0,
    0,
    0,
    0,
    0,
    0,
    0,
    0,
    0,
    0,
    0,
    0,
    0,
    0,
    0,
    0,
    0,
    0,
    0,
    0,
    0,
    0,
    0,
    0,
    0,
    0,
    0,
    0,
    0,
    0,
    0,
    0,
    0,
    0
  ],
  "final_logical_error": 0.1126381006814717,
  "initial_logical_error": 0.3999999999999999,
  "error_reduction_ratio": 0.28159525170367933,
  "timestamp": "2025-09-09T15:33:19.518088"
}