{
  "M": 7,
  "N": 8,
  "physical_error_rate": 0.95,
  "noise_type": "depolarizing",
  "logical_error_evolution": [
    0.992187499224853,
    0.9921874992188444,
    0.9921874992127885,
    0.9921874992066869
  ],
  "fidelity_evolution": [
    0.08838835203320876,
    0.08838835206720015,
    0.08838835210145506,
    0.0883883521359755
  ],
  "purity_evolution": [
    0.007812500000000003,
    0.0078125,
    0.0078124999999999965,
    0.0078125
  ],
  "success_probabilities": [
    0.50390625,
    0.50390625,
    0.50390625,
    0.50390625,
    0.50390625,
    0.50390625,
    0.50390625
  ],
  "amplification_iterations": [
    0,
    0,
    0,
    0,
    0,
    0,
    0
  ],
  "final_logical_error": 0.9921874992066869,
  "initial_logical_error": 0.992187499224853,
  "error_reduction_ratio": 0.9999999999816909,
  "timestamp": "2025-09-09T16:29:04.000998"
}