{
  "M": 4,
  "N": 8,
  "physical_error_rate": 0.1,
  "noise_type": "depolarizing",
  "logical_error_evolution": [
    0.32240625,
    0.22463971004652608,
    0.14209854823809182,
    0.08256564404092007
  ],
  "fidelity_evolution": [
    0.823160828757054,
    0.8805454502485797,
    0.9262296970848583,
    0.9578279365100394
  ],
  "purity_evolution": [
    0.466063009375,
    0.6045477791920543,
    0.7373410340959481,
    0.842140269865778
  ],
  "success_probabilities": [
    0.7330315046875,
    0.7330315046875,
    0.7330315046875,
    0.7330315046875,
    0.8022738895960271,
    0.8022738895960271,
    0.868670517047974
  ],
  "amplification_iterations": [
    0,
    0,
    0,
    0,
    0,
    0,
    0
  ],
  "final_logical_error": 0.08256564404092007,
  "initial_logical_error": 0.32240625,
  "error_reduction_ratio": 0.25609194623528564,
  "timestamp": "2025-09-09T16:11:13.493082"
}