{
  "M": 2,
  "N": 32,
  "physical_error_rate": 0.2,
  "noise_type": "depolarizing",
  "logical_error_evolution": [
    0.2699999999999999,
    0.18899306447469816,
    0.12032497189168123,
    0.07036275274161467,
    0.038594777635823335,
    0.02030931382730664
  ],
  "fidelity_evolution": [
    0.8544003745317532,
    0.9005592348786957,
    0.9379099253704051,
    0.9641769792203013,
    0.9805127344222393,
    0.9897932542570157
  ],
  "purity_evolution": [
    0.5572000000000001,
    0.6696383756099867,
    0.7786541880309494,
    0.8658757171479409,
    0.9247965205426982,
    0.9599313299829013
  ],
  "success_probabilities": [
    0.7786000000000001,
    0.7786000000000001,
    0.7786000000000001,
    0.7786000000000001,
    0.7786000000000001,
    0.7786000000000001,
    0.7786000000000001,
    0.7786000000000001,
    0.7786000000000001,
    0.7786000000000001,
    0.7786000000000001,
    0.7786000000000001,
    0.7786000000000001,
    0.7786000000000001,
    0.7786000000000001,
    0.7786000000000001,
    0.8348191878049933,
    0.8348191878049933,
    0.8348191878049933,
    0.8348191878049933,
    0.8348191878049933,
    0.8348191878049933,
    0.8348191878049933,
    0.8348191878049933,
    0.8893270940154747,
    0.8893270940154747,
    0.8893270940154747,
    0.8893270940154747,
    0.9329378585739705,
    0.9329378585739705,
    0.9623982602713491
  ],
  "amplification_iterations": [
    0,
    0,
    0,
    0,
    0,
    0,
    0,
    0,
    0,
    0,
    0,
    0,
    0,
    0,
    0,
    0,
    0,
    0,
    0,
    0,
    0,
    0,
    0,
    0,
    0,
    0,
    0,
    0,
    0,
    0,
    0
  ],
  "final_logical_error": 0.02030931382730664,
  "initial_logical_error": 0.2699999999999999,
  "error_reduction_ratio": 0.07521968084187647,
  "timestamp": "2025-09-09T15:33:19.895914"
}