{
  "M": 4,
  "N": 16,
  "physical_error_rate": 0.9,
  "noise_type": "depolarizing",
  "logical_error_evolution": [
    0.93740625,
    0.9374007275744055,
    0.9373948793640448,
    0.9373886860914862,
    0.9373821273315257
  ],
  "fidelity_evolution": [
    0.250187429740185,
    0.2501984660736245,
    0.2502101529433913,
    0.25022252877891255,
    0.25023563428991125
  ],
  "purity_evolution": [
    0.062500009375,
    0.06250001051201547,
    0.06250001178703797,
    0.06250001321683862,
    0.06250001482023033
  ],
  "success_probabilities": [
    0.5312500046874999,
    0.5312500046874999,
    0.5312500046874999,
    0.5312500046874999,
    0.5312500046874999,
    0.5312500046874999,
    0.5312500046874999,
    0.5312500046874999,
    0.5312500052560077,
    0.5312500052560077,
    0.5312500052560077,
    0.5312500052560077,
    0.531250005893519,
    0.531250005893519,
    0.5312500066084194
  ],
  "amplification_iterations": [
    0,
    0,
    0,
    0,
    0,
    0,
    0,
    0,
    0,
    0,
    0,
    0,
    0,
    0,
    0
  ],
  "final_logical_error": 0.9373821273315257,
  "initial_logical_error": 0.93740625,
  "error_reduction_ratio": 0.9999742665802854,
  "timestamp": "2025-09-09T16:26:24.270992"
}