{
  "M": 1,
  "N": 64,
  "physical_error_rate": 0.65,
  "noise_type": "depolarizing",
  "logical_error_evolution": [
    0.32499999999999996,
    0.27582065652522014,
    0.21986559604357808,
    0.16186751823276105,
    0.10879399868413286,
    0.06679097690808569,
    0.03799418085295808
  ],
  "fidelity_evolution": [
    0.8215838362577492,
    0.8509872757419936,
    0.8832521746117707,
    0.9154957573726047,
    0.9440370762400527,
    0.966027444274703,
    0.9808189532972138
  ],
  "purity_evolution": [
    0.56125,
    0.6005127560815668,
    0.6569505685600396,
    0.7286671504521445,
    0.8060842709311005,
    0.8753401153765015,
    0.9268987538514586
  ],
  "success_probabilities": [
    0.780625,
    0.780625,
    0.780625,
    0.780625,
    0.780625,
    0.780625,
    0.780625,
    0.780625,
    0.780625,
    0.780625,
    0.780625,
    0.780625,
    0.780625,
    0.780625,
    0.780625,
    0.780625,
    0.780625,
    0.780625,
    0.780625,
    0.780625,
    0.780625,
    0.780625,
    0.780625,
    0.780625,
    0.780625,
    0.780625,
    0.780625,
    0.780625,
    0.780625,
    0.780625,
    0.780625,
    0.780625,
    0.8002563780407834,
    0.8002563780407834,
    0.8002563780407834,
    0.8002563780407834,
    0.8002563780407834,
    0.8002563780407834,
    0.8002563780407834,
    0.8002563780407834,
    0.8002563780407834,
    0.8002563780407834,
    0.8002563780407834,
    0.8002563780407834,
    0.8002563780407834,
    0.8002563780407834,
    0.8002563780407834,
    0.8002563780407834,
    0.8284752842800198,
    0.8284752842800198,
    0.8284752842800198,
    0.8284752842800198,
    0.8284752842800198,
    0.8284752842800198,
    0.8284752842800198,
    0.8284752842800198,
    0.8643335752260722,
    0.8643335752260722,
    0.8643335752260722,
    0.8643335752260722,
    0.9030421354655502,
    0.9030421354655502,
    0.9376700576882507
  ],
  "amplification_iterations": [
    0,
    0,
    0,
    0,
    0,
    0,
    0,
    0,
    0,
    0,
    0,
    0,
    0,
    0,
    0,
    0,
    0,
    0,
    0,
    0,
    0,
    0,
    0,
    0,
    0,
    0,
    0,
    0,
    0,
    0,
    0,
    0,
    0,
    0,
    0,
    0,
    0,
    0,
    0,
    0,
    0,
    0,
    0,
    0,
    0,
    0,
    0,
    0,
    0,
    0,
    0,
    0,
    0,
    0,
    0,
    0,
    0,
    0,
    0,
    0,
    0,
    0,
    0
  ],
  "final_logical_error": 0.03799418085295808,
  "initial_logical_error": 0.32499999999999996,
  "error_reduction_ratio": 0.11690517185525565,
  "timestamp": "2025-09-09T15:32:30.426829"
}