{
  "M": 6,
  "N": 128,
  "physical_error_rate": 0.95,
  "noise_type": "depolarizing",
  "logical_error_evolution": [
    0.9843749846191404,
    0.984374984382512,
    0.9843749841422427,
    0.9843749838982769,
    0.9843749836505581,
    0.984374983399028,
    0.9843749831436278,
    0.9843749828842989
  ],
  "fidelity_evolution": [
    0.12500006152342222,
    0.12500006246993708,
    0.12500006343101372,
    0.1250000644068762,
    0.12500006539775196,
    0.125000066403872,
    0.12500006742547082,
    0.12500006846278658
  ],
  "purity_evolution": [
    0.01562500000000024,
    0.01562500000000025,
    0.01562500000000026,
    0.01562500000000027,
    0.015625000000000278,
    0.01562500000000029,
    0.015625000000000305,
    0.015625000000000312
  ],
  "success_probabilities": [
    0.5078125000000001,
    0.5078125000000001,
    0.5078125000000001,
    0.5078125000000001,
    0.5078125000000001,
    0.5078125000000001,
    0.5078125000000001,
    0.5078125000000001,
    0.5078125000000001,
    0.5078125000000001,
    0.5078125000000001,
    0.5078125000000001,
    0.5078125000000001,
    0.5078125000000001,
    0.5078125000000001,
    0.5078125000000001,
    0.5078125000000001,
    0.5078125000000001,
    0.5078125000000001,
    0.5078125000000001,
    0.5078125000000001,
    0.5078125000000001,
    0.5078125000000001,
    0.5078125000000001,
    0.5078125000000001,
    0.5078125000000001,
    0.5078125000000001,
    0.5078125000000001,
    0.5078125000000001,
    0.5078125000000001,
    0.5078125000000001,
    0.5078125000000001,
    0.5078125000000001,
    0.5078125000000001,
    0.5078125000000001,
    0.5078125000000001,
    0.5078125000000001,
    0.5078125000000001,
    0.5078125000000001,
    0.5078125000000001,
    0.5078125000000001,
    0.5078125000000001,
    0.5078125000000001,
    0.5078125000000001,
    0.5078125000000001,
    0.5078125000000001,
    0.5078125000000001,
    0.5078125000000001,
    0.5078125000000001,
    0.5078125000000001,
    0.5078125000000001,
    0.5078125000000001,
    0.5078125000000001,
    0.5078125000000001,
    0.5078125000000001,
    0.5078125000000001,
    0.5078125000000001,
    0.5078125000000001,
    0.5078125000000001,
    0.5078125000000001,
    0.5078125000000001,
    0.5078125000000001,
    0.5078125000000001,
    0.5078125000000001,
    0.5078125000000001,
    0.5078125000000001,
    0.5078125000000001,
    0.5078125000000001,
    0.5078125000000001,
    0.5078125000000001,
    0.5078125000000001,
    0.5078125000000001,
    0.5078125000000001,
    0.5078125000000001,
    0.5078125000000001,
    0.5078125000000001,
    0.5078125000000001,
    0.5078125000000001,
    0.5078125000000001,
    0.5078125000000001,
    0.5078125000000001,
    0.5078125000000001,
    0.5078125000000001,
    0.5078125000000001,
    0.5078125000000001,
    0.5078125000000001,
    0.5078125000000001,
    0.5078125000000001,
    0.5078125000000001,
    0.5078125000000001,
    0.5078125000000001,
    0.5078125000000001,
    0.5078125000000001,
    0.5078125000000001,
    0.5078125000000001,
    0.5078125000000001,
    0.5078125000000001,
    0.5078125000000001,
    0.5078125000000001,
    0.5078125000000001,
    0.5078125000000001,
    0.5078125000000001,
    0.5078125000000001,
    0.5078125000000001,
    0.5078125000000001,
    0.5078125000000001,
    0.5078125000000001,
    0.5078125000000001,
    0.5078125000000001,
    0.5078125000000001,
    0.5078125000000001,
    0.5078125000000001,
    0.5078125000000001,
    0.5078125000000001,
    0.5078125000000001,
    0.5078125000000001,
    0.5078125000000001,
    0.5078125000000001,
    0.5078125000000001,
    0.5078125000000001,
    0.5078125000000001,
    0.5078125000000001,
    0.5078125000000001,
    0.5078125000000001,
    0.5078125000000001,
    0.5078125000000001,
    0.5078125000000001
  ],
  "amplification_iterations": [
    0,
    0,
    0,
    0,
    0,
    0,
    0,
    0,
    0,
    0,
    0,
    0,
    0,
    0,
    0,
    0,
    0,
    0,
    0,
    0,
    0,
    0,
    0,
    0,
    0,
    0,
    0,
    0,
    0,
    0,
    0,
    0,
    0,
    0,
    0,
    0,
    0,
    0,
    0,
    0,
    0,
    0,
    0,
    0,
    0,
    0,
    0,
    0,
    0,
    0,
    0,
    0,
    0,
    0,
    0,
    0,
    0,
    0,
    0,
    0,
    0,
    0,
    0,
    0,
    0,
    0,
    0,
    0,
    0,
    0,
    0,
    0,
    0,
    0,
    0,
    0,
    0,
    0,
    0,
    0,
    0,
    0,
    0,
    0,
    0,
    0,
    0,
    0,
    0,
    0,
    0,
    0,
    0,
    0,
    0,
    0,
    0,
    0,
    0,
    0,
    0,
    0,
    0,
    0,
    0,
    0,
    0,
    0,
    0,
    0,
    0,
    0,
    0,
    0,
    0,
    0,
    0,
    0,
    0,
    0,
    0,
    0,
    0,
    0,
    0,
    0,
    0
  ],
  "final_logical_error": 0.9843749828842989,
  "initial_logical_error": 0.9843749846191404,
  "error_reduction_ratio": 0.9999999982376213,
  "timestamp": "2025-09-09T16:26:29.967537"
}