{
  "M": 3,
  "N": 8,
  "physical_error_rate": 0.01,
  "noise_type": "depolarizing",
  "logical_error_evolution": [
    0.025988374999999966,
    0.013385121750082728,
    0.006795622638102674,
    0.0034242897430986057
  ],
  "fidelity_evolution": [
    0.9869202728690905,
    0.9932848927925549,
    0.9965963964222916,
    0.9982863868935113
  ],
  "purity_evolution": [
    0.9487951307258752,
    0.9734345124818513,
    0.9864615324232685,
    0.9931648213826538
  ],
  "success_probabilities": [
    0.9743975653629375,
    0.9743975653629375,
    0.9743975653629375,
    0.9743975653629375,
    0.9867172562409257,
    0.9867172562409257,
    0.9932307662116342
  ],
  "amplification_iterations": [
    0,
    0,
    0,
    0,
    0,
    0,
    0
  ],
  "final_logical_error": 0.0034242897430986057,
  "initial_logical_error": 0.025988374999999966,
  "error_reduction_ratio": 0.1317623646379818,
  "timestamp": "2025-09-09T16:11:11.878600"
}