{
  "M": 1,
  "N": 32,
  "physical_error_rate": 0.4,
  "noise_type": "depolarizing",
  "logical_error_evolution": [
    0.19999999999999998,
    0.14285714285714282,
    0.09302325581395346,
    0.05552274069698753,
    0.030924433981125474,
    0.016432838465105012
  ],
  "fidelity_evolution": [
    0.8944271909999159,
    0.9258200997725515,
    0.9523532664857335,
    0.9718421987663494,
    0.984416358061402,
    0.9917495457699463
  ],
  "purity_evolution": [
    0.6800000000000002,
    0.7551020408163267,
    0.8312601406165496,
    0.8951200680750349,
    0.9400637732718551,
    0.9676743994298305
  ],
  "success_probabilities": [
    0.8400000000000001,
    0.8400000000000001,
    0.8400000000000001,
    0.8400000000000001,
    0.8400000000000001,
    0.8400000000000001,
    0.8400000000000001,
    0.8400000000000001,
    0.8400000000000001,
    0.8400000000000001,
    0.8400000000000001,
    0.8400000000000001,
    0.8400000000000001,
    0.8400000000000001,
    0.8400000000000001,
    0.8400000000000001,
    0.8775510204081634,
    0.8775510204081634,
    0.8775510204081634,
    0.8775510204081634,
    0.8775510204081634,
    0.8775510204081634,
    0.8775510204081634,
    0.8775510204081634,
    0.9156300703082748,
    0.9156300703082748,
    0.9156300703082748,
    0.9156300703082748,
    0.9475600340375174,
    0.9475600340375174,
    0.9700318866359275
  ],
  "amplification_iterations": [
    0,
    0,
    0,
    0,
    0,
    0,
    0,
    0,
    0,
    0,
    0,
    0,
    0,
    0,
    0,
    0,
    0,
    0,
    0,
    0,
    0,
    0,
    0,
    0,
    0,
    0,
    0,
    0,
    0,
    0,
    0
  ],
  "final_logical_error": 0.016432838465105012,
  "initial_logical_error": 0.19999999999999998,
  "error_reduction_ratio": 0.08216419232552506,
  "timestamp": "2025-09-09T15:32:30.749109"
}