{
  "M": 2,
  "N": 32,
  "physical_error_rate": 0.99,
  "noise_type": "depolarizing",
  "logical_error_evolution": [
    0.7499250000000001,
    0.7499099970005401,
    0.7498919920812933,
    0.7498703842774526,
    0.749844452175605,
    0.7498133297114765
  ],
  "fidelity_evolution": [
    0.5000749943758436,
    0.5000899949003779,
    0.5001079962555155,
    0.5001295989266656,
    0.5001555236367935,
    0.5001866354557302
  ],
  "purity_evolution": [
    0.2500000075,
    0.25000001080071993,
    0.25000001555428075,
    0.25000002240031405,
    0.2500000322601676,
    0.2500000464610621
  ],
  "success_probabilities": [
    0.62500000375,
    0.62500000375,
    0.62500000375,
    0.62500000375,
    0.62500000375,
    0.62500000375,
    0.62500000375,
    0.62500000375,
    0.62500000375,
    0.62500000375,
    0.62500000375,
    0.62500000375,
    0.62500000375,
    0.62500000375,
    0.62500000375,
    0.62500000375,
    0.6250000054003599,
    0.6250000054003599,
    0.6250000054003599,
    0.6250000054003599,
    0.6250000054003599,
    0.6250000054003599,
    0.6250000054003599,
    0.6250000054003599,
    0.6250000077771404,
    0.6250000077771404,
    0.6250000077771404,
    0.6250000077771404,
    0.625000011200157,
    0.625000011200157,
    0.6250000161300838
  ],
  "amplification_iterations": [
    0,
    0,
    0,
    0,
    0,
    0,
    0,
    0,
    0,
    0,
    0,
    0,
    0,
    0,
    0,
    0,
    0,
    0,
    0,
    0,
    0,
    0,
    0,
    0,
    0,
    0,
    0,
    0,
    0,
    0,
    0
  ],
  "final_logical_error": 0.7498133297114765,
  "initial_logical_error": 0.7499250000000001,
  "error_reduction_ratio": 0.9998510913911077,
  "timestamp": "2025-09-09T16:26:20.847987"
}