{
  "M": 5,
  "N": 32,
  "physical_error_rate": 0.99,
  "noise_type": "depolarizing",
  "logical_error_evolution": [
    0.9687499999031249,
    0.9687499999001894,
    0.9687499998971647,
    0.9687499998940486,
    0.968749999890838,
    0.96874999988753
  ],
  "fidelity_evolution": [
    0.17677669557064077,
    0.17677669557894393,
    0.1767766955874987,
    0.17677669559631268,
    0.17677669560539375,
    0.17677669561475
  ],
  "purity_evolution": [
    0.03125,
    0.03124999999999999,
    0.031249999999999997,
    0.031249999999999993,
    0.03125,
    0.031249999999999997
  ],
  "success_probabilities": [
    0.515625,
    0.515625,
    0.515625,
    0.515625,
    0.515625,
    0.515625,
    0.515625,
    0.515625,
    0.515625,
    0.515625,
    0.515625,
    0.515625,
    0.515625,
    0.515625,
    0.515625,
    0.515625,
    0.515625,
    0.515625,
    0.515625,
    0.515625,
    0.515625,
    0.515625,
    0.515625,
    0.515625,
    0.515625,
    0.515625,
    0.515625,
    0.515625,
    0.515625,
    0.515625,
    0.515625
  ],
  "amplification_iterations": [
    0,
    0,
    0,
    0,
    0,
    0,
    0,
    0,
    0,
    0,
    0,
    0,
    0,
    0,
    0,
    0,
    0,
    0,
    0,
    0,
    0,
    0,
    0,
    0,
    0,
    0,
    0,
    0,
    0,
    0,
    0
  ],
  "final_logical_error": 0.96874999988753,
  "initial_logical_error": 0.9687499999031249,
  "error_reduction_ratio": 0.999999999983902,
  "timestamp": "2025-09-09T16:11:15.407501"
}