{
  "M": 1,
  "N": 16,
  "physical_error_rate": 0.75,
  "noise_type": "depolarizing",
  "logical_error_evolution": [
    0.375,
    0.33673469387755106,
    0.28978415337176566,
    0.23530809910907635,
    0.17722932574452133
  ],
  "fidelity_evolution": [
    0.7905694150420949,
    0.8144110179279557,
    0.842743048994315,
    0.8744666379519139,
    0.9070670726332638
  ],
  "purity_evolution": [
    0.53125,
    0.553311120366514,
    0.5883814043472506,
    0.6401236047945011,
    0.7083618163186727
  ],
  "success_probabilities": [
    0.765625,
    0.765625,
    0.765625,
    0.765625,
    0.765625,
    0.765625,
    0.765625,
    0.765625,
    0.776655560183257,
    0.776655560183257,
    0.776655560183257,
    0.776655560183257,
    0.7941907021736253,
    0.7941907021736253,
    0.8200618023972506
  ],
  "amplification_iterations": [
    0,
    0,
    0,
    0,
    0,
    0,
    0,
    0,
    0,
    0,
    0,
    0,
    0,
    0,
    0
  ],
  "final_logical_error": 0.17722932574452133,
  "initial_logical_error": 0.375,
  "error_reduction_ratio": 0.4726115353187235,
  "timestamp": "2025-09-09T15:32:30.254019"
}