{
  "M": 10,
  "N": 8,
  "physical_error_rate": 0.7,
  "noise_type": "depolarizing",
  "logical_error_evolution": [
    0.9990175383665038,
    0.9990175325765208,
    0.9990175267808193,
    0.9990175209793956
  ],
  "fidelity_evolution": [
    0.031344244024957085,
    0.03134433638601852,
    0.031344428838003854,
    0.03134452138100338
  ],
  "purity_evolution": [
    0.0009765625348337934,
    0.0009765625349022057,
    0.0009765625349707524,
    0.000976562535039435
  ],
  "success_probabilities": [
    0.5004882812674168,
    0.5004882812674168,
    0.5004882812674168,
    0.5004882812674168,
    0.5004882812674512,
    0.5004882812674512,
    0.5004882812674853
  ],
  "amplification_iterations": [
    0,
    0,
    0,
    0,
    0,
    0,
    0
  ],
  "final_logical_error": 0.9990175209793956,
  "initial_logical_error": 0.9990175383665038,
  "error_reduction_ratio": 0.9999999825957928,
  "timestamp": "2025-09-09T16:53:35.987725"
}