{
  "M": 1,
  "N": 16,
  "physical_error_rate": 0.1,
  "noise_type": "depolarizing",
  "logical_error_evolution": [
    0.04999999999999997,
    0.027559055118110215,
    0.014549190118973637,
    0.007487790810549484,
    0.0038001707301427686
  ],
  "fidelity_evolution": [
    0.9746794344808964,
    0.9861242035777693,
    0.9926987508207242,
    0.9962490698562536,
    0.9980981060346008
  ],
  "purity_evolution": [
    0.905,
    0.9464008928017857,
    0.9713249776282888,
    0.985136552401346,
    0.9924285411348708
  ],
  "success_probabilities": [
    0.9525,
    0.9525,
    0.9525,
    0.9525,
    0.9525,
    0.9525,
    0.9525,
    0.9525,
    0.9732004464008929,
    0.9732004464008929,
    0.9732004464008929,
    0.9732004464008929,
    0.9856624888141444,
    0.9856624888141444,
    0.992568276200673
  ],
  "amplification_iterations": [
    0,
    0,
    0,
    0,
    0,
    0,
    0,
    0,
    0,
    0,
    0,
    0,
    0,
    0,
    0
  ],
  "final_logical_error": 0.0038001707301427686,
  "initial_logical_error": 0.04999999999999997,
  "error_reduction_ratio": 0.07600341460285542,
  "timestamp": "2025-09-09T15:32:30.718537"
}