{
  "M": 2,
  "N": 16,
  "physical_error_rate": 0.7000000000000001,
  "noise_type": "depolarizing",
  "logical_error_evolution": [
    0.6825,
    0.6669735087474873,
    0.64744580810981,
    0.6227532302528745,
    0.5914073649145151
  ],
  "fidelity_evolution": [
    0.5634713834792322,
    0.5770844749709636,
    0.5937627404024186,
    0.614204175944063,
    0.6392125116778339
  ],
  "purity_evolution": [
    0.256075,
    0.2591911976662714,
    0.26402314969899987,
    0.2715889872147707,
    0.2835354985378104
  ],
  "success_probabilities": [
    0.6280375,
    0.6280375,
    0.6280375,
    0.6280375,
    0.6280375,
    0.6280375,
    0.6280375,
    0.6280375,
    0.6295955988331357,
    0.6295955988331357,
    0.6295955988331357,
    0.6295955988331357,
    0.6320115748494999,
    0.6320115748494999,
    0.6357944936073854
  ],
  "amplification_iterations": [
    0,
    0,
    0,
    0,
    0,
    0,
    0,
    0,
    0,
    0,
    0,
    0,
    0,
    0,
    0
  ],
  "final_logical_error": 0.5914073649145151,
  "initial_logical_error": 0.6825,
  "error_reduction_ratio": 0.866530937603685,
  "timestamp": "2025-09-09T15:33:19.883951"
}