{
  "M": 1,
  "N": 8,
  "physical_error_rate": 0.7,
  "noise_type": "depolarizing",
  "logical_error_evolution": [
    0.35,
    0.3058252427184466,
    0.2534926855535944,
    0.19595745479515314
  ],
  "fidelity_evolution": [
    0.806225774829855,
    0.8331715053226156,
    0.86400654768723,
    0.8966841948004028
  ],
  "purity_evolution": [
    0.545,
    0.5754076727307004,
    0.6215317121511581,
    0.6848837385892828
  ],
  "success_probabilities": [
    0.7725,
    0.7725,
    0.7725,
    0.7725,
    0.7877038363653501,
    0.7877038363653501,
    0.810765856075579
  ],
  "amplification_iterations": [
    0,
    0,
    0,
    0,
    0,
    0,
    0
  ],
  "final_logical_error": 0.19595745479515314,
  "initial_logical_error": 0.35,
  "error_reduction_ratio": 0.5598784422718661,
  "timestamp": "2025-09-09T16:26:17.426016"
}