{
  "M": 10,
  "N": 64,
  "physical_error_rate": 0.1,
  "noise_type": "depolarizing",
  "logical_error_evolution": [
    0.6506855036891599,
    0.5800778416115648,
    0.49326485003517057,
    0.39259784004236603,
    0.2868686986801976,
    0.19020427039921703,
    0.11489257099360844
  ],
  "fidelity_evolution": [
    0.591028337993061,
    0.6480140109507162,
    0.711853320540706,
    0.779360096462241,
    0.8444710186381782,
    0.8998865092892452,
    0.9408014822513789
  ],
  "purity_evolution": [
    0.12243448988882068,
    0.17666354413231627,
    0.25701835210458024,
    0.3690880516279497,
    0.5086366963729866,
    0.6558044879655659,
    0.7834280644041705
  ],
  "success_probabilities": [
    0.5612172449444104,
    0.5612172449444104,
    0.5612172449444104,
    0.5612172449444104,
    0.5612172449444104,
    0.5612172449444104,
    0.5612172449444104,
    0.5612172449444104,
    0.5612172449444104,
    0.5612172449444104,
    0.5612172449444104,
    0.5612172449444104,
    0.5612172449444104,
    0.5612172449444104,
    0.5612172449444104,
    0.5612172449444104,
    0.5612172449444104,
    0.5612172449444104,
    0.5612172449444104,
    0.5612172449444104,
    0.5612172449444104,
    0.5612172449444104,
    0.5612172449444104,
    0.5612172449444104,
    0.5612172449444104,
    0.5612172449444104,
    0.5612172449444104,
    0.5612172449444104,
    0.5612172449444104,
    0.5612172449444104,
    0.5612172449444104,
    0.5612172449444104,
    0.5883317720661582,
    0.5883317720661582,
    0.5883317720661582,
    0.5883317720661582,
    0.5883317720661582,
    0.5883317720661582,
    0.5883317720661582,
    0.5883317720661582,
    0.5883317720661582,
    0.5883317720661582,
    0.5883317720661582,
    0.5883317720661582,
    0.5883317720661582,
    0.5883317720661582,
    0.5883317720661582,
    0.5883317720661582,
    0.6285091760522901,
    0.6285091760522901,
    0.6285091760522901,
    0.6285091760522901,
    0.6285091760522901,
    0.6285091760522901,
    0.6285091760522901,
    0.6285091760522901,
    0.6845440258139749,
    0.6845440258139749,
    0.6845440258139749,
    0.6845440258139749,
    0.7543183481864932,
    0.7543183481864932,
    0.827902243982783
  ],
  "amplification_iterations": [
    0,
    0,
    0,
    0,
    0,
    0,
    0,
    0,
    0,
    0,
    0,
    0,
    0,
    0,
    0,
    0,
    0,
    0,
    0,
    0,
    0,
    0,
    0,
    0,
    0,
    0,
    0,
    0,
    0,
    0,
    0,
    0,
    0,
    0,
    0,
    0,
    0,
    0,
    0,
    0,
    0,
    0,
    0,
    0,
    0,
    0,
    0,
    0,
    0,
    0,
    0,
    0,
    0,
    0,
    0,
    0,
    0,
    0,
    0,
    0,
    0,
    0,
    0
  ],
  "final_logical_error": 0.11489257099360844,
  "initial_logical_error": 0.6506855036891599,
  "error_reduction_ratio": 0.17657158541600762,
  "timestamp": "2025-09-09T16:57:41.992108"
}