{
  "M": 4,
  "N": 8,
  "physical_error_rate": 0.95,
  "noise_type": "depolarizing",
  "logical_error_evolution": [
    0.9374941406249999,
    0.937493795925724,
    0.9374934309463674,
    0.9374930444935416
  ],
  "fidelity_evolution": [
    0.25001171847535464,
    0.2500124078406429,
    0.2500131377620637,
    0.2500139106259057
  ],
  "purity_evolution": [
    0.0625000000366211,
    0.06250000004105655,
    0.06250000004602929,
    0.06250000005160433
  ],
  "success_probabilities": [
    0.5312500000183106,
    0.5312500000183106,
    0.5312500000183106,
    0.5312500000183106,
    0.5312500000205282,
    0.5312500000205282,
    0.5312500000230147
  ],
  "amplification_iterations": [
    0,
    0,
    0,
    0,
    0,
    0,
    0
  ],
  "final_logical_error": 0.9374930444935416,
  "initial_logical_error": 0.9374941406249999,
  "error_reduction_ratio": 0.9999988307858035,
  "timestamp": "2025-09-09T16:28:52.124093"
}