{
  "M": 5,
  "N": 32,
  "physical_error_rate": 0.9,
  "noise_type": "depolarizing",
  "logical_error_evolution": [
    0.9687403125,
    0.9687400188513269,
    0.9687397162987889,
    0.9687394045722386,
    0.968739083393322,
    0.968738752475227
  ],
  "fidelity_evolution": [
    0.17680409356120674,
    0.17680492399442174,
    0.17680577960352736,
    0.17680666115212168,
    0.17680756942698464,
    0.17680850523878333
  ],
  "purity_evolution": [
    0.031250000096874994,
    0.03125000010283699,
    0.03125000010916594,
    0.03125000011588446,
    0.031250000123016555,
    0.031250000130587666
  ],
  "success_probabilities": [
    0.5156250000484375,
    0.5156250000484375,
    0.5156250000484375,
    0.5156250000484375,
    0.5156250000484375,
    0.5156250000484375,
    0.5156250000484375,
    0.5156250000484375,
    0.5156250000484375,
    0.5156250000484375,
    0.5156250000484375,
    0.5156250000484375,
    0.5156250000484375,
    0.5156250000484375,
    0.5156250000484375,
    0.5156250000484375,
    0.5156250000514185,
    0.5156250000514185,
    0.5156250000514185,
    0.5156250000514185,
    0.5156250000514185,
    0.5156250000514185,
    0.5156250000514185,
    0.5156250000514185,
    0.515625000054583,
    0.515625000054583,
    0.515625000054583,
    0.515625000054583,
    0.5156250000579422,
    0.5156250000579422,
    0.5156250000615082
  ],
  "amplification_iterations": [
    0,
    0,
    0,
    0,
    0,
    0,
    0,
    0,
    0,
    0,
    0,
    0,
    0,
    0,
    0,
    0,
    0,
    0,
    0,
    0,
    0,
    0,
    0,
    0,
    0,
    0,
    0,
    0,
    0,
    0,
    0
  ],
  "final_logical_error": 0.968738752475227,
  "initial_logical_error": 0.9687403125,
  "error_reduction_ratio": 0.9999983896357435,
  "timestamp": "2025-09-09T16:11:15.395745"
}