{
  "M": 7,
  "N": 16,
  "physical_error_rate": 0.1,
  "noise_type": "depolarizing",
  "logical_error_evolution": [
    0.5176272945312497,
    0.4209102003098943,
    0.31592172275633634,
    0.21563085861857337,
    0.13369449843069614
  ],
  "fidelity_evolution": [
    0.6945305648196846,
    0.7609795001773082,
    0.8270902473392269,
    0.8856461716630556,
    0.9307553392644621
  ],
  "purity_evolution": [
    0.23479317513906622,
    0.33673999922894504,
    0.4687489676242914,
    0.6156010654411104,
    0.750625963930429
  ],
  "success_probabilities": [
    0.6173965875695331,
    0.6173965875695331,
    0.6173965875695331,
    0.6173965875695331,
    0.6173965875695331,
    0.6173965875695331,
    0.6173965875695331,
    0.6173965875695331,
    0.6683699996144725,
    0.6683699996144725,
    0.6683699996144725,
    0.6683699996144725,
    0.7343744838121458,
    0.7343744838121458,
    0.8078005327205552
  ],
  "amplification_iterations": [
    0,
    0,
    0,
    0,
    0,
    0,
    0,
    0,
    0,
    0,
    0,
    0,
    0,
    0,
    0
  ],
  "final_logical_error": 0.13369449843069614,
  "initial_logical_error": 0.5176272945312497,
  "error_reduction_ratio": 0.2582833243980431,
  "timestamp": "2025-09-09T16:26:36.922572"
}