{
  "M": 9,
  "N": 128,
  "physical_error_rate": 0.95,
  "noise_type": "depolarizing",
  "logical_error_evolution": [
    0.9980468749980508,
    0.9980468749980472,
    0.9980468749980433,
    0.9980468749980397,
    0.998046874998036,
    0.9980468749980324,
    0.9980468749980287,
    0.9980468749980249
  ],
  "fidelity_evolution": [
    0.044194173846212916,
    0.04419417384625591,
    0.04419417384629898,
    0.04419417384634214,
    0.04419417384638539,
    0.04419417384642871,
    0.04419417384647212,
    0.04419417384651562
  ],
  "purity_evolution": [
    0.001953125,
    0.001953125000000001,
    0.0019531249999999993,
    0.0019531250000000004,
    0.001953125000000001,
    0.0019531250000000017,
    0.001953125000000002,
    0.0019531250000000017
  ],
  "success_probabilities": [
    0.5009765625,
    0.5009765625,
    0.5009765625,
    0.5009765625,
    0.5009765625,
    0.5009765625,
    0.5009765625,
    0.5009765625,
    0.5009765625,
    0.5009765625,
    0.5009765625,
    0.5009765625,
    0.5009765625,
    0.5009765625,
    0.5009765625,
    0.5009765625,
    0.5009765625,
    0.5009765625,
    0.5009765625,
    0.5009765625,
    0.5009765625,
    0.5009765625,
    0.5009765625,
    0.5009765625,
    0.5009765625,
    0.5009765625,
    0.5009765625,
    0.5009765625,
    0.5009765625,
    0.5009765625,
    0.5009765625,
    0.5009765625,
    0.5009765625,
    0.5009765625,
    0.5009765625,
    0.5009765625,
    0.5009765625,
    0.5009765625,
    0.5009765625,
    0.5009765625,
    0.5009765625,
    0.5009765625,
    0.5009765625,
    0.5009765625,
    0.5009765625,
    0.5009765625,
    0.5009765625,
    0.5009765625,
    0.5009765625,
    0.5009765625,
    0.5009765625,
    0.5009765625,
    0.5009765625,
    0.5009765625,
    0.5009765625,
    0.5009765625,
    0.5009765625,
    0.5009765625,
    0.5009765625,
    0.5009765625,
    0.5009765625,
    0.5009765625,
    0.5009765625,
    0.5009765625,
    0.5009765625,
    0.5009765625,
    0.5009765625,
    0.5009765625,
    0.5009765625,
    0.5009765625,
    0.5009765625,
    0.5009765625,
    0.5009765625,
    0.5009765625,
    0.5009765625,
    0.5009765625,
    0.5009765625,
    0.5009765625,
    0.5009765625,
    0.5009765625,
    0.5009765625,
    0.5009765625,
    0.5009765625,
    0.5009765625,
    0.5009765625,
    0.5009765625,
    0.5009765625,
    0.5009765625,
    0.5009765625,
    0.5009765625,
    0.5009765625,
    0.5009765625,
    0.5009765625,
    0.5009765625,
    0.5009765625,
    0.5009765625,
    0.5009765625,
    0.5009765625,
    0.5009765625,
    0.5009765625,
    0.5009765625,
    0.5009765625,
    0.5009765625,
    0.5009765625,
    0.5009765625,
    0.5009765625,
    0.5009765625,
    0.5009765625,
    0.5009765625,
    0.5009765625,
    0.5009765625,
    0.5009765625,
    0.5009765625,
    0.5009765625,
    0.5009765625,
    0.5009765625,
    0.5009765625,
    0.5009765625,
    0.5009765625,
    0.5009765625,
    0.5009765625,
    0.5009765625,
    0.5009765625,
    0.5009765625,
    0.5009765625,
    0.5009765625,
    0.5009765625
  ],
  "amplification_iterations": [
    0,
    0,
    0,
    0,
    0,
    0,
    0,
    0,
    0,
    0,
    0,
    0,
    0,
    0,
    0,
    0,
    0,
    0,
    0,
    0,
    0,
    0,
    0,
    0,
    0,
    0,
    0,
    0,
    0,
    0,
    0,
    0,
    0,
    0,
    0,
    0,
    0,
    0,
    0,
    0,
    0,
    0,
    0,
    0,
    0,
    0,
    0,
    0,
    0,
    0,
    0,
    0,
    0,
    0,
    0,
    0,
    0,
    0,
    0,
    0,
    0,
    0,
    0,
    0,
    0,
    0,
    0,
    0,
    0,
    0,
    0,
    0,
    0,
    0,
    0,
    0,
    0,
    0,
    0,
    0,
    0,
    0,
    0,
    0,
    0,
    0,
    0,
    0,
    0,
    0,
    0,
    0,
    0,
    0,
    0,
    0,
    0,
    0,
    0,
    0,
    0,
    0,
    0,
    0,
    0,
    0,
    0,
    0,
    0,
    0,
    0,
    0,
    0,
    0,
    0,
    0,
    0,
    0,
    0,
    0,
    0,
    0,
    0,
    0,
    0,
    0,
    0
  ],
  "final_logical_error": 0.9980468749980249,
  "initial_logical_error": 0.9980468749980508,
  "error_reduction_ratio": 0.9999999999999741,
  "timestamp": "2025-09-09T16:34:18.663317"
}