{
  "M": 1,
  "N": 64,
  "physical_error_rate": 0.9,
  "noise_type": "depolarizing",
  "logical_error_evolution": [
    0.44999999999999996,
    0.4335548172757475,
    0.41192488743722633,
    0.38376869318517254,
    0.34776708891191377,
    0.30310674969180035,
    0.2503784231771741
  ],
  "fidelity_evolution": [
    0.7416198487095663,
    0.752625526224199,
    0.7668605561396241,
    0.7850040170692297,
    0.8076093802625662,
    0.8348013238538854,
    0.8658068934946325
  ],
  "purity_evolution": [
    0.5050000000000001,
    0.5088299246145186,
    0.5155144509058905,
    0.5270194333677652,
    0.5463497184367063,
    0.5775339040338546,
    0.6246218632310279
  ],
  "success_probabilities": [
    0.7525000000000001,
    0.7525000000000001,
    0.7525000000000001,
    0.7525000000000001,
    0.7525000000000001,
    0.7525000000000001,
    0.7525000000000001,
    0.7525000000000001,
    0.7525000000000001,
    0.7525000000000001,
    0.7525000000000001,
    0.7525000000000001,
    0.7525000000000001,
    0.7525000000000001,
    0.7525000000000001,
    0.7525000000000001,
    0.7525000000000001,
    0.7525000000000001,
    0.7525000000000001,
    0.7525000000000001,
    0.7525000000000001,
    0.7525000000000001,
    0.7525000000000001,
    0.7525000000000001,
    0.7525000000000001,
    0.7525000000000001,
    0.7525000000000001,
    0.7525000000000001,
    0.7525000000000001,
    0.7525000000000001,
    0.7525000000000001,
    0.7525000000000001,
    0.7544149623072594,
    0.7544149623072594,
    0.7544149623072594,
    0.7544149623072594,
    0.7544149623072594,
    0.7544149623072594,
    0.7544149623072594,
    0.7544149623072594,
    0.7544149623072594,
    0.7544149623072594,
    0.7544149623072594,
    0.7544149623072594,
    0.7544149623072594,
    0.7544149623072594,
    0.7544149623072594,
    0.7544149623072594,
    0.7577572254529452,
    0.7577572254529452,
    0.7577572254529452,
    0.7577572254529452,
    0.7577572254529452,
    0.7577572254529452,
    0.7577572254529452,
    0.7577572254529452,
    0.7635097166838827,
    0.7635097166838827,
    0.7635097166838827,
    0.7635097166838827,
    0.7731748592183532,
    0.7731748592183532,
    0.7887669520169274
  ],
  "amplification_iterations": [
    0,
    0,
    0,
    0,
    0,
    0,
    0,
    0,
    0,
    0,
    0,
    0,
    0,
    0,
    0,
    0,
    0,
    0,
    0,
    0,
    0,
    0,
    0,
    0,
    0,
    0,
    0,
    0,
    0,
    0,
    0,
    0,
    0,
    0,
    0,
    0,
    0,
    0,
    0,
    0,
    0,
    0,
    0,
    0,
    0,
    0,
    0,
    0,
    0,
    0,
    0,
    0,
    0,
    0,
    0,
    0,
    0,
    0,
    0,
    0,
    0,
    0,
    0
  ],
  "final_logical_error": 0.2503784231771741,
  "initial_logical_error": 0.44999999999999996,
  "error_reduction_ratio": 0.5563964959492759,
  "timestamp": "2025-09-09T16:28:47.446991"
}