{
  "M": 1,
  "N": 128,
  "physical_error_rate": 0.3,
  "noise_type": "depolarizing",
  "logical_error_evolution": [
    0.15000000000000002,
    0.09885386819484242,
    0.059624427955647014,
    0.033466177168806226,
    0.01787114456775986,
    0.0092577510755574,
    0.00471497447388404,
    0.0023797703810490996
  ],
  "fidelity_evolution": [
    0.9219544457292888,
    0.9492871703573991,
    0.9697296386335487,
    0.9831245205116154,
    0.9910241447271808,
    0.9953603613387679,
    0.9976397273194948,
    0.9988094060525016
  ],
  "purity_evolution": [
    0.7449999999999999,
    0.8218364381244816,
    0.8878612889067823,
    0.9353076156909752,
    0.964896466480804,
    0.9816559097588393,
    0.9906145130208106,
    0.9952517858520349
  ],
  "success_probabilities": [
    0.8724999999999999,
    0.8724999999999999,
    0.8724999999999999,
    0.8724999999999999,
    0.8724999999999999,
    0.8724999999999999,
    0.8724999999999999,
    0.8724999999999999,
    0.8724999999999999,
    0.8724999999999999,
    0.8724999999999999,
    0.8724999999999999,
    0.8724999999999999,
    0.8724999999999999,
    0.8724999999999999,
    0.8724999999999999,
    0.8724999999999999,
    0.8724999999999999,
    0.8724999999999999,
    0.8724999999999999,
    0.8724999999999999,
    0.8724999999999999,
    0.8724999999999999,
    0.8724999999999999,
    0.8724999999999999,
    0.8724999999999999,
    0.8724999999999999,
    0.8724999999999999,
    0.8724999999999999,
    0.8724999999999999,
    0.8724999999999999,
    0.8724999999999999,
    0.8724999999999999,
    0.8724999999999999,
    0.8724999999999999,
    0.8724999999999999,
    0.8724999999999999,
    0.8724999999999999,
    0.8724999999999999,
    0.8724999999999999,
    0.8724999999999999,
    0.8724999999999999,
    0.8724999999999999,
    0.8724999999999999,
    0.8724999999999999,
    0.8724999999999999,
    0.8724999999999999,
    0.8724999999999999,
    0.8724999999999999,
    0.8724999999999999,
    0.8724999999999999,
    0.8724999999999999,
    0.8724999999999999,
    0.8724999999999999,
    0.8724999999999999,
    0.8724999999999999,
    0.8724999999999999,
    0.8724999999999999,
    0.8724999999999999,
    0.8724999999999999,
    0.8724999999999999,
    0.8724999999999999,
    0.8724999999999999,
    0.8724999999999999,
    0.9109182190622408,
    0.9109182190622408,
    0.9109182190622408,
    0.9109182190622408,
    0.9109182190622408,
    0.9109182190622408,
    0.9109182190622408,
    0.9109182190622408,
    0.9109182190622408,
    0.9109182190622408,
    0.9109182190622408,
    0.9109182190622408,
    0.9109182190622408,
    0.9109182190622408,
    0.9109182190622408,
    0.9109182190622408,
    0.9109182190622408,
    0.9109182190622408,
    0.9109182190622408,
    0.9109182190622408,
    0.9109182190622408,
    0.9109182190622408,
    0.9109182190622408,
    0.9109182190622408,
    0.9109182190622408,
    0.9109182190622408,
    0.9109182190622408,
    0.9109182190622408,
    0.9109182190622408,
    0.9109182190622408,
    0.9109182190622408,
    0.9109182190622408,
    0.9439306444533911,
    0.9439306444533911,
    0.9439306444533911,
    0.9439306444533911,
    0.9439306444533911,
    0.9439306444533911,
    0.9439306444533911,
    0.9439306444533911,
    0.9439306444533911,
    0.9439306444533911,
    0.9439306444533911,
    0.9439306444533911,
    0.9439306444533911,
    0.9439306444533911,
    0.9439306444533911,
    0.9439306444533911,
    0.9676538078454876,
    0.9676538078454876,
    0.9676538078454876,
    0.9676538078454876,
    0.9676538078454876,
    0.9676538078454876,
    0.9676538078454876,
    0.9676538078454876,
    0.982448233240402,
    0.982448233240402,
    0.982448233240402,
    0.982448233240402,
    0.9908279548794197,
    0.9908279548794197,
    0.9953072565104053
  ],
  "amplification_iterations": [
    0,
    0,
    0,
    0,
    0,
    0,
    0,
    0,
    0,
    0,
    0,
    0,
    0,
    0,
    0,
    0,
    0,
    0,
    0,
    0,
    0,
    0,
    0,
    0,
    0,
    0,
    0,
    0,
    0,
    0,
    0,
    0,
    0,
    0,
    0,
    0,
    0,
    0,
    0,
    0,
    0,
    0,
    0,
    0,
    0,
    0,
    0,
    0,
    0,
    0,
    0,
    0,
    0,
    0,
    0,
    0,
    0,
    0,
    0,
    0,
    0,
    0,
    0,
    0,
    0,
    0,
    0,
    0,
    0,
    0,
    0,
    0,
    0,
    0,
    0,
    0,
    0,
    0,
    0,
    0,
    0,
    0,
    0,
    0,
    0,
    0,
    0,
    0,
    0,
    0,
    0,
    0,
    0,
    0,
    0,
    0,
    0,
    0,
    0,
    0,
    0,
    0,
    0,
    0,
    0,
    0,
    0,
    0,
    0,
    0,
    0,
    0,
    0,
    0,
    0,
    0,
    0,
    0,
    0,
    0,
    0,
    0,
    0,
    0,
    0,
    0,
    0
  ],
  "final_logical_error": 0.0023797703810490996,
  "initial_logical_error": 0.15000000000000002,
  "error_reduction_ratio": 0.01586513587366066,
  "timestamp": "2025-09-09T15:33:19.615152"
}