{
  "depolarizing": {
    "error_rates": [
      0.01,
      0.1,
      0.5,
      0.7,
      0.8,
      0.9,
      0.95,
      0.99
    ],
    "final_logical_errors": [
      7.968585996886792e-05,
      0.0009609460178190007,
      0.015082393932659283,
      0.0534236736464599,
      0.11263810068147194,
      0.2503784231771741,
      0.36393976577517656,
      0.47194346187633507
    ],
    "error_reduction_ratios": [
      0.015937171993773574,
      0.019218920356380027,
      0.06032957573063713,
      0.152639067561314,
      0.2815952517036798,
      0.5563964959492759,
      0.7661889805793191,
      0.9534211351037072
    ]
  },
  "dephasing_z": {
    "error_rates": [
      0.01,
      0.1,
      0.5,
      0.7,
      0.8,
      0.9,
      0.95,
      0.99
    ],
    "final_logical_errors": [
      0.0,
      0.0,
      0.0,
      0.0,
      0.0,
      0.0,
      0.0,
      0.0
    ],
    "error_reduction_ratios": [
      0,
      0,
      0,
      0,
      0,
      0,
      0,
      0
    ]
  },
  "dephasing_x": {
    "error_rates": [
      0.01,
      0.1,
      0.5,
      0.7,
      0.8,
      0.9,
      0.95,
      0.99
    ],
    "final_logical_errors": [
      0.00016258702577610646,
      0.002420885915612195,
      0.5,
      0.9724623675320404,
      0.991511361508812,
      0.9975791140843878,
      0.999039053982181,
      0.9998374129742239
    ],
    "error_reduction_ratios": [
      0.016258702577610636,
      0.02420885915612195,
      1.0,
      1.3892319536172006,
      1.2393892018860149,
      1.108421237871542,
      1.0516200568233485,
      1.0099367807820443
    ]
  }
}