{
  "depolarizing": {
    "error_rates": [
      0.01,
      0.1,
      0.5,
      0.7,
      0.8,
      0.9,
      0.95,
      0.99
    ],
    "final_logical_errors": [
      0.0004849437513283889,
      0.006721612793944267,
      0.2209342255635595,
      0.5515974609294134,
      0.6683666601520325,
      0.7308794387168958,
      0.7453055345878559,
      0.7498133297114765
    ],
    "error_reduction_ratios": [
      0.03249204364009295,
      0.04716921258908259,
      0.3927719565574391,
      0.8082014079551845,
      0.928287027988934,
      0.9843494124133275,
      0.9962312910113362,
      0.9998510913911077
    ]
  }
}