{
  "depolarizing": {
    "error_rates": [
      0.1,
      0.2,
      0.3,
      0.4,
      0.5,
      0.6,
      0.7,
      0.8,
      0.9
    ],
    "final_logical_errors": [
      0.0009609460178190007,
      0.002420885915612195,
      0.00471497447388404,
      0.008488638491187974,
      0.015082393932659283,
      0.027537632467959584,
      0.0534236736464599,
      0.11263810068147194,
      0.2503784231771741
    ],
    "error_reduction_ratios": [
      0.019218920356380027,
      0.02420885915612195,
      0.03143316315922693,
      0.042443192455939874,
      0.06032957573063713,
      0.09179210822653193,
      0.152639067561314,
      0.2815952517036798,
      0.5563964959492759
    ]
  },
  "dephasing_z": {
    "error_rates": [
      0.1,
      0.2,
      0.3,
      0.4,
      0.5,
      0.6,
      0.7,
      0.8,
      0.9
    ],
    "final_logical_errors": [
      0.0,
      0.0,
      0.0,
      0.0,
      0.0,
      0.0,
      0.0,
      0.0,
      0.0
    ],
    "error_reduction_ratios": [
      0,
      0,
      0,
      0,
      0,
      0,
      0,
      0,
      0
    ]
  },
  "dephasing_x": {
    "error_rates": [
      0.1,
      0.2,
      0.3,
      0.4,
      0.5,
      0.6,
      0.7,
      0.8,
      0.9
    ],
    "final_logical_errors": [
      0.002420885915612195,
      0.008488638491187974,
      0.027537632467959584,
      0.11263810068147194,
      0.5,
      0.887361899318528,
      0.9724623675320404,
      0.991511361508812,
      0.9975791140843878
    ],
    "error_reduction_ratios": [
      0.02420885915612195,
      0.042443192455939874,
      0.09179210822653193,
      0.2815952517036798,
      1.0,
      1.4789364988642135,
      1.3892319536172006,
      1.2393892018860149,
      1.108421237871542
    ]
  }
}