{
  "N_values": [
    4,
    8,
    16,
    32,
    64,
    128
  ],
  "streaming_memory": [
    2,
    3,
    4,
    5,
    6,
    7
  ],
  "standard_qec_memory": [
    4,
    8,
    16,
    32,
    64,
    128
  ],
  "theoretical_log_N": [
    2.0,
    3.0,
    4.0,
    5.0,
    6.0,
    7.0
  ],
  "memory_advantage": [
    2.0,
    2.6666666666666665,
    4.0,
    6.4,
    10.666666666666666,
    18.285714285714285
  ],
  "memory_efficiency": [
    1.0,
    1.0,
    1.0,
    1.0,
    1.0,
    1.0
  ],
  "gate_overhead_streaming": [
    16,
    48,
    128,
    320,
    768,
    1792
  ],
  "gate_overhead_standard": [
    40,
    80,
    160,
    320,
    640,
    1280
  ]
}