{
  "M1_N8": {
    "M": 1,
    "N": 8,
    "noise_type": "depolarizing",
    "error_rates": [
      0.1,
      0.2,
      0.30000000000000004,
      0.4,
      0.5,
      0.6,
      0.7000000000000001,
      0.8,
      0.9
    ],
    "final_logical_errors": [
      0.007487790810549484,
      0.018161044852027304,
      0.03346617716880623,
      0.05552274069698753,
      0.08731700282927327,
      0.13272104754700323,
      0.19595745479515322,
      0.27998595388191233,
      0.38376869318517254
    ],
    "error_reduction_ratios": [
      0.14975581621098977,
      0.18161044852027305,
      0.2231078477920415,
      0.2776137034849377,
      0.34926801131709306,
      0.44240349182334404,
      0.5598784422718662,
      0.6999648847047808,
      0.8528193181892724
    ]
  },
  "M1_N16": {
    "M": 1,
    "N": 16,
    "noise_type": "depolarizing",
    "error_rates": [
      0.1,
      0.2,
      0.30000000000000004,
      0.4,
      0.5,
      0.6,
      0.7000000000000001,
      0.8,
      0.9
    ],
    "final_logical_errors": [
      0.0038001707301427686,
      0.009413284561262024,
      0.017871144567759865,
      0.030924433981125474,
      0.05158128504231455,
      0.08494574100110652,
      0.1390937389431806,
      0.2244334381489054,
      0.34776708891191377
    ],
    "error_reduction_ratios": [
      0.07600341460285542,
      0.09413284561262025,
      0.11914096378506575,
      0.15462216990562738,
      0.2063251401692582,
      0.2831524700036884,
      0.3974106826948016,
      0.5610835953722635,
      0.7728157531375862
    ]
  },
  "M1_N32": {
    "M": 1,
    "N": 32,
    "noise_type": "depolarizing",
    "error_rates": [
      0.1,
      0.2,
      0.30000000000000004,
      0.4,
      0.5,
      0.6,
      0.7000000000000001,
      0.8,
      0.9
    ],
    "final_logical_errors": [
      0.0019145539972782238,
      0.004795665261973074,
      0.009257751075557402,
      0.016432838465105012,
      0.02851597732378479,
      0.04996449853443864,
      0.08999727799255694,
      0.16635883220815217,
      0.30310674969180035
    ],
    "error_reduction_ratios": [
      0.0382910799455645,
      0.04795665261973074,
      0.061718340503716,
      0.08216419232552506,
      0.11406390929513915,
      0.16654832844812878,
      0.257135079978734,
      0.41589708052038044,
      0.6735705548706675
    ]
  },
  "M2_N8": {
    "M": 2,
    "N": 8,
    "noise_type": "depolarizing",
    "error_rates": [
      0.1,
      0.2,
      0.30000000000000004,
      0.4,
      0.5,
      0.6,
      0.7000000000000001,
      0.8,
      0.9
    ],
    "final_logical_errors": [
      0.02553755741038894,
      0.07036275274161467,
      0.1442045987967351,
      0.2523088171323477,
      0.38471155781647304,
      0.5160425380345584,
      0.6227532302528745,
      0.6958079864887582,
      0.7368850822757063
    ],
    "error_reduction_ratios": [
      0.1792109291957119,
      0.2606027879319063,
      0.3770054870502879,
      0.5256433690257244,
      0.6839316583403965,
      0.8191151397373942,
      0.9124589454254572,
      0.9663999812343864,
      0.9924378212467424
    ]
  },
  "M2_N16": {
    "M": 2,
    "N": 16,
    "noise_type": "depolarizing",
    "error_rates": [
      0.1,
      0.2,
      0.30000000000000004,
      0.4,
      0.5,
      0.6,
      0.7000000000000001,
      0.8,
      0.9
    ],
    "final_logical_errors": [
      0.013209057229550836,
      0.038594777635823335,
      0.08689400343809106,
      0.17309074513170547,
      0.3039719662519453,
      0.45715619652407985,
      0.5914073649145151,
      0.683611270774758,
      0.7341732685241724
    ],
    "error_reduction_ratios": [
      0.09269513845298835,
      0.1429436208734198,
      0.22717386519762373,
      0.3606057190243864,
      0.540394606670125,
      0.7256447563874283,
      0.866530937603685,
      0.949460098298275,
      0.9887855468339022
    ]
  },
  "M2_N32": {
    "M": 2,
    "N": 32,
    "noise_type": "depolarizing",
    "error_rates": [
      0.1,
      0.2,
      0.30000000000000004,
      0.4,
      0.5,
      0.6,
      0.7000000000000001,
      0.8,
      0.9
    ],
    "final_logical_errors": [
      0.006721612793944267,
      0.02030931382730664,
      0.048691314927139656,
      0.10808906168313713,
      0.2209342255635595,
      0.38613457219775393,
      0.5515974609294135,
      0.6683666601520325,
      0.7308794387168958
    ],
    "error_reduction_ratios": [
      0.04716921258908259,
      0.07521968084187647,
      0.127297555365071,
      0.22518554517320233,
      0.3927719565574391,
      0.6129120193615142,
      0.8082014079551847,
      0.928287027988934,
      0.9843494124133275
    ]
  }
}