{
  "M": 2,
  "N": 32,
  "noise_type": "depolarizing",
  "error_rate_curves": {
    "delta_0.010": {
      "error_rate": 0.01,
      "logical_error_evolution": [
        0.01492500000000005,
        0.007612106196162177,
        0.003844829182649036,
        0.0019322886533919739,
        0.0009686358896520737,
        0.0004849437513283889
      ],
      "fidelity_evolution": [
        0.99250944579888,
        0.996186676182651,
        0.9980757340088732,
        0.9990333885044123,
        0.999515564716402,
        0.9997574987209007
      ],
      "purity_evolution": [
        0.9704470074999997,
        0.9848530464886646,
        0.9923300519166269,
        0.9961404010124693,
        0.9980639792280115,
        0.9990304260579326
      ],
      "levels": [
        0,
        1,
        2,
        3,
        4,
        5
      ],
      "final_logical_error": 0.0004849437513283889,
      "initial_logical_error": 0.01492500000000005,
      "error_reduction_ratio": 0.03249204364009295
    },
    "delta_0.100": {
      "error_rate": 0.1,
      "logical_error_evolution": [
        0.14249999999999996,
        0.085684456754158,
        0.04793884048160976,
        0.02553755741038894,
        0.013209057229550836,
        0.006721612793944267
      ],
      "fidelity_evolution": [
        0.9260129588726067,
        0.9561984852769022,
        0.9757362141062462,
        0.9871486426013112,
        0.9933735162417253,
        0.9966335270329089
      ],
      "purity_evolution": [
        0.7420749999999999,
        0.8384201879973576,
        0.9071864956057422,
        0.9497944409638741,
        0.9738145244647566,
        0.986617014516847
      ],
      "levels": [
        0,
        1,
        2,
        3,
        4,
        5
      ],
      "final_logical_error": 0.006721612793944267,
      "initial_logical_error": 0.14249999999999996,
      "error_reduction_ratio": 0.04716921258908259
    },
    "delta_0.500": {
      "error_rate": 0.5,
      "logical_error_evolution": [
        0.5625,
        0.5150602409638554,
        0.4559468648041016,
        0.38471155781647304,
        0.3039719662519453,
        0.2209342255635595
      ],
      "fidelity_evolution": [
        0.6614378277661477,
        0.6963761620246234,
        0.7375995764613061,
        0.7844032395289599,
        0.8342829458571323,
        0.8826470270931865
      ],
      "purity_evolution": [
        0.296875,
        0.3235955871679489,
        0.3652896617580496,
        0.4279141946571569,
        0.5152546758522076,
        0.6232141249067072
      ],
      "levels": [
        0,
        1,
        2,
        3,
        4,
        5
      ],
      "final_logical_error": 0.2209342255635595,
      "initial_logical_error": 0.5625,
      "error_reduction_ratio": 0.3927719565574391
    },
    "delta_0.700": {
      "error_rate": 0.7,
      "logical_error_evolution": [
        0.6825,
        0.6669735087474871,
        0.64744580810981,
        0.6227532302528744,
        0.591407364914515,
        0.5515974609294134
      ],
      "fidelity_evolution": [
        0.5634713834792323,
        0.5770844749709637,
        0.5937627404024187,
        0.6142041759440631,
        0.639212511677834,
        0.6696286575935849
      ],
      "purity_evolution": [
        0.25607500000000005,
        0.25919119766627147,
        0.26402314969899987,
        0.2715889872147707,
        0.28353549853781046,
        0.3024847566795409
      ],
      "levels": [
        0,
        1,
        2,
        3,
        4,
        5
      ],
      "final_logical_error": 0.5515974609294134,
      "initial_logical_error": 0.6825,
      "error_reduction_ratio": 0.8082014079551845
    },
    "delta_0.800": {
      "error_rate": 0.8,
      "logical_error_evolution": [
        0.72,
        0.7135549872122762,
        0.7056204669439625,
        0.6958079864887582,
        0.683611270774758,
        0.6683666601520325
      ],
      "fidelity_evolution": [
        0.5291502622129182,
        0.535205579929548,
        0.5425675377831202,
        0.5515360491493206,
        0.5624844257623869,
        0.5758761497474674
      ],
      "purity_evolution": [
        0.2512,
        0.25177098527612984,
        0.25262605727236265,
        0.2539156991045368,
        0.2558766178241901,
        0.2588853362329784
      ],
      "levels": [
        0,
        1,
        2,
        3,
        4,
        5
      ],
      "final_logical_error": 0.6683666601520325,
      "initial_logical_error": 0.72,
      "error_reduction_ratio": 0.928287027988934
    },
    "delta_0.900": {
      "error_rate": 0.9,
      "logical_error_evolution": [
        0.7425,
        0.7409705417674939,
        0.7391221128711695,
        0.7368850822757063,
        0.7341732685241724,
        0.7308794387168958
      ],
      "fidelity_evolution": [
        0.507444578254611,
        0.508949367061701,
        0.5107620650839592,
        0.5129472855219078,
        0.5155838743364919,
        0.5187683117569
      ],
      "purity_evolution": [
        0.250075,
        0.2501087081546301,
        0.2501577712378501,
        0.2502293347558866,
        0.25033398057227724,
        0.25048746115170784
      ],
      "levels": [
        0,
        1,
        2,
        3,
        4,
        5
      ],
      "final_logical_error": 0.7308794387168958,
      "initial_logical_error": 0.7425,
      "error_reduction_ratio": 0.9843494124133275
    },
    "delta_0.950": {
      "error_rate": 0.95,
      "logical_error_evolution": [
        0.7481249999999999,
        0.7477481334444995,
        0.7472950702826733,
        0.7467502074914101,
        0.7460946603701812,
        0.7453055345878559
      ],
      "fidelity_evolution": [
        0.5018714974971183,
        0.5022468183627453,
        0.5026976523889153,
        0.5032392994476781,
        0.5038902059276592,
        0.5046726319230558
      ],
      "purity_evolution": [
        0.25000468750000004,
        0.2500067612039783,
        0.2500097555263676,
        0.2500140815351319,
        0.2500203355701657,
        0.2500293840073411
      ],
      "levels": [
        0,
        1,
        2,
        3,
        4,
        5
      ],
      "final_logical_error": 0.7453055345878559,
      "initial_logical_error": 0.7481249999999999,
      "error_reduction_ratio": 0.9962312910113362
    },
    "delta_0.990": {
      "error_rate": 0.99,
      "logical_error_evolution": [
        0.7499250000000001,
        0.7499099970005401,
        0.7498919920812933,
        0.7498703842774526,
        0.749844452175605,
        0.7498133297114765
      ],
      "fidelity_evolution": [
        0.5000749943758436,
        0.5000899949003779,
        0.5001079962555155,
        0.5001295989266656,
        0.5001555236367935,
        0.5001866354557302
      ],
      "purity_evolution": [
        0.2500000075,
        0.25000001080071993,
        0.25000001555428075,
        0.25000002240031405,
        0.2500000322601676,
        0.2500000464610621
      ],
      "levels": [
        0,
        1,
        2,
        3,
        4,
        5
      ],
      "final_logical_error": 0.7498133297114765,
      "initial_logical_error": 0.7499250000000001,
      "error_reduction_ratio": 0.9998510913911077
    }
  }
}