{
  "M": 2,
  "N": 32,
  "noise_type": "depolarizing",
  "error_rate_curves": {
    "delta_0.100": {
      "error_rate": 0.1,
      "logical_error_evolution": [
        0.14249999999999996,
        0.085684456754158,
        0.04793884048160976,
        0.02553755741038894,
        0.013209057229550836,
        0.006721612793944267
      ],
      "fidelity_evolution": [
        0.9260129588726067,
        0.9561984852769022,
        0.9757362141062462,
        0.9871486426013112,
        0.9933735162417253,
        0.9966335270329089
      ],
      "purity_evolution": [
        0.7420749999999999,
        0.8384201879973576,
        0.9071864956057422,
        0.9497944409638741,
        0.9738145244647566,
        0.986617014516847
      ],
      "levels": [
        0,
        1,
        2,
        3,
        4,
        5
      ],
      "final_logical_error": 0.006721612793944267,
      "initial_logical_error": 0.14249999999999996,
      "error_reduction_ratio": 0.04716921258908259
    },
    "delta_0.200": {
      "error_rate": 0.2,
      "logical_error_evolution": [
        0.2699999999999999,
        0.18899306447469816,
        0.12032497189168123,
        0.07036275274161467,
        0.038594777635823335,
        0.02030931382730664
      ],
      "fidelity_evolution": [
        0.8544003745317532,
        0.9005592348786957,
        0.9379099253704051,
        0.9641769792203013,
        0.9805127344222393,
        0.9897932542570157
      ],
      "purity_evolution": [
        0.5572000000000001,
        0.6696383756099867,
        0.7786541880309494,
        0.8658757171479409,
        0.9247965205426982,
        0.9599313299829013
      ],
      "levels": [
        0,
        1,
        2,
        3,
        4,
        5
      ],
      "final_logical_error": 0.02030931382730664,
      "initial_logical_error": 0.2699999999999999,
      "error_reduction_ratio": 0.07521968084187647
    },
    "delta_0.300": {
      "error_rate": 0.3,
      "logical_error_evolution": [
        0.38249999999999995,
        0.30157072181528943,
        0.21861646855515907,
        0.1442045987967351,
        0.08689400343809106,
        0.048691314927139656
      ],
      "fidelity_evolution": [
        0.7858116822750855,
        0.8357208135404494,
        0.8839590100478872,
        0.9250921041730196,
        0.9555657991796843,
        0.9753505447134688
      ],
      "purity_evolution": [
        0.4300749999999999,
        0.5181184233776808,
        0.626491276654387,
        0.7393174241586994,
        0.8362794169018163,
        0.9057784956781657
      ],
      "levels": [
        0,
        1,
        2,
        3,
        4,
        5
      ],
      "final_logical_error": 0.048691314927139656,
      "initial_logical_error": 0.38249999999999995,
      "error_reduction_ratio": 0.127297555365071
    },
    "delta_0.500": {
      "error_rate": 0.5,
      "logical_error_evolution": [
        0.5625,
        0.5150602409638554,
        0.4559468648041016,
        0.38471155781647304,
        0.3039719662519453,
        0.2209342255635595
      ],
      "fidelity_evolution": [
        0.6614378277661477,
        0.6963761620246234,
        0.7375995764613061,
        0.7844032395289599,
        0.8342829458571323,
        0.8826470270931865
      ],
      "purity_evolution": [
        0.296875,
        0.3235955871679489,
        0.3652896617580496,
        0.4279141946571569,
        0.5152546758522076,
        0.6232141249067072
      ],
      "levels": [
        0,
        1,
        2,
        3,
        4,
        5
      ],
      "final_logical_error": 0.2209342255635595,
      "initial_logical_error": 0.5625,
      "error_reduction_ratio": 0.3927719565574391
    },
    "delta_0.700": {
      "error_rate": 0.7,
      "logical_error_evolution": [
        0.6825,
        0.6669735087474871,
        0.64744580810981,
        0.6227532302528744,
        0.591407364914515,
        0.5515974609294134
      ],
      "fidelity_evolution": [
        0.5634713834792323,
        0.5770844749709637,
        0.5937627404024187,
        0.6142041759440631,
        0.639212511677834,
        0.6696286575935849
      ],
      "purity_evolution": [
        0.25607500000000005,
        0.25919119766627147,
        0.26402314969899987,
        0.2715889872147707,
        0.28353549853781046,
        0.3024847566795409
      ],
      "levels": [
        0,
        1,
        2,
        3,
        4,
        5
      ],
      "final_logical_error": 0.5515974609294134,
      "initial_logical_error": 0.6825,
      "error_reduction_ratio": 0.8082014079551845
    },
    "delta_0.900": {
      "error_rate": 0.9,
      "logical_error_evolution": [
        0.7425,
        0.7409705417674939,
        0.7391221128711695,
        0.7368850822757063,
        0.7341732685241724,
        0.7308794387168958
      ],
      "fidelity_evolution": [
        0.507444578254611,
        0.508949367061701,
        0.5107620650839592,
        0.5129472855219078,
        0.5155838743364919,
        0.5187683117569
      ],
      "purity_evolution": [
        0.250075,
        0.2501087081546301,
        0.2501577712378501,
        0.2502293347558866,
        0.25033398057227724,
        0.25048746115170784
      ],
      "levels": [
        0,
        1,
        2,
        3,
        4,
        5
      ],
      "final_logical_error": 0.7308794387168958,
      "initial_logical_error": 0.7425,
      "error_reduction_ratio": 0.9843494124133275
    }
  }
}