{
  "M": 1,
  "N": 32,
  "noise_type": "depolarizing",
  "error_rate_curves": {
    "delta_0.100": {
      "error_rate": 0.1,
      "logical_error_evolution": [
        0.04999999999999997,
        0.027559055118110215,
        0.014549190118973637,
        0.007487790810549484,
        0.0038001707301427686,
        0.0019145539972782238
      ],
      "fidelity_evolution": [
        0.9746794344808964,
        0.9861242035777693,
        0.9926987508207242,
        0.9962490698562536,
        0.9980981060346008,
        0.9990422643725949
      ],
      "purity_evolution": [
        0.905,
        0.9464008928017857,
        0.9713249776282888,
        0.985136552401346,
        0.9924285411348708,
        0.9961782230394605
      ],
      "levels": [
        0,
        1,
        2,
        3,
        4,
        5
      ],
      "final_logical_error": 0.0019145539972782238,
      "initial_logical_error": 0.04999999999999997,
      "error_reduction_ratio": 0.0382910799455645
    },
    "delta_0.200": {
      "error_rate": 0.2,
      "logical_error_evolution": [
        0.09999999999999999,
        0.06043956043956045,
        0.03397561053676029,
        0.018161044852027304,
        0.009413284561262024,
        0.004795665261973074
      ],
      "fidelity_evolution": [
        0.9486832980505138,
        0.969309258988296,
        0.9828653974289865,
        0.9908778709548279,
        0.9952822290379438,
        0.9975992856543288
      ],
      "purity_evolution": [
        0.8200000000000001,
        0.8864267600531337,
        0.9343574631491705,
        0.9643375573961801,
        0.9813506507299385,
        0.9904546662866636
      ],
      "levels": [
        0,
        1,
        2,
        3,
        4,
        5
      ],
      "final_logical_error": 0.004795665261973074,
      "initial_logical_error": 0.09999999999999999,
      "error_reduction_ratio": 0.04795665261973074
    },
    "delta_0.300": {
      "error_rate": 0.3,
      "logical_error_evolution": [
        0.15000000000000002,
        0.09885386819484242,
        0.059624427955647014,
        0.033466177168806226,
        0.01787114456775986,
        0.0092577510755574
      ],
      "fidelity_evolution": [
        0.9219544457292888,
        0.9492871703573991,
        0.9697296386335487,
        0.9831245205116154,
        0.9910241447271808,
        0.9953603613387679
      ],
      "purity_evolution": [
        0.7449999999999999,
        0.8218364381244816,
        0.8878612889067823,
        0.9353076156909752,
        0.964896466480804,
        0.9816559097588393
      ],
      "levels": [
        0,
        1,
        2,
        3,
        4,
        5
      ],
      "final_logical_error": 0.0092577510755574,
      "initial_logical_error": 0.15000000000000002,
      "error_reduction_ratio": 0.061718340503715996
    },
    "delta_0.500": {
      "error_rate": 0.5,
      "logical_error_evolution": [
        0.25,
        0.1923076923076923,
        0.13572679509632224,
        0.08731700282927327,
        0.05158128504231455,
        0.02851597732378479
      ],
      "fidelity_evolution": [
        0.8660254037844386,
        0.8987170342729172,
        0.9296629523131906,
        0.9553444390222443,
        0.9738679145334266,
        0.985638890606603
      ],
      "purity_evolution": [
        0.625,
        0.6893491124260356,
        0.7653899356215936,
        0.8406145123076281,
        0.9021586878486039,
        0.9445943672778918
      ],
      "levels": [
        0,
        1,
        2,
        3,
        4,
        5
      ],
      "final_logical_error": 0.02851597732378479,
      "initial_logical_error": 0.25,
      "error_reduction_ratio": 0.11406390929513915
    },
    "delta_0.700": {
      "error_rate": 0.7,
      "logical_error_evolution": [
        0.35,
        0.3058252427184466,
        0.2534926855535944,
        0.19595745479515314,
        0.13909373894318047,
        0.08999727799255686
      ],
      "fidelity_evolution": [
        0.806225774829855,
        0.8331715053226156,
        0.86400654768723,
        0.8966841948004028,
        0.9278503441055672,
        0.9539406281354428
      ],
      "purity_evolution": [
        0.545,
        0.5754076727307004,
        0.6215317121511581,
        0.6848837385892828,
        0.7605066585400264,
        0.8362044641070254
      ],
      "levels": [
        0,
        1,
        2,
        3,
        4,
        5
      ],
      "final_logical_error": 0.08999727799255686,
      "initial_logical_error": 0.35,
      "error_reduction_ratio": 0.2571350799787339
    },
    "delta_0.900": {
      "error_rate": 0.9,
      "logical_error_evolution": [
        0.44999999999999996,
        0.4335548172757475,
        0.41192488743722633,
        0.38376869318517254,
        0.34776708891191377,
        0.30310674969180035
      ],
      "fidelity_evolution": [
        0.7416198487095663,
        0.752625526224199,
        0.7668605561396241,
        0.7850040170692297,
        0.8076093802625662,
        0.8348013238538854
      ],
      "purity_evolution": [
        0.5050000000000001,
        0.5088299246145186,
        0.5155144509058905,
        0.5270194333677652,
        0.5463497184367063,
        0.5775339040338546
      ],
      "levels": [
        0,
        1,
        2,
        3,
        4,
        5
      ],
      "final_logical_error": 0.30310674969180035,
      "initial_logical_error": 0.44999999999999996,
      "error_reduction_ratio": 0.6735705548706675
    }
  }
}