{
  "purity_levels": [
    0.1,
    0.15000000000000002,
    0.2,
    0.25,
    0.30000000000000004,
    0.35,
    0.4,
    0.45000000000000007,
    0.5,
    0.55,
    0.6,
    0.65,
    0.7000000000000001,
    0.75,
    0.8,
    0.85,
    0.9
  ],
  "initial_success_probs": [
    0.7525000000000001,
    0.755625,
    0.76,
    0.765625,
    0.7725,
    0.780625,
    0.79,
    0.800625,
    0.8125,
    0.8256249999999999,
    0.84,
    0.8556250000000001,
    0.8725,
    0.890625,
    0.91,
    0.930625,
    0.9525
  ],
  "optimal_iterations": [
    0,
    0,
    0,
    0,
    0,
    0,
    0,
    0,
    0,
    0,
    0,
    0,
    0,
    0,
    0,
    0,
    0
  ],
  "actual_iterations_used": [
    0,
    0,
    0,
    0,
    0,
    0,
    0,
    0,
    0,
    0,
    0,
    0,
    0,
    0,
    0,
    0,
    0
  ],
  "final_success_probs": [
    0.7525000000000001,
    0.7556249999999999,
    0.7599999999999999,
    0.765625,
    0.7724999999999999,
    0.780625,
    0.79,
    0.8006250000000001,
    0.8124999999999999,
    0.8256249999999999,
    0.84,
    0.8556250000000001,
    0.8725000000000002,
    0.890625,
    0.91,
    0.9306249999999999,
    0.9524999999999999
  ],
  "amplification_gains": [
    1.0,
    0.9999999999999999,
    0.9999999999999999,
    1.0,
    0.9999999999999999,
    1.0,
    1.0,
    1.0000000000000002,
    0.9999999999999999,
    1.0,
    1.0,
    1.0,
    1.0000000000000002,
    1.0,
    1.0,
    0.9999999999999999,
    0.9999999999999999
  ],
  "gate_overheads": [
    0,
    0,
    0,
    0,
    0,
    0,
    0,
    0,
    0,
    0,
    0,
    0,
    0,
    0,
    0,
    0,
    0
  ],
  "efficiency_ratios": [
    1,
    1,
    1,
    1,
    1,
    1,
    1,
    1,
    1,
    1,
    1,
    1,
    1,
    1,
    1,
    1,
    1
  ]
}